pathway_id	pathway_name	pathway_bg_count	pathway_test_count	expected	fold_enrichment	p_value	overlap_genes	p_adj_bh
path:sbi00350	Tyrosine metabolism - Sorghum bicolor (sorghum)	7	5	1.30754066042385	3.82397286091217	0.00334793327893424	SORBI_3001G263900;SORBI_3001G264000;SORBI_3002G104200;SORBI_3005G152200;SORBI_3008G005300	0.120525598041633
path:sbi00360	Phenylalanine metabolism - Sorghum bicolor (sorghum)	5	3	0.933957614588467	3.21213720316623	0.0480632169305309	SORBI_3002G104200;SORBI_3005G152200;SORBI_3008G005300	0.247182258499873
path:sbi00630	Glyoxylate and dicarboxylate metabolism - Sorghum bicolor (sorghum)	5	3	0.933957614588467	3.21213720316623	0.0480632169305309	SORBI_3006G000100;SORBI_3008G062500;SORBI_3010G141600	0.247182258499873
path:sbi03018	RNA degradation - Sorghum bicolor (sorghum)	5	3	0.933957614588467	3.21213720316623	0.0480632169305309	SORBI_3001G021800;SORBI_3003G367900;SORBI_3006G139100	0.247182258499873
path:sbi00040	Pentose and glucuronate interconversions - Sorghum bicolor (sorghum)	7	4	1.30754066042385	3.05917828872974	0.0260944788086989	SORBI_3003G355500;SORBI_3003G355600;SORBI_3007G112400;SORBI_3008G131300	0.247182258499873
path:sbi00480	Glutathione metabolism - Sorghum bicolor (sorghum)	16	7	2.9886643666831	2.34218337730871	0.0182298332871218	SORBI_3001G318000;SORBI_3001G318500;SORBI_3001G318700;SORBI_3001G319300;SORBI_3001G319500;SORBI_3003G426500;SORBI_3003G426600	0.247182258499873
path:sbi01100	Metabolic pathways - Sorghum bicolor (sorghum)	255	59	47.6318383440118	1.23866728749547	0.0330365260552536	SORBI_3001G022900;SORBI_3001G122200;SORBI_3001G221500;SORBI_3001G221900;SORBI_3001G222600;SORBI_3001G247600;SORBI_3001G247700;SORBI_3001G263900;SORBI_3001G264000;SORBI_3001G318000;SORBI_3001G318500;SORBI_3001G318700;SORBI_3001G319300;SORBI_3001G319500;SORBI_3001G320200;SORBI_3002G043500;SORBI_3002G104200;SORBI_3002G205300;SORBI_3003G165800;SORBI_3003G355500;SORBI_3003G355600;SORBI_3003G360700;SORBI_3003G426500;SORBI_3003G426600;SORBI_3003G427300;SORBI_3004G140300;SORBI_3004G176200;SORBI_3004G205100;SORBI_3004G208700;SORBI_3005G011300;SORBI_3005G011500;SORBI_3005G146300;SORBI_3005G152200;SORBI_3005G202500;SORBI_3006G000100;SORBI_3006G001000;SORBI_3006G035500;SORBI_3006G044200;SORBI_3006G047300;SORBI_3006G048700;SORBI_3006G049200;SORBI_3006G277700;SORBI_3006G278500;SORBI_3007G071500;SORBI_3007G112400;SORBI_3008G005300;SORBI_3008G016900;SORBI_3008G062300;SORBI_3008G062400;SORBI_3008G062500;SORBI_3008G131300;SORBI_3008G132700;SORBI_3009G069600;SORBI_3009G069800;SORBI_3009G111400;SORBI_3010G124900;SORBI_3010G141600;SORBI_3010G147500;SORBI_3010G149700	0.247182258499873
path:sbi00562	Inositol phosphate metabolism - Sorghum bicolor (sorghum)	6	3	1.12074913750616	2.67678100263852	0.0830299810693713	SORBI_3004G176200;SORBI_3008G062300;SORBI_3008G062400	0.281261306956057
path:sbi00561	Glycerolipid metabolism - Sorghum bicolor (sorghum)	9	4	1.68112370625924	2.37936089123424	0.0687665723324418	SORBI_3003G355500;SORBI_3003G355600;SORBI_3003G360700;SORBI_3010G193300	0.281261306956057
path:sbi00620	Pyruvate metabolism - Sorghum bicolor (sorghum)	13	5	2.42828979793001	2.05906230972194	0.0771753018305353	SORBI_3001G263900;SORBI_3001G264000;SORBI_3003G355500;SORBI_3003G355600;SORBI_3009G069600	0.281261306956057
path:sbi03010	Ribosome - Sorghum bicolor (sorghum)	34	10	6.35091177920158	1.5745770603756	0.0859409549032398	SORBI_3001G225700;SORBI_3003G205400;SORBI_3004G103700;SORBI_3007G071300;SORBI_3009G050300;SORBI_3009G237200;SORBI_3010G103900;SORBI_3010G125100	0.281261306956057
path:sbi03015	mRNA surveillance pathway - Sorghum bicolor (sorghum)	7	3	1.30754066042385	2.2943837165473	0.125731607764875	SORBI_3001G220300;SORBI_3003G427100;SORBI_3006G139100	0.301755858635701
path:sbi04070	Phosphatidylinositol signaling system - Sorghum bicolor (sorghum)	7	3	1.30754066042385	2.2943837165473	0.125731607764875	SORBI_3004G176200;SORBI_3008G062300;SORBI_3008G062400	0.301755858635701
path:sbi04814	Motor proteins - Sorghum bicolor (sorghum)	7	3	1.30754066042385	2.2943837165473	0.125731607764875	SORBI_3001G022800;SORBI_3003G185300;SORBI_3003G367300	0.301755858635701
path:sbi00010	Glycolysis / Gluconeogenesis - Sorghum bicolor (sorghum)	18	6	3.36224741251848	1.78452066842568	0.101777995985549	SORBI_3001G263900;SORBI_3001G264000;SORBI_3003G355500;SORBI_3003G355600;SORBI_3004G205100;SORBI_3009G069800	0.301755858635701
path:sbi01200	Carbon metabolism - Sorghum bicolor (sorghum)	20	6	3.73583045835387	1.60606860158311	0.153755897960387	SORBI_3004G205100;SORBI_3006G000100;SORBI_3008G062500;SORBI_3009G069600;SORBI_3009G069800;SORBI_3010G141600	0.325600725092584
path:sbi04075	Plant hormone signal transduction - Sorghum bicolor (sorghum)	33	9	6.16412025628388	1.46006236507556	0.146656960273813	SORBI_3001G259400;SORBI_3001G259600;SORBI_3002G105300;SORBI_3003G368300;SORBI_3006G279100;SORBI_3007G109400;SORBI_3008G096000;SORBI_3009G050400;SORBI_3010G146400	0.325600725092584
path:sbi00053	Ascorbate and aldarate metabolism - Sorghum bicolor (sorghum)	8	3	1.49433218334155	2.00758575197889	0.174397101611127	SORBI_3001G247600;SORBI_3003G355500;SORBI_3003G355600	0.330436613578977
path:sbi00592	alpha-Linolenic acid metabolism - Sorghum bicolor (sorghum)	8	3	1.49433218334155	2.00758575197889	0.174397101611127	SORBI_3001G263900;SORBI_3001G264000;SORBI_3009G111400	0.330436613578977
path:sbi01240	Biosynthesis of cofactors - Sorghum bicolor (sorghum)	22	6	4.10941350418926	1.46006236507556	0.215050514453575	SORBI_3001G221500;SORBI_3001G247600;SORBI_3002G104200;SORBI_3003G355500;SORBI_3003G355600;SORBI_3003G427300	0.387090926016434
path:sbi00062	Fatty acid elongation - Sorghum bicolor (sorghum)	10	3	1.86791522917693	1.60606860158311	0.282477900593023	SORBI_3001G221900;SORBI_3001G247700;SORBI_3010G124900	0.44213932266734
path:sbi00564	Glycerophospholipid metabolism - Sorghum bicolor (sorghum)	10	3	1.86791522917693	1.60606860158311	0.282477900593023	SORBI_3001G320200;SORBI_3003G360700;SORBI_3010G193300	0.44213932266734
path:sbi00520	Amino sugar and nucleotide sugar metabolism - Sorghum bicolor (sorghum)	19	5	3.54903893543618	1.40883210665185	0.273126031757274	SORBI_3001G247600;SORBI_3004G208700;SORBI_3006G044200;SORBI_3008G016900;SORBI_3009G069800	0.44213932266734
path:sbi03040	Spliceosome - Sorghum bicolor (sorghum)	15	4	2.8018728437654	1.42761653474055	0.30247004571272	SORBI_3001G419300;SORBI_3003G367900;SORBI_3004G206300;SORBI_3008G103900	0.453705068569081
path:sbi01212	Fatty acid metabolism - Sorghum bicolor (sorghum)	11	3	2.05470675209463	1.46006236507556	0.338694637173518	SORBI_3006G048700;SORBI_3009G111400;SORBI_3010G124900	0.468961805317179
path:sbi01110	Biosynthesis of secondary metabolites - Sorghum bicolor (sorghum)	163	33	30.447018235584	1.08384997652848	0.328155914831724	SORBI_3001G221500;SORBI_3001G221900;SORBI_3001G222700;SORBI_3001G247600;SORBI_3001G247700;SORBI_3001G263900;SORBI_3001G264000;SORBI_3001G320200;SORBI_3002G043500;SORBI_3002G205300;SORBI_3003G355500;SORBI_3003G355600;SORBI_3003G360700;SORBI_3004G140300;SORBI_3004G175800;SORBI_3004G205100;SORBI_3005G011300;SORBI_3005G011500;SORBI_3005G152200;SORBI_3005G202500;SORBI_3006G000100;SORBI_3006G001000;SORBI_3006G049200;SORBI_3006G277700;SORBI_3008G005300;SORBI_3008G062500;SORBI_3008G132700;SORBI_3009G069800;SORBI_3009G111400;SORBI_3010G124900;SORBI_3010G147500;SORBI_3010G149700;SORBI_3010G193300	0.468961805317179
path:sbi01250	Biosynthesis of nucleotide sugars - Sorghum bicolor (sorghum)	12	3	2.24149827501232	1.33839050131926	0.394601844315733	SORBI_3001G247600;SORBI_3008G016900;SORBI_3009G069800	0.505332147409738
path:sbi00130	Ubiquinone and other terpenoid-quinone biosynthesis - Sorghum bicolor (sorghum)	13	3	2.42828979793001	1.23543738583316	0.449184131030878	SORBI_3002G104200;SORBI_3005G152200;SORBI_3008G005300	0.505332147409738
path:sbi04016	MAPK signaling pathway - plant - Sorghum bicolor (sorghum)	13	3	2.42828979793001	1.23543738583316	0.449184131030878	SORBI_3002G105300;SORBI_3006G279100;SORBI_3009G050400	0.505332147409738
path:sbi04145	Phagocytosis - Sorghum bicolor (sorghum)	13	3	2.42828979793001	1.23543738583316	0.449184131030878	SORBI_3003G185300;SORBI_3006G046700;SORBI_3007G090537	0.505332147409738
path:sbi04141	Protein processing in endoplasmic reticulum - Sorghum bicolor (sorghum)	22	5	4.10941350418926	1.21671863756296	0.394083746827148	SORBI_3001G419300;SORBI_3003G358300;SORBI_3007G090537;SORBI_3010G104300;SORBI_3010G125500	0.505332147409738
path:sbi04626	Plant-pathogen interaction - Sorghum bicolor (sorghum)	23	5	4.29620502710695	1.16381782723414	0.434547854182799	SORBI_3001G221900;SORBI_3001G247700;SORBI_3002G105300;SORBI_3003G077800;SORBI_3007G019501	0.505332147409738
path:sbi04142	Lysosome biogenesis - Sorghum bicolor (sorghum)	14	3	2.61508132084771	1.14719185827365	0.501659525726356	SORBI_3005G146300;SORBI_3006G037500;SORBI_3006G046700	0.547264937156025
path:sbi04144	Endocytosis - Sorghum bicolor (sorghum)	15	3	2.8018728437654	1.07071240105541	0.551456895729765	SORBI_3001G320200;SORBI_3001G419300;SORBI_3003G077900	0.583895536655046
path:sbi01230	Biosynthesis of amino acids - Sorghum bicolor (sorghum)	17	3	3.17545588960079	0.944746236225361	0.641619867332008	SORBI_3004G205100;SORBI_3006G000100;SORBI_3010G147500	0.659951863541494
path:sbi00940	Phenylpropanoid biosynthesis - Sorghum bicolor (sorghum)	35	5	6.53770330211927	0.764794572182435	0.811287124255367	SORBI_3002G205300;SORBI_3005G011300;SORBI_3005G011500;SORBI_3006G277700;SORBI_3010G149700	0.811287124255367
