SORBI_ID	KEGG_GENE_ID
SORBI_3001G000200	
SORBI_3001G000300	
SORBI_3001G000400	
SORBI_3001G000700	
SORBI_3001G000800	
SORBI_3001G000900	
SORBI_3001G001000	
SORBI_3001G001132	
SORBI_3001G001200	
SORBI_3001G001300	
SORBI_3001G001400	
SORBI_3001G001700	
SORBI_3001G002000	
SORBI_3001G009600	
SORBI_3001G009700	
SORBI_3001G011400	
SORBI_3001G011600	
SORBI_3001G012000	
SORBI_3001G012400	
SORBI_3001G012500	
SORBI_3001G012600	
SORBI_3001G012800	
SORBI_3001G014100	
SORBI_3001G014200	
SORBI_3001G015200	
SORBI_3001G015300	
SORBI_3001G015400	
SORBI_3001G016300	
SORBI_3001G018600	
SORBI_3001G018800	
SORBI_3001G018900	
SORBI_3001G019000	
SORBI_3001G019200	
SORBI_3001G019300	
SORBI_3001G020700	
SORBI_3001G020800	
SORBI_3001G021000	
SORBI_3001G021200	
SORBI_3001G021400	
SORBI_3001G021500	
SORBI_3001G021601	
SORBI_3001G021700	
SORBI_3001G021800	
SORBI_3001G021900	
SORBI_3001G022000	
SORBI_3001G022100	
SORBI_3001G022200	
SORBI_3001G022500	
SORBI_3001G022600	
SORBI_3001G022700	
SORBI_3001G022800	
SORBI_3001G022900	
SORBI_3001G023000	
SORBI_3001G023100	
SORBI_3001G023200	
SORBI_3001G023300	
SORBI_3001G023400	
SORBI_3001G023500	
SORBI_3001G023600	
SORBI_3001G023700	
SORBI_3001G023800	
SORBI_3001G023900	
SORBI_3001G024000	
SORBI_3001G024100	
SORBI_3001G024200	
SORBI_3001G024250	
SORBI_3001G024400	
SORBI_3001G025600	
SORBI_3001G025700	
SORBI_3001G025900	
SORBI_3001G026000	
SORBI_3001G026100	
SORBI_3001G026200	
SORBI_3001G026600	
SORBI_3001G026700	
SORBI_3001G026800	
SORBI_3001G026900	
SORBI_3001G026950	
SORBI_3001G027000	
SORBI_3001G028100	
SORBI_3001G028200	
SORBI_3001G028400	
SORBI_3001G028500	
SORBI_3001G028700	
SORBI_3001G030500	
SORBI_3001G030600	
SORBI_3001G030800	
SORBI_3001G031500	
SORBI_3001G031600	
SORBI_3001G031700	
SORBI_3001G031800	
SORBI_3001G031900	
SORBI_3001G032100	
SORBI_3001G032200	
SORBI_3001G032300	
SORBI_3001G032400	
SORBI_3001G032550	
SORBI_3001G032700	
SORBI_3001G032800	
SORBI_3001G032900	
SORBI_3001G033000	
SORBI_3001G033100	
SORBI_3001G033200	
SORBI_3001G033300	
SORBI_3001G033400	
SORBI_3001G033800	
SORBI_3001G034000	
SORBI_3001G034100	
SORBI_3001G034200	
SORBI_3001G034300	
SORBI_3001G034400	
SORBI_3001G034500	
SORBI_3001G034600	
SORBI_3001G034900	
SORBI_3001G035100	
SORBI_3001G035200	
SORBI_3001G035300	
SORBI_3001G035400	
SORBI_3001G035500	
SORBI_3001G035600	
SORBI_3001G035700	
SORBI_3001G035800	
SORBI_3001G035900	
SORBI_3001G036050	
SORBI_3001G036200	
SORBI_3001G036300	
SORBI_3001G036600	
SORBI_3001G036700	
SORBI_3001G036800	
SORBI_3001G036900	
SORBI_3001G037000	
SORBI_3001G037100	
SORBI_3001G037150	
SORBI_3001G037400	
SORBI_3001G037500	
SORBI_3001G037550	
SORBI_3001G037600	
SORBI_3001G037800	
SORBI_3001G038000	
SORBI_3001G038300	
SORBI_3001G038450	
SORBI_3001G038500	
SORBI_3001G038700	
SORBI_3001G038800	
SORBI_3001G038900	
SORBI_3001G039000	
SORBI_3001G039100	
SORBI_3001G039200	
SORBI_3001G039300	
SORBI_3001G039400	
SORBI_3001G039500	
SORBI_3001G039600	
SORBI_3001G039700	
SORBI_3001G040500	
SORBI_3001G040900	
SORBI_3001G041200	
SORBI_3001G041600	
SORBI_3001G041700	
SORBI_3001G041800	
SORBI_3001G041900	
SORBI_3001G042200	
SORBI_3001G042400	
SORBI_3001G042600	
SORBI_3001G042700	
SORBI_3001G042800	
SORBI_3001G042901	
SORBI_3001G044800	
SORBI_3001G045300	
SORBI_3001G045400	
SORBI_3001G048900	
SORBI_3001G049300	
SORBI_3001G049500	
SORBI_3001G049600	
SORBI_3001G049800	
SORBI_3001G050200	
SORBI_3001G051300	
SORBI_3001G052100	
SORBI_3001G052350	
SORBI_3001G052400	
SORBI_3001G052500	
SORBI_3001G052600	
SORBI_3001G052700	
SORBI_3001G052800	
SORBI_3001G053500	
SORBI_3001G056200	
SORBI_3001G056601	
SORBI_3001G057100	
SORBI_3001G059900	
SORBI_3001G060100	
SORBI_3001G070600	
SORBI_3001G070700	
SORBI_3001G072400	
SORBI_3001G073500	
SORBI_3001G097900	
SORBI_3001G098500	
SORBI_3001G098800	
SORBI_3001G099100	
SORBI_3001G099400	
SORBI_3001G099500	
SORBI_3001G099600	
SORBI_3001G099800	
SORBI_3001G100000	
SORBI_3001G100200	
SORBI_3001G100300	
SORBI_3001G100400	
SORBI_3001G100501	
SORBI_3001G100600	
SORBI_3001G100650	
SORBI_3001G100800	
SORBI_3001G100900	
SORBI_3001G101000	
SORBI_3001G101100	
SORBI_3001G101200	
SORBI_3001G101300	
SORBI_3001G101400	
SORBI_3001G101650	
SORBI_3001G101700	
SORBI_3001G101900	
SORBI_3001G102000	
SORBI_3001G102150	
SORBI_3001G102200	
SORBI_3001G102300	
SORBI_3001G102700	
SORBI_3001G103300	
SORBI_3001G103900	
SORBI_3001G104000	
SORBI_3001G104300	
SORBI_3001G104400	
SORBI_3001G104600	
SORBI_3001G104700	
SORBI_3001G104800	
SORBI_3001G105100	
SORBI_3001G105200	
SORBI_3001G105300	
SORBI_3001G105400	
SORBI_3001G105500	
SORBI_3001G105600	
SORBI_3001G105700	
SORBI_3001G105900	
SORBI_3001G106000	
SORBI_3001G106100	
SORBI_3001G106200	
SORBI_3001G106300	
SORBI_3001G106400	
SORBI_3001G106550	
SORBI_3001G113700	
SORBI_3001G113800	
SORBI_3001G113900	
SORBI_3001G114000	
SORBI_3001G114200	
SORBI_3001G114300	
SORBI_3001G114400	
SORBI_3001G114500	
SORBI_3001G114650	
SORBI_3001G114700	
SORBI_3001G114800	
SORBI_3001G115100	
SORBI_3001G115200	
SORBI_3001G115400	
SORBI_3001G116500	
SORBI_3001G116800	
SORBI_3001G116900	
SORBI_3001G117000	
SORBI_3001G117100	
SORBI_3001G117200	
SORBI_3001G118200	
SORBI_3001G118300	
SORBI_3001G118700	
SORBI_3001G119400	
SORBI_3001G119800	
SORBI_3001G120400	
SORBI_3001G122100	
SORBI_3001G122200	
SORBI_3001G122600	
SORBI_3001G122700	
SORBI_3001G125800	
SORBI_3001G126000	
SORBI_3001G126400	
SORBI_3001G126900	
SORBI_3001G127300	
SORBI_3001G127400	
SORBI_3001G127500	
SORBI_3001G127600	
SORBI_3001G127700	
SORBI_3001G127800	
SORBI_3001G128100	
SORBI_3001G128200	
SORBI_3001G128300	
SORBI_3001G128500	
SORBI_3001G128900	
SORBI_3001G129000	
SORBI_3001G131001	
SORBI_3001G131100	
SORBI_3001G131300	
SORBI_3001G131400	
SORBI_3001G132300	
SORBI_3001G132600	
SORBI_3001G133300	
SORBI_3001G133466	
SORBI_3001G133600	
SORBI_3001G133800	
SORBI_3001G133900	
SORBI_3001G134100	
SORBI_3001G134200	
SORBI_3001G134300	
SORBI_3001G134400	
SORBI_3001G134500	
SORBI_3001G134600	
SORBI_3001G134800	
SORBI_3001G135600	
SORBI_3001G135650	
SORBI_3001G136800	
SORBI_3001G136900	
SORBI_3001G137400	
SORBI_3001G137500	
SORBI_3001G152700	
SORBI_3001G155400	
SORBI_3001G155500	
SORBI_3001G155600	
SORBI_3001G155700	
SORBI_3001G156600	
SORBI_3001G156900	
SORBI_3001G157300	
SORBI_3001G157400	
SORBI_3001G157800	
SORBI_3001G157900	
SORBI_3001G158000	
SORBI_3001G158100	
SORBI_3001G158200	
SORBI_3001G158300	
SORBI_3001G158400	
SORBI_3001G160200	
SORBI_3001G164200	
SORBI_3001G164800	
SORBI_3001G165000	
SORBI_3001G165100	
SORBI_3001G165200	
SORBI_3001G165301	
SORBI_3001G165401	
SORBI_3001G166700	
SORBI_3001G166800	
SORBI_3001G167900	
SORBI_3001G168400	
SORBI_3001G168600	
SORBI_3001G168700	
SORBI_3001G168800	
SORBI_3001G168900	
SORBI_3001G169100	
SORBI_3001G170900	
SORBI_3001G171001	
SORBI_3001G171100	
SORBI_3001G171200	
SORBI_3001G171300	
SORBI_3001G171500	
SORBI_3001G171600	
SORBI_3001G174900	
SORBI_3001G175100	
SORBI_3001G177800	
SORBI_3001G177900	
SORBI_3001G178000	
SORBI_3001G179740	
SORBI_3001G180300	
SORBI_3001G180400	
SORBI_3001G180500	
SORBI_3001G180800	
SORBI_3001G180900	
SORBI_3001G182800	
SORBI_3001G183100	
SORBI_3001G183200	
SORBI_3001G183300	
SORBI_3001G183401	
SORBI_3001G183500	
SORBI_3001G184100	
SORBI_3001G186200	
SORBI_3001G186300	
SORBI_3001G186401	
SORBI_3001G186500	
SORBI_3001G186600	
SORBI_3001G186700	
SORBI_3001G186800	
SORBI_3001G186850	
SORBI_3001G186925	
SORBI_3001G187000	
SORBI_3001G187100	
SORBI_3001G187200	
SORBI_3001G187300	
SORBI_3001G187400	
SORBI_3001G187500	
SORBI_3001G187600	
SORBI_3001G187700	
SORBI_3001G187800	
SORBI_3001G187900	
SORBI_3001G188000	
SORBI_3001G188100	
SORBI_3001G188400	
SORBI_3001G188500	
SORBI_3001G188600	
SORBI_3001G188700	
SORBI_3001G188800	
SORBI_3001G188900	
SORBI_3001G189000	
SORBI_3001G189100	
SORBI_3001G189200	
SORBI_3001G189300	
SORBI_3001G189400	
SORBI_3001G189500	
SORBI_3001G189600	
SORBI_3001G189700	
SORBI_3001G189750	
SORBI_3001G189800	
SORBI_3001G190000	
SORBI_3001G190100	
SORBI_3001G190200	
SORBI_3001G190400	
SORBI_3001G190500	
SORBI_3001G190600	
SORBI_3001G190700	
SORBI_3001G190900	
SORBI_3001G191100	
SORBI_3001G191200	
SORBI_3001G191300	
SORBI_3001G191400	
SORBI_3001G191500	
SORBI_3001G191600	
SORBI_3001G191700	
SORBI_3001G191800	
SORBI_3001G192000	
SORBI_3001G194900	
SORBI_3001G195932	
SORBI_3001G196600	
SORBI_3001G197300	
SORBI_3001G201400	
SORBI_3001G201601	
SORBI_3001G201800	
SORBI_3001G201900	
SORBI_3001G202000	
SORBI_3001G202266	
SORBI_3001G203450	
SORBI_3001G203500	
SORBI_3001G203600	
SORBI_3001G206100	
SORBI_3001G209600	
SORBI_3001G209900	
SORBI_3001G210000	
SORBI_3001G210600	
SORBI_3001G210700	
SORBI_3001G210900	
SORBI_3001G211000	
SORBI_3001G211200	
SORBI_3001G211500	
SORBI_3001G211700	
SORBI_3001G212451	
SORBI_3001G212500	
SORBI_3001G212600	
SORBI_3001G213300	
SORBI_3001G213400	
SORBI_3001G213500	
SORBI_3001G213666	
SORBI_3001G216701	
SORBI_3001G218300	
SORBI_3001G218500	
SORBI_3001G218600	
SORBI_3001G218800	
SORBI_3001G218900	
SORBI_3001G219400	
SORBI_3001G220066	
SORBI_3001G220300	
SORBI_3001G220900	
SORBI_3001G221300	
SORBI_3001G221350	
SORBI_3001G221400	
SORBI_3001G221500	
SORBI_3001G221601	
SORBI_3001G221700	
SORBI_3001G221750	
SORBI_3001G221850	
SORBI_3001G221900	
SORBI_3001G222000	
SORBI_3001G222100	
SORBI_3001G222150	
SORBI_3001G222200	
SORBI_3001G222300	
SORBI_3001G222400	
SORBI_3001G222500	
SORBI_3001G222550	
SORBI_3001G222600	
SORBI_3001G222700	
SORBI_3001G222800	
SORBI_3001G222900	
SORBI_3001G223000	
SORBI_3001G223100	
SORBI_3001G223200	
SORBI_3001G223300	
SORBI_3001G223550	
SORBI_3001G224000	
SORBI_3001G224200	
SORBI_3001G224300	
SORBI_3001G225700	
SORBI_3001G226500	
SORBI_3001G226600	
SORBI_3001G226700	
SORBI_3001G226800	
SORBI_3001G226900	
SORBI_3001G227400	
SORBI_3001G227500	
SORBI_3001G227800	
SORBI_3001G227900	
SORBI_3001G228000	
SORBI_3001G228100	
SORBI_3001G228200	
SORBI_3001G228300	
SORBI_3001G228400	
SORBI_3001G228701	
SORBI_3001G228800	
SORBI_3001G228900	
SORBI_3001G229000	
SORBI_3001G229100	
SORBI_3001G229700	
SORBI_3001G229850	
SORBI_3001G230000	
SORBI_3001G230050	
SORBI_3001G230100	
SORBI_3001G230200	
SORBI_3001G230300	
SORBI_3001G230400	
SORBI_3001G232600	
SORBI_3001G233400	
SORBI_3001G233532	
SORBI_3001G233600	
SORBI_3001G233700	
SORBI_3001G233800	
SORBI_3001G235000	
SORBI_3001G235100	
SORBI_3001G235200	
SORBI_3001G237500	
SORBI_3001G237700	
SORBI_3001G237800	
SORBI_3001G237900	
SORBI_3001G238000	
SORBI_3001G238100	
SORBI_3001G238200	
SORBI_3001G238500	
SORBI_3001G246500	
SORBI_3001G247600	
SORBI_3001G247700	
SORBI_3001G247800	
SORBI_3001G247900	
SORBI_3001G248000	
SORBI_3001G248100	
SORBI_3001G248200	
SORBI_3001G248300	
SORBI_3001G249000	
SORBI_3001G249200	
SORBI_3001G249233	
SORBI_3001G249266	
SORBI_3001G249300	
SORBI_3001G249400	
SORBI_3001G249700	
SORBI_3001G249900	
SORBI_3001G250000	
SORBI_3001G250150	
SORBI_3001G250700	
SORBI_3001G250800	
SORBI_3001G250900	
SORBI_3001G251000	
SORBI_3001G251100	
SORBI_3001G251200	
SORBI_3001G251300	
SORBI_3001G251400	
SORBI_3001G251500	
SORBI_3001G251600	
SORBI_3001G251700	
SORBI_3001G251800	
SORBI_3001G251900	
SORBI_3001G252000	
SORBI_3001G252050	
SORBI_3001G252101	
SORBI_3001G252151	
SORBI_3001G252200	
SORBI_3001G252300	
SORBI_3001G252500	
SORBI_3001G252600	
SORBI_3001G252700	
SORBI_3001G254200	
SORBI_3001G254300	
SORBI_3001G254400	
SORBI_3001G254600	
SORBI_3001G254700	
SORBI_3001G256300	
SORBI_3001G256400	
SORBI_3001G256500	
SORBI_3001G256750	
SORBI_3001G256900	
SORBI_3001G257100	
SORBI_3001G257200	
SORBI_3001G257300	
SORBI_3001G257400	
SORBI_3001G257600	
SORBI_3001G257650	
SORBI_3001G257800	
SORBI_3001G258000	
SORBI_3001G258100	
SORBI_3001G258300	
SORBI_3001G258700	
SORBI_3001G258801	
SORBI_3001G258900	
SORBI_3001G259000	
SORBI_3001G259100	
SORBI_3001G259200	
SORBI_3001G259250	
SORBI_3001G259300	
SORBI_3001G259400	
SORBI_3001G259500	
SORBI_3001G259600	
SORBI_3001G259700	
SORBI_3001G259850	
SORBI_3001G260701	
SORBI_3001G260850	
SORBI_3001G261300	
SORBI_3001G261400	
SORBI_3001G261464	
SORBI_3001G261468	
SORBI_3001G261472	
SORBI_3001G261476	
SORBI_3001G261480	
SORBI_3001G261505	
SORBI_3001G261513	
SORBI_3001G261521	
SORBI_3001G261525	
SORBI_3001G261529	
SORBI_3001G261537	
SORBI_3001G261541	
SORBI_3001G261545	
SORBI_3001G261557	
SORBI_3001G261577	
SORBI_3001G261585	
SORBI_3001G261589	
SORBI_3001G261597	
SORBI_3001G261600	
SORBI_3001G261700	
SORBI_3001G261750	
SORBI_3001G261900	
SORBI_3001G262000	
SORBI_3001G262500	
SORBI_3001G262601	
SORBI_3001G262700	
SORBI_3001G262800	
SORBI_3001G262900	
SORBI_3001G263200	
SORBI_3001G263600	
SORBI_3001G263900	
SORBI_3001G264000	
SORBI_3001G264100	
SORBI_3001G264201	
SORBI_3001G264300	
SORBI_3001G264500	
SORBI_3001G264550	
SORBI_3001G264700	
SORBI_3001G265100	
SORBI_3001G265300	
SORBI_3001G265900	
SORBI_3001G266100	
SORBI_3001G266200	
SORBI_3001G266400	
SORBI_3001G266500	
SORBI_3001G266700	
SORBI_3001G267000	
SORBI_3001G269000	
SORBI_3001G269100	
SORBI_3001G269200	
SORBI_3001G269300	
SORBI_3001G269400	
SORBI_3001G269501	
SORBI_3001G269600	
SORBI_3001G269800	
SORBI_3001G270301	
SORBI_3001G270800	
SORBI_3001G271000	
SORBI_3001G271100	
SORBI_3001G271200	
SORBI_3001G271300	
SORBI_3001G271500	
SORBI_3001G271600	
SORBI_3001G271801	
SORBI_3001G271900	
SORBI_3001G272100	
SORBI_3001G272200	
SORBI_3001G272300	
SORBI_3001G272600	
SORBI_3001G272700	
SORBI_3001G273400	
SORBI_3001G273500	
SORBI_3001G273700	
SORBI_3001G273800	
SORBI_3001G282500	
SORBI_3001G284600	
SORBI_3001G284800	
SORBI_3001G285800	
SORBI_3001G286500	
SORBI_3001G286600	
SORBI_3001G286700	
SORBI_3001G286800	
SORBI_3001G287000	
SORBI_3001G287301	
SORBI_3001G287400	
SORBI_3001G287700	
SORBI_3001G288900	
SORBI_3001G289200	
SORBI_3001G289400	
SORBI_3001G289600	
SORBI_3001G289700	
SORBI_3001G289800	
SORBI_3001G290400	
SORBI_3001G291200	
SORBI_3001G291300	
SORBI_3001G291400	
SORBI_3001G292200	
SORBI_3001G292400	
SORBI_3001G292700	
SORBI_3001G292800	
SORBI_3001G293000	
SORBI_3001G293100	
SORBI_3001G293200	
SORBI_3001G293300	
SORBI_3001G293400	
SORBI_3001G293450	
SORBI_3001G293500	
SORBI_3001G293550	
SORBI_3001G293600	
SORBI_3001G293633	
SORBI_3001G293666	
SORBI_3001G293700	
SORBI_3001G293800	
SORBI_3001G294000	
SORBI_3001G294100	
SORBI_3001G294200	
SORBI_3001G294300	
SORBI_3001G295000	
SORBI_3001G295400	
SORBI_3001G295500	
SORBI_3001G295600	
SORBI_3001G295700	
SORBI_3001G295900	
SORBI_3001G296000	
SORBI_3001G298032	
SORBI_3001G300450	
SORBI_3001G300500	
SORBI_3001G300800	
SORBI_3001G302900	
SORBI_3001G303600	
SORBI_3001G303750	
SORBI_3001G303825	
SORBI_3001G304500	
SORBI_3001G304600	
SORBI_3001G305900	
SORBI_3001G306400	
SORBI_3001G306500	
SORBI_3001G311000	
SORBI_3001G311050	
SORBI_3001G311601	
SORBI_3001G311700	
SORBI_3001G311866	
SORBI_3001G311900	
SORBI_3001G312300	
SORBI_3001G312500	
SORBI_3001G312600	
SORBI_3001G312700	
SORBI_3001G312801	
SORBI_3001G313700	
SORBI_3001G313800	
SORBI_3001G314000	
SORBI_3001G314100	
SORBI_3001G314200	
SORBI_3001G314300	
SORBI_3001G314350	
SORBI_3001G318000	
SORBI_3001G318100	
SORBI_3001G318500	
SORBI_3001G318600	
SORBI_3001G318700	
SORBI_3001G319000	
SORBI_3001G319300	
SORBI_3001G319350	
SORBI_3001G319500	
SORBI_3001G319650	
SORBI_3001G319800	
SORBI_3001G320000	
SORBI_3001G320101	
SORBI_3001G320200	
SORBI_3001G320500	
SORBI_3001G328000	
SORBI_3001G328100	
SORBI_3001G328200	
SORBI_3001G328850	
SORBI_3001G329001	
SORBI_3001G329300	
SORBI_3001G329701	
SORBI_3001G329901	
SORBI_3001G330925	
SORBI_3001G331000	
SORBI_3001G331100	
SORBI_3001G331900	
SORBI_3001G332050	
SORBI_3001G332100	
SORBI_3001G332500	
SORBI_3001G332700	
SORBI_3001G332933	
SORBI_3001G332966	
SORBI_3001G333100	
SORBI_3001G333200	
SORBI_3001G333300	
SORBI_3001G333500	
SORBI_3001G333600	
SORBI_3001G333700	
SORBI_3001G333800	
SORBI_3001G333900	
SORBI_3001G338100	
SORBI_3001G338200	
SORBI_3001G338400	
SORBI_3001G338500	
SORBI_3001G338800	
SORBI_3001G338900	
SORBI_3001G339000	
SORBI_3001G339100	
SORBI_3001G346401	
SORBI_3001G354800	
SORBI_3001G354900	
SORBI_3001G355000	
SORBI_3001G356100	
SORBI_3001G356300	
SORBI_3001G356500	
SORBI_3001G356600	
SORBI_3001G357000	
SORBI_3001G357200	
SORBI_3001G357300	
SORBI_3001G357400	
SORBI_3001G357500	
SORBI_3001G357650	
SORBI_3001G357700	
SORBI_3001G357800	
SORBI_3001G357900	
SORBI_3001G360200	
SORBI_3001G360300	
SORBI_3001G360400	
SORBI_3001G360500	
SORBI_3001G360600	
SORBI_3001G360700	
SORBI_3001G360800	
SORBI_3001G360900	
SORBI_3001G361000	
SORBI_3001G361100	
SORBI_3001G381500	
SORBI_3001G381600	
SORBI_3001G381800	
SORBI_3001G382800	
SORBI_3001G382900	
SORBI_3001G383000	
SORBI_3001G383100	
SORBI_3001G383200	
SORBI_3001G383400	
SORBI_3001G383500	
SORBI_3001G383600	
SORBI_3001G384000	
SORBI_3001G384100	
SORBI_3001G384200	
SORBI_3001G384300	
SORBI_3001G384400	
SORBI_3001G384500	
SORBI_3001G384600	
SORBI_3001G392650	
SORBI_3001G392700	
SORBI_3001G392900	
SORBI_3001G393300	
SORBI_3001G393401	
SORBI_3001G393500	
SORBI_3001G393600	
SORBI_3001G393700	
SORBI_3001G393900	
SORBI_3001G394000	
SORBI_3001G394400	
SORBI_3001G394532	
SORBI_3001G394800	
SORBI_3001G395200	
SORBI_3001G395300	
SORBI_3001G395400	
SORBI_3001G395500	
SORBI_3001G395700	
SORBI_3001G396000	
SORBI_3001G396050	
SORBI_3001G396100	
SORBI_3001G396300	
SORBI_3001G396400	
SORBI_3001G396500	
SORBI_3001G396700	
SORBI_3001G397000	
SORBI_3001G397200	
SORBI_3001G397700	
SORBI_3001G398000	
SORBI_3001G400500	
SORBI_3001G400800	
SORBI_3001G401200	
SORBI_3001G401400	
SORBI_3001G401500	
SORBI_3001G401600	
SORBI_3001G401700	
SORBI_3001G401800	
SORBI_3001G401900	
SORBI_3001G402300	
SORBI_3001G402400	
SORBI_3001G402500	
SORBI_3001G402600	
SORBI_3001G402701	
SORBI_3001G402800	
SORBI_3001G402900	
SORBI_3001G403100	
SORBI_3001G403200	
SORBI_3001G403700	
SORBI_3001G404400	
SORBI_3001G406700	
SORBI_3001G414400	
SORBI_3001G414650	
SORBI_3001G414800	
SORBI_3001G415901	
SORBI_3001G418650	
SORBI_3001G418800	
SORBI_3001G419000	
SORBI_3001G419100	
SORBI_3001G419200	
SORBI_3001G419300	
SORBI_3001G419400	
SORBI_3001G419600	
SORBI_3001G420300	
SORBI_3001G420350	
SORBI_3001G422001	
SORBI_3001G422100	
SORBI_3001G423800	
SORBI_3001G434450	
SORBI_3001G434700	
SORBI_3001G434900	
SORBI_3001G435000	
SORBI_3001G435100	
SORBI_3001G435201	
SORBI_3001G435300	
SORBI_3001G435400	
SORBI_3001G435600	
SORBI_3001G435700	
SORBI_3001G436400	
SORBI_3001G436450	
SORBI_3001G436500	
SORBI_3001G436600	
SORBI_3001G436800	
SORBI_3001G436850	
SORBI_3001G436900	
SORBI_3001G437000	
SORBI_3001G437100	
SORBI_3001G437200	
SORBI_3001G438400	
SORBI_3001G438800	
SORBI_3001G439000	
SORBI_3001G439100	
SORBI_3001G440700	
SORBI_3001G446500	
SORBI_3001G448750	
SORBI_3001G449100	
SORBI_3001G449300	
SORBI_3001G449400	
SORBI_3001G450700	
SORBI_3001G453900	
SORBI_3001G454000	
SORBI_3001G454100	
SORBI_3001G454200	
SORBI_3001G454301	
SORBI_3001G454401	
SORBI_3001G454500	
SORBI_3001G454600	
SORBI_3001G454700	
SORBI_3001G455900	
SORBI_3001G456000	
SORBI_3001G456800	
SORBI_3001G457100	
SORBI_3001G457200	
SORBI_3001G457300	
SORBI_3001G457400	
SORBI_3001G457500	
SORBI_3001G457600	
SORBI_3001G457800	
SORBI_3001G457900	
SORBI_3001G457933	
SORBI_3001G458400	
SORBI_3001G460300	
SORBI_3001G465300	
SORBI_3001G467000	
SORBI_3001G467400	
SORBI_3001G467500	
SORBI_3001G469100	
SORBI_3001G471150	
SORBI_3001G471200	
SORBI_3001G471500	
SORBI_3001G471600	
SORBI_3001G471900	
SORBI_3001G472000	
SORBI_3001G472800	
SORBI_3001G473100	
SORBI_3001G473200	
SORBI_3001G478300	
SORBI_3001G478400	
SORBI_3001G478500	
SORBI_3001G478600	
SORBI_3001G478800	
SORBI_3001G478900	
SORBI_3001G479500	
SORBI_3001G479800	
SORBI_3001G481800	
SORBI_3001G483400	
SORBI_3001G483700	
SORBI_3001G483800	
SORBI_3001G485400	
SORBI_3001G485500	
SORBI_3001G485600	
SORBI_3001G489500	
SORBI_3001G492900	
SORBI_3001G493001	
SORBI_3001G495500	
SORBI_3001G496100	
SORBI_3001G496200	
SORBI_3001G496700	
SORBI_3001G496800	
SORBI_3001G496900	
SORBI_3001G497100	
SORBI_3001G497200	
SORBI_3001G497300	
SORBI_3001G499500	
SORBI_3001G500700	
SORBI_3001G501000	
SORBI_3001G502200	
SORBI_3001G508700	
SORBI_3001G512100	
SORBI_3001G512200	
SORBI_3001G512300	
SORBI_3001G512400	
SORBI_3001G512500	
SORBI_3001G512600	
SORBI_3001G512633	
SORBI_3001G514500	
SORBI_3001G522600	
SORBI_3001G524500	
SORBI_3001G524600	
SORBI_3001G526300	
SORBI_3001G526900	
SORBI_3001G527550	
SORBI_3001G527700	
SORBI_3001G527800	
SORBI_3001G527900	
SORBI_3001G528000	
SORBI_3001G528100	
SORBI_3001G528200	
SORBI_3001G528300	
SORBI_3001G528350	
SORBI_3001G528400	
SORBI_3001G528600	
SORBI_3001G528700	
SORBI_3001G528900	
SORBI_3001G529100	
SORBI_3001G529200	
SORBI_3001G529400	
SORBI_3001G531100	
SORBI_3001G531200	
SORBI_3001G531500	
SORBI_3001G531700	
SORBI_3001G531800	
SORBI_3001G531900	
SORBI_3001G532000	
SORBI_3001G534300	
SORBI_3001G534532	
SORBI_3001G535100	
SORBI_3001G535200	
SORBI_3001G535500	
SORBI_3001G536300	
SORBI_3001G536400	
SORBI_3001G537600	
SORBI_3001G537700	
SORBI_3001G537900	
SORBI_3001G538000	
SORBI_3001G538100	
SORBI_3001G538200	
SORBI_3001G538275	
SORBI_3001G538350	
SORBI_3001G538425	
SORBI_3001G538500	
SORBI_3001G538800	
SORBI_3001G539016	
SORBI_3001G539100	
SORBI_3002G000300	
SORBI_3002G000400	
SORBI_3002G000500	
SORBI_3002G000600	
SORBI_3002G000700	
SORBI_3002G000800	
SORBI_3002G001000	
SORBI_3002G001100	
SORBI_3002G001200	
SORBI_3002G001300	
SORBI_3002G001500	
SORBI_3002G001600	
SORBI_3002G001700	
SORBI_3002G001800	
SORBI_3002G001900	
SORBI_3002G002000	
SORBI_3002G002400	
SORBI_3002G002500	
SORBI_3002G002700	
SORBI_3002G002800	
SORBI_3002G002900	
SORBI_3002G003500	
SORBI_3002G003601	
SORBI_3002G003700	
SORBI_3002G003800	
SORBI_3002G003900	
SORBI_3002G004000	
SORBI_3002G004100	
SORBI_3002G004200	
SORBI_3002G004300	
SORBI_3002G004400	
SORBI_3002G004600	
SORBI_3002G004700	
SORBI_3002G004800	
SORBI_3002G004900	
SORBI_3002G005300	
SORBI_3002G005400	
SORBI_3002G005500	
SORBI_3002G009300	
SORBI_3002G009401	
SORBI_3002G009600	
SORBI_3002G010200	
SORBI_3002G010300	
SORBI_3002G010400	
SORBI_3002G010500	
SORBI_3002G011800	
SORBI_3002G012000	
SORBI_3002G013900	
SORBI_3002G015800	
SORBI_3002G016900	
SORBI_3002G017900	
SORBI_3002G018000	
SORBI_3002G020100	
SORBI_3002G020600	
SORBI_3002G020700	
SORBI_3002G020800	
SORBI_3002G020900	
SORBI_3002G021000	
SORBI_3002G021066	
SORBI_3002G021132	
SORBI_3002G021200	
SORBI_3002G021500	
SORBI_3002G021600	
SORBI_3002G021900	
SORBI_3002G022000	
SORBI_3002G022300	
SORBI_3002G023300	
SORBI_3002G023400	
SORBI_3002G023600	
SORBI_3002G023700	
SORBI_3002G024400	
SORBI_3002G025400	
SORBI_3002G025500	
SORBI_3002G026300	
SORBI_3002G026500	
SORBI_3002G026700	
SORBI_3002G026800	
SORBI_3002G027100	
SORBI_3002G027166	
SORBI_3002G027300	
SORBI_3002G027401	
SORBI_3002G027500	
SORBI_3002G027600	
SORBI_3002G027700	
SORBI_3002G027800	
SORBI_3002G027901	
SORBI_3002G028201	
SORBI_3002G028901	
SORBI_3002G029000	
SORBI_3002G029100	
SORBI_3002G029200	
SORBI_3002G029800	
SORBI_3002G029900	
SORBI_3002G030001	
SORBI_3002G030500	
SORBI_3002G030575	
SORBI_3002G030650	
SORBI_3002G030725	
SORBI_3002G030800	
SORBI_3002G030900	
SORBI_3002G031000	
SORBI_3002G031100	
SORBI_3002G031200	
SORBI_3002G031301	
SORBI_3002G031600	
SORBI_3002G031800	
SORBI_3002G032400	
SORBI_3002G032500	
SORBI_3002G032700	
SORBI_3002G032800	
SORBI_3002G032900	
SORBI_3002G035300	
SORBI_3002G035500	
SORBI_3002G035600	
SORBI_3002G035800	
SORBI_3002G035900	
SORBI_3002G036100	
SORBI_3002G036200	
SORBI_3002G036300	
SORBI_3002G039500	
SORBI_3002G039600	
SORBI_3002G039700	
SORBI_3002G039800	
SORBI_3002G039900	
SORBI_3002G041100	
SORBI_3002G041150	
SORBI_3002G041200	
SORBI_3002G041366	
SORBI_3002G041400	
SORBI_3002G041533	
SORBI_3002G041666	
SORBI_3002G041800	
SORBI_3002G041900	
SORBI_3002G042000	
SORBI_3002G042300	
SORBI_3002G042400	
SORBI_3002G042500	
SORBI_3002G042600	
SORBI_3002G042800	
SORBI_3002G043000	
SORBI_3002G043100	
SORBI_3002G043201	
SORBI_3002G043300	
SORBI_3002G043500	
SORBI_3002G043700	
SORBI_3002G043800	
SORBI_3002G044000	
SORBI_3002G044100	
SORBI_3002G044200	
SORBI_3002G044700	
SORBI_3002G044800	
SORBI_3002G049750	
SORBI_3002G050700	
SORBI_3002G050900	
SORBI_3002G065400	
SORBI_3002G065600	
SORBI_3002G068000	
SORBI_3002G069050	
SORBI_3002G069166	
SORBI_3002G069232	
SORBI_3002G069400	
SORBI_3002G069500	
SORBI_3002G069700	
SORBI_3002G069800	
SORBI_3002G069900	
SORBI_3002G070000	
SORBI_3002G070100	
SORBI_3002G070901	
SORBI_3002G071700	
SORBI_3002G071850	
SORBI_3002G072000	
SORBI_3002G072050	
SORBI_3002G072100	
SORBI_3002G072300	
SORBI_3002G072400	
SORBI_3002G072500	
SORBI_3002G072600	
SORBI_3002G072700	
SORBI_3002G073000	
SORBI_3002G073100	
SORBI_3002G073200	
SORBI_3002G079500	
SORBI_3002G084800	
SORBI_3002G084900	
SORBI_3002G085200	
SORBI_3002G085300	
SORBI_3002G085400	
SORBI_3002G085500	
SORBI_3002G085700	
SORBI_3002G085800	
SORBI_3002G086900	
SORBI_3002G087200	
SORBI_3002G087600	
SORBI_3002G087700	
SORBI_3002G087800	
SORBI_3002G087900	
SORBI_3002G088000	
SORBI_3002G090900	
SORBI_3002G091200	
SORBI_3002G091300	
SORBI_3002G091400	
SORBI_3002G091500	
SORBI_3002G091600	
SORBI_3002G091700	
SORBI_3002G091900	
SORBI_3002G092050	
SORBI_3002G092300	
SORBI_3002G096201	
SORBI_3002G096300	
SORBI_3002G096700	
SORBI_3002G096800	
SORBI_3002G097000	
SORBI_3002G097100	
SORBI_3002G100832	
SORBI_3002G100950	
SORBI_3002G101100	
SORBI_3002G101300	
SORBI_3002G104200	
SORBI_3002G105300	
SORBI_3002G105350	
SORBI_3002G105700	
SORBI_3002G107600	
SORBI_3002G107900	
SORBI_3002G108200	
SORBI_3002G108300	
SORBI_3002G108400	
SORBI_3002G108500	
SORBI_3002G110700	
SORBI_3002G111000	
SORBI_3002G111100	
SORBI_3002G111200	
SORBI_3002G111300	
SORBI_3002G111400	
SORBI_3002G111500	
SORBI_3002G111600	
SORBI_3002G111700	
SORBI_3002G111800	
SORBI_3002G111900	
SORBI_3002G112300	
SORBI_3002G112400	
SORBI_3002G112600	
SORBI_3002G112850	
SORBI_3002G113100	
SORBI_3002G113600	
SORBI_3002G113700	
SORBI_3002G113800	
SORBI_3002G113900	
SORBI_3002G114000	
SORBI_3002G114200	
SORBI_3002G114300	
SORBI_3002G114600	
SORBI_3002G114700	
SORBI_3002G114800	
SORBI_3002G114900	
SORBI_3002G115000	
SORBI_3002G115025	
SORBI_3002G115200	
SORBI_3002G115500	
SORBI_3002G115900	
SORBI_3002G116000	
SORBI_3002G116100	
SORBI_3002G116200	
SORBI_3002G116300	
SORBI_3002G116400	
SORBI_3002G116500	
SORBI_3002G116600	
SORBI_3002G116700	
SORBI_3002G116800	
SORBI_3002G116900	
SORBI_3002G117100	
SORBI_3002G117200	
SORBI_3002G117300	
SORBI_3002G117400	
SORBI_3002G117800	
SORBI_3002G117850	
SORBI_3002G119000	
SORBI_3002G119100	
SORBI_3002G119200	
SORBI_3002G119400	
SORBI_3002G119800	
SORBI_3002G120601	
SORBI_3002G120700	
SORBI_3002G120850	
SORBI_3002G120900	
SORBI_3002G121000	
SORBI_3002G121100	
SORBI_3002G121300	
SORBI_3002G121450	
SORBI_3002G121600	
SORBI_3002G121701	
SORBI_3002G128400	
SORBI_3002G128700	
SORBI_3002G136200	
SORBI_3002G141900	
SORBI_3002G142600	
SORBI_3002G144966	
SORBI_3002G147500	
SORBI_3002G147600	
SORBI_3002G148000	
SORBI_3002G148100	
SORBI_3002G148166	
SORBI_3002G148232	
SORBI_3002G148750	
SORBI_3002G149101	
SORBI_3002G149200	
SORBI_3002G150766	
SORBI_3002G150866	
SORBI_3002G154400	
SORBI_3002G155000	
SORBI_3002G155400	
SORBI_3002G155700	
SORBI_3002G155800	
SORBI_3002G156000	
SORBI_3002G156100	
SORBI_3002G156200	
SORBI_3002G156400	
SORBI_3002G156500	
SORBI_3002G156601	
SORBI_3002G158300	
SORBI_3002G158401	
SORBI_3002G158500	
SORBI_3002G158700	
SORBI_3002G158800	
SORBI_3002G158900	
SORBI_3002G159000	
SORBI_3002G159100	
SORBI_3002G159200	
SORBI_3002G159900	
SORBI_3002G161600	
SORBI_3002G161700	
SORBI_3002G161800	
SORBI_3002G161900	
SORBI_3002G162000	
SORBI_3002G162400	
SORBI_3002G162450	
SORBI_3002G162500	
SORBI_3002G166150	
SORBI_3002G166300	
SORBI_3002G170666	
SORBI_3002G170820	
SORBI_3002G173700	
SORBI_3002G173800	
SORBI_3002G174000	
SORBI_3002G174200	
SORBI_3002G174400	
SORBI_3002G174700	
SORBI_3002G174801	
SORBI_3002G175500	
SORBI_3002G178700	
SORBI_3002G178900	
SORBI_3002G179100	
SORBI_3002G179200	
SORBI_3002G179400	
SORBI_3002G179500	
SORBI_3002G179700	
SORBI_3002G180800	
SORBI_3002G181450	
SORBI_3002G182150	
SORBI_3002G184900	
SORBI_3002G185200	
SORBI_3002G185300	
SORBI_3002G185400	
SORBI_3002G185500	
SORBI_3002G185600	
SORBI_3002G185800	
SORBI_3002G185900	
SORBI_3002G186000	
SORBI_3002G186300	
SORBI_3002G186400	
SORBI_3002G186600	
SORBI_3002G186700	
SORBI_3002G186800	
SORBI_3002G187100	
SORBI_3002G187200	
SORBI_3002G187300	
SORBI_3002G187350	
SORBI_3002G187400	
SORBI_3002G187500	
SORBI_3002G187600	
SORBI_3002G188200	
SORBI_3002G189100	
SORBI_3002G190100	
SORBI_3002G190700	
SORBI_3002G198500	
SORBI_3002G198700	
SORBI_3002G199100	
SORBI_3002G199200	
SORBI_3002G199300	
SORBI_3002G199400	
SORBI_3002G199650	
SORBI_3002G200700	
SORBI_3002G202700	
SORBI_3002G203000	
SORBI_3002G203200	
SORBI_3002G205300	
SORBI_3002G205500	
SORBI_3002G208900	
SORBI_3002G209000	
SORBI_3002G210150	
SORBI_3002G210200	
SORBI_3002G210300	
SORBI_3002G210401	
SORBI_3002G210500	
SORBI_3002G210700	
SORBI_3002G210800	
SORBI_3002G210901	
SORBI_3002G211200	
SORBI_3002G211300	
SORBI_3002G211400	
SORBI_3002G211501	
SORBI_3002G211700	
SORBI_3002G218600	
SORBI_3002G218700	
SORBI_3002G218800	
SORBI_3002G219000	
SORBI_3002G219100	
SORBI_3002G219200	
SORBI_3002G220100	
SORBI_3002G220200	
SORBI_3002G220800	
SORBI_3002G220900	
SORBI_3002G221400	
SORBI_3002G221900	
SORBI_3002G222200	
SORBI_3002G222900	
SORBI_3002G223000	
SORBI_3002G223300	
SORBI_3002G223401	
SORBI_3002G223550	
SORBI_3002G223650	
SORBI_3002G226100	
SORBI_3002G226200	
SORBI_3002G226900	
SORBI_3002G227000	
SORBI_3002G227100	
SORBI_3002G227200	
SORBI_3002G227300	
SORBI_3002G227400	
SORBI_3002G227500	
SORBI_3002G227800	
SORBI_3002G227900	
SORBI_3002G228500	
SORBI_3002G229700	
SORBI_3002G229800	
SORBI_3002G229900	
SORBI_3002G230100	
SORBI_3002G230900	
SORBI_3002G231000	
SORBI_3002G232100	
SORBI_3002G232900	
SORBI_3002G233000	
SORBI_3002G233600	
SORBI_3002G235800	
SORBI_3002G237200	
SORBI_3002G244600	
SORBI_3002G244901	
SORBI_3002G245000	
SORBI_3002G245100	
SORBI_3002G245200	
SORBI_3002G245300	
SORBI_3002G245400	
SORBI_3002G251501	
SORBI_3002G251800	
SORBI_3002G251900	
SORBI_3002G253000	
SORBI_3002G253600	
SORBI_3002G253800	
SORBI_3002G253900	
SORBI_3002G254000	
SORBI_3002G254100	
SORBI_3002G254800	
SORBI_3002G255800	
SORBI_3002G255901	
SORBI_3002G256200	
SORBI_3002G256250	
SORBI_3002G256300	
SORBI_3002G256400	
SORBI_3002G256500	
SORBI_3002G256601	
SORBI_3002G256700	
SORBI_3002G256900	
SORBI_3002G257001	
SORBI_3002G257100	
SORBI_3002G257200	
SORBI_3002G257400	
SORBI_3002G257500	
SORBI_3002G257750	
SORBI_3002G259800	
SORBI_3002G262600	
SORBI_3002G262700	
SORBI_3002G262800	
SORBI_3002G262850	
SORBI_3002G262900	
SORBI_3002G263000	
SORBI_3002G263100	
SORBI_3002G263200	
SORBI_3002G263300	
SORBI_3002G263400	
SORBI_3002G263600	
SORBI_3002G263700	
SORBI_3002G263800	
SORBI_3002G263900	
SORBI_3002G264200	
SORBI_3002G264300	
SORBI_3002G264400	
SORBI_3002G264500	
SORBI_3002G264600	
SORBI_3002G265001	
SORBI_3002G265100	
SORBI_3002G265200	
SORBI_3002G265400	
SORBI_3002G265500	
SORBI_3002G271100	
SORBI_3002G271200	
SORBI_3002G271300	
SORBI_3002G271500	
SORBI_3002G274600	
SORBI_3002G274700	
SORBI_3002G278500	
SORBI_3002G278600	
SORBI_3002G278800	
SORBI_3002G279000	
SORBI_3002G306100	
SORBI_3002G306201	
SORBI_3002G306300	
SORBI_3002G306400	
SORBI_3002G306500	
SORBI_3002G306600	
SORBI_3002G306700	
SORBI_3002G306800	
SORBI_3002G307300	
SORBI_3002G307400	
SORBI_3002G307500	
SORBI_3002G307600	
SORBI_3002G307700	
SORBI_3002G311200	
SORBI_3002G311300	
SORBI_3002G311350	
SORBI_3002G311400	
SORBI_3002G311900	
SORBI_3002G321000	
SORBI_3002G321300	
SORBI_3002G321400	
SORBI_3002G322400	
SORBI_3002G322800	
SORBI_3002G332750	
SORBI_3002G336000	
SORBI_3002G336500	
SORBI_3002G336600	
SORBI_3002G338700	
SORBI_3002G338800	
SORBI_3002G338900	
SORBI_3002G364301	
SORBI_3002G371500	
SORBI_3002G373700	
SORBI_3002G373800	
SORBI_3002G373900	
SORBI_3002G374200	
SORBI_3002G375200	
SORBI_3002G379700	
SORBI_3002G379800	
SORBI_3002G379866	
SORBI_3002G379932	
SORBI_3002G380100	
SORBI_3002G380200	
SORBI_3002G380300	
SORBI_3002G380500	
SORBI_3002G380550	
SORBI_3002G380700	
SORBI_3002G421300	
SORBI_3002G421350	
SORBI_3002G421600	
SORBI_3002G421700	
SORBI_3002G421800	
SORBI_3002G422100	
SORBI_3002G422200	
SORBI_3002G422900	
SORBI_3002G423000	
SORBI_3002G423100	
SORBI_3002G423200	
SORBI_3002G423300	
SORBI_3002G423400	
SORBI_3002G423500	
SORBI_3002G423600	
SORBI_3002G423700	
SORBI_3002G424500	
SORBI_3003G000800	
SORBI_3003G032900	
SORBI_3003G033000	
SORBI_3003G033100	
SORBI_3003G033200	
SORBI_3003G033300	
SORBI_3003G033400	
SORBI_3003G033500	
SORBI_3003G036950	
SORBI_3003G037100	
SORBI_3003G040800	
SORBI_3003G040900	
SORBI_3003G041000	
SORBI_3003G041400	
SORBI_3003G041700	
SORBI_3003G041801	
SORBI_3003G044900	
SORBI_3003G045000	
SORBI_3003G045200	
SORBI_3003G045300	
SORBI_3003G045501	
SORBI_3003G048900	
SORBI_3003G068950	
SORBI_3003G069400	
SORBI_3003G069500	
SORBI_3003G069950	
SORBI_3003G070025	
SORBI_3003G070100	
SORBI_3003G076200	
SORBI_3003G076300	
SORBI_3003G076400	
SORBI_3003G076700	
SORBI_3003G076800	
SORBI_3003G076900	
SORBI_3003G077001	
SORBI_3003G077100	
SORBI_3003G077300	
SORBI_3003G077400	
SORBI_3003G077500	
SORBI_3003G077600	
SORBI_3003G077700	
SORBI_3003G077800	
SORBI_3003G077900	
SORBI_3003G078000	
SORBI_3003G078501	
SORBI_3003G078600	
SORBI_3003G078700	
SORBI_3003G079300	
SORBI_3003G079725	
SORBI_3003G079750	
SORBI_3003G079775	
SORBI_3003G079800	
SORBI_3003G079900	
SORBI_3003G080000	
SORBI_3003G081000	
SORBI_3003G081100	
SORBI_3003G081200	
SORBI_3003G082401	
SORBI_3003G082600	
SORBI_3003G082700	
SORBI_3003G082800	
SORBI_3003G082900	
SORBI_3003G082950	
SORBI_3003G083000	
SORBI_3003G083100	
SORBI_3003G083200	
SORBI_3003G083400	
SORBI_3003G083500	
SORBI_3003G084750	
SORBI_3003G086300	
SORBI_3003G086400	
SORBI_3003G086600	
SORBI_3003G087000	
SORBI_3003G087100	
SORBI_3003G087200	
SORBI_3003G087600	
SORBI_3003G087800	
SORBI_3003G087900	
SORBI_3003G088100	
SORBI_3003G088200	
SORBI_3003G088300	
SORBI_3003G088400	
SORBI_3003G088600	
SORBI_3003G088700	
SORBI_3003G088800	
SORBI_3003G088900	
SORBI_3003G089000	
SORBI_3003G089100	
SORBI_3003G089200	
SORBI_3003G089300	
SORBI_3003G095100	
SORBI_3003G095200	
SORBI_3003G095301	
SORBI_3003G096300	
SORBI_3003G099701	
SORBI_3003G099800	
SORBI_3003G099900	
SORBI_3003G100200	
SORBI_3003G100500	
SORBI_3003G103701	
SORBI_3003G104000	
SORBI_3003G104100	
SORBI_3003G104200	
SORBI_3003G104800	
SORBI_3003G105500	
SORBI_3003G105700	
SORBI_3003G105800	
SORBI_3003G105900	
SORBI_3003G106000	
SORBI_3003G106100	
SORBI_3003G106200	
SORBI_3003G106300	
SORBI_3003G106400	
SORBI_3003G106600	
SORBI_3003G106800	
SORBI_3003G106900	
SORBI_3003G107300	
SORBI_3003G107400	
SORBI_3003G107500	
SORBI_3003G107600	
SORBI_3003G107700	
SORBI_3003G107800	
SORBI_3003G107900	
SORBI_3003G109766	
SORBI_3003G110400	
SORBI_3003G112600	
SORBI_3003G113200	
SORBI_3003G113300	
SORBI_3003G113400	
SORBI_3003G118400	
SORBI_3003G119900	
SORBI_3003G120050	
SORBI_3003G120200	
SORBI_3003G120300	
SORBI_3003G120500	
SORBI_3003G120700	
SORBI_3003G120800	
SORBI_3003G120900	
SORBI_3003G121500	
SORBI_3003G121600	
SORBI_3003G121700	
SORBI_3003G121800	
SORBI_3003G121900	
SORBI_3003G122000	
SORBI_3003G122100	
SORBI_3003G122300	
SORBI_3003G122400	
SORBI_3003G122500	
SORBI_3003G139300	
SORBI_3003G139500	
SORBI_3003G139900	
SORBI_3003G140100	
SORBI_3003G141500	
SORBI_3003G141550	
SORBI_3003G141600	
SORBI_3003G141700	
SORBI_3003G142100	
SORBI_3003G145400	
SORBI_3003G146100	
SORBI_3003G155000	
SORBI_3003G155100	
SORBI_3003G155300	
SORBI_3003G155600	
SORBI_3003G155700	
SORBI_3003G155800	
SORBI_3003G156400	
SORBI_3003G156500	
SORBI_3003G156600	
SORBI_3003G156700	
SORBI_3003G156733	
SORBI_3003G156900	
SORBI_3003G157000	
SORBI_3003G157100	
SORBI_3003G157200	
SORBI_3003G157300	
SORBI_3003G157400	
SORBI_3003G158100	
SORBI_3003G158201	
SORBI_3003G158500	
SORBI_3003G158600	
SORBI_3003G158700	
SORBI_3003G158900	
SORBI_3003G159000	
SORBI_3003G159450	
SORBI_3003G159600	
SORBI_3003G163200	
SORBI_3003G163301	
SORBI_3003G163900	
SORBI_3003G164000	
SORBI_3003G165401	
SORBI_3003G165551	
SORBI_3003G165800	
SORBI_3003G166001	
SORBI_3003G166200	
SORBI_3003G166450	
SORBI_3003G166500	
SORBI_3003G166750	
SORBI_3003G167101	
SORBI_3003G167300	
SORBI_3003G169600	
SORBI_3003G170700	
SORBI_3003G173400	
SORBI_3003G174301	
SORBI_3003G175950	
SORBI_3003G183800	
SORBI_3003G184600	
SORBI_3003G184666	
SORBI_3003G184699	
SORBI_3003G184732	
SORBI_3003G184765	
SORBI_3003G184800	
SORBI_3003G185000	
SORBI_3003G185100	
SORBI_3003G185200	
SORBI_3003G185250	
SORBI_3003G185300	
SORBI_3003G185500	
SORBI_3003G185600	
SORBI_3003G185800	
SORBI_3003G185900	
SORBI_3003G186000	
SORBI_3003G186200	
SORBI_3003G186300	
SORBI_3003G186400	
SORBI_3003G198500	
SORBI_3003G198550	
SORBI_3003G198701	
SORBI_3003G199101	
SORBI_3003G199800	
SORBI_3003G199900	
SORBI_3003G200100	
SORBI_3003G200700	
SORBI_3003G201500	
SORBI_3003G201750	
SORBI_3003G201800	
SORBI_3003G201850	
SORBI_3003G201900	
SORBI_3003G203600	
SORBI_3003G203700	
SORBI_3003G203866	
SORBI_3003G203900	
SORBI_3003G204100	
SORBI_3003G205200	
SORBI_3003G205400	
SORBI_3003G205501	
SORBI_3003G205700	
SORBI_3003G205801	
SORBI_3003G205900	
SORBI_3003G206000	
SORBI_3003G206100	
SORBI_3003G206200	
SORBI_3003G206300	
SORBI_3003G206500	
SORBI_3003G206600	
SORBI_3003G206700	
SORBI_3003G206800	
SORBI_3003G206900	
SORBI_3003G207000	
SORBI_3003G207800	
SORBI_3003G207900	
SORBI_3003G213000	
SORBI_3003G216166	
SORBI_3003G222400	
SORBI_3003G222800	
SORBI_3003G224100	
SORBI_3003G224300	
SORBI_3003G224400	
SORBI_3003G225200	
SORBI_3003G225300	
SORBI_3003G225500	
SORBI_3003G231900	
SORBI_3003G232001	
SORBI_3003G232100	
SORBI_3003G232900	
SORBI_3003G233000	
SORBI_3003G233100	
SORBI_3003G234200	
SORBI_3003G234500	
SORBI_3003G234701	
SORBI_3003G236600	
SORBI_3003G236701	
SORBI_3003G236900	
SORBI_3003G237000	
SORBI_3003G237100	
SORBI_3003G237700	
SORBI_3003G244800	
SORBI_3003G244850	
SORBI_3003G245101	
SORBI_3003G245500	
SORBI_3003G246100	
SORBI_3003G252200	
SORBI_3003G255600	
SORBI_3003G255800	
SORBI_3003G255850	
SORBI_3003G262200	
SORBI_3003G265900	
SORBI_3003G266100	
SORBI_3003G266300	
SORBI_3003G267700	
SORBI_3003G268600	
SORBI_3003G268900	
SORBI_3003G269000	
SORBI_3003G269300	
SORBI_3003G269400	
SORBI_3003G269700	
SORBI_3003G278000	
SORBI_3003G278200	
SORBI_3003G318650	
SORBI_3003G323700	
SORBI_3003G323750	
SORBI_3003G323800	
SORBI_3003G323900	
SORBI_3003G324000	
SORBI_3003G324100	
SORBI_3003G324200	
SORBI_3003G324400	
SORBI_3003G324500	
SORBI_3003G324600	
SORBI_3003G328300	
SORBI_3003G328400	
SORBI_3003G328600	
SORBI_3003G328700	
SORBI_3003G341300	
SORBI_3003G343600	
SORBI_3003G343700	
SORBI_3003G343900	
SORBI_3003G344050	
SORBI_3003G355200	
SORBI_3003G355500	
SORBI_3003G355600	
SORBI_3003G355800	
SORBI_3003G356200	
SORBI_3003G356300	
SORBI_3003G356400	
SORBI_3003G356500	
SORBI_3003G356600	
SORBI_3003G356850	
SORBI_3003G356900	
SORBI_3003G357000	
SORBI_3003G357100	
SORBI_3003G357232	
SORBI_3003G358150	
SORBI_3003G358300	
SORBI_3003G358400	
SORBI_3003G360500	
SORBI_3003G360700	
SORBI_3003G361100	
SORBI_3003G364600	
SORBI_3003G364700	
SORBI_3003G364800	
SORBI_3003G364900	
SORBI_3003G365000	
SORBI_3003G365200	
SORBI_3003G365300	
SORBI_3003G365400	
SORBI_3003G365450	
SORBI_3003G366850	
SORBI_3003G367300	
SORBI_3003G367350	
SORBI_3003G367401	
SORBI_3003G367451	
SORBI_3003G367650	
SORBI_3003G367900	
SORBI_3003G368000	
SORBI_3003G368100	
SORBI_3003G368150	
SORBI_3003G368200	
SORBI_3003G368300	
SORBI_3003G368400	
SORBI_3003G368800	
SORBI_3003G369000	
SORBI_3003G369033	
SORBI_3003G369066	
SORBI_3003G369200	
SORBI_3003G370100	
SORBI_3003G370300	
SORBI_3003G370500	
SORBI_3003G371400	
SORBI_3003G371600	
SORBI_3003G372100	
SORBI_3003G372200	
SORBI_3003G372500	
SORBI_3003G372600	
SORBI_3003G372700	
SORBI_3003G372750	
SORBI_3003G372800	
SORBI_3003G372850	
SORBI_3003G372900	
SORBI_3003G372950	
SORBI_3003G373000	
SORBI_3003G373100	
SORBI_3003G373200	
SORBI_3003G373500	
SORBI_3003G373600	
SORBI_3003G373900	
SORBI_3003G374000	
SORBI_3003G374100	
SORBI_3003G374200	
SORBI_3003G374400	
SORBI_3003G374500	
SORBI_3003G374600	
SORBI_3003G374700	
SORBI_3003G374850	
SORBI_3003G375000	
SORBI_3003G375200	
SORBI_3003G375300	
SORBI_3003G375400	
SORBI_3003G375500	
SORBI_3003G375700	
SORBI_3003G375800	
SORBI_3003G375900	
SORBI_3003G376000	
SORBI_3003G376800	
SORBI_3003G376900	
SORBI_3003G378400	
SORBI_3003G378500	
SORBI_3003G382600	
SORBI_3003G382800	
SORBI_3003G382900	
SORBI_3003G383100	
SORBI_3003G385100	
SORBI_3003G385300	
SORBI_3003G385500	
SORBI_3003G385600	
SORBI_3003G385700	
SORBI_3003G385800	
SORBI_3003G385900	
SORBI_3003G386000	
SORBI_3003G386100	
SORBI_3003G386200	
SORBI_3003G386400	
SORBI_3003G386500	
SORBI_3003G386800	
SORBI_3003G388000	
SORBI_3003G389150	
SORBI_3003G389200	
SORBI_3003G389300	
SORBI_3003G389400	
SORBI_3003G389601	
SORBI_3003G389700	
SORBI_3003G389800	
SORBI_3003G390100	
SORBI_3003G391000	
SORBI_3003G391400	
SORBI_3003G391500	
SORBI_3003G392000	
SORBI_3003G392100	
SORBI_3003G392200	
SORBI_3003G392425	
SORBI_3003G392500	
SORBI_3003G392600	
SORBI_3003G392700	
SORBI_3003G392800	
SORBI_3003G393700	
SORBI_3003G393800	
SORBI_3003G393900	
SORBI_3003G394000	
SORBI_3003G394100	
SORBI_3003G394150	
SORBI_3003G394200	
SORBI_3003G394300	
SORBI_3003G394500	
SORBI_3003G394600	
SORBI_3003G394701	
SORBI_3003G394801	
SORBI_3003G396300	
SORBI_3003G396700	
SORBI_3003G406120	
SORBI_3003G406600	
SORBI_3003G406800	
SORBI_3003G406850	
SORBI_3003G407200	
SORBI_3003G407300	
SORBI_3003G407400	
SORBI_3003G407600	
SORBI_3003G407800	
SORBI_3003G407900	
SORBI_3003G408800	
SORBI_3003G409000	
SORBI_3003G410800	
SORBI_3003G410900	
SORBI_3003G411000	
SORBI_3003G411300	
SORBI_3003G411500	
SORBI_3003G411600	
SORBI_3003G411700	
SORBI_3003G412000	
SORBI_3003G412300	
SORBI_3003G412500	
SORBI_3003G412600	
SORBI_3003G412700	
SORBI_3003G413100	
SORBI_3003G413201	
SORBI_3003G413300	
SORBI_3003G413400	
SORBI_3003G415500	
SORBI_3003G415600	
SORBI_3003G415700	
SORBI_3003G415900	
SORBI_3003G416000	
SORBI_3003G416200	
SORBI_3003G417350	
SORBI_3003G417500	
SORBI_3003G419300	
SORBI_3003G419400	
SORBI_3003G419500	
SORBI_3003G419600	
SORBI_3003G419800	
SORBI_3003G420100	
SORBI_3003G420201	
SORBI_3003G420300	
SORBI_3003G420400	
SORBI_3003G420500	
SORBI_3003G420600	
SORBI_3003G420900	
SORBI_3003G421700	
SORBI_3003G422300	
SORBI_3003G422500	
SORBI_3003G422800	
SORBI_3003G422900	
SORBI_3003G426300	
SORBI_3003G426500	
SORBI_3003G426600	
SORBI_3003G427100	
SORBI_3003G427200	
SORBI_3003G427300	
SORBI_3003G427550	
SORBI_3003G427600	
SORBI_3004G002350	
SORBI_3004G002400	
SORBI_3004G003900	
SORBI_3004G004300	
SORBI_3004G004400	
SORBI_3004G004500	
SORBI_3004G004600	
SORBI_3004G004800	
SORBI_3004G005000	
SORBI_3004G005200	
SORBI_3004G005300	
SORBI_3004G005700	
SORBI_3004G006400	
SORBI_3004G006500	
SORBI_3004G006600	
SORBI_3004G006700	
SORBI_3004G006800	
SORBI_3004G006900	
SORBI_3004G006966	
SORBI_3004G007032	
SORBI_3004G007100	
SORBI_3004G007133	
SORBI_3004G007200	
SORBI_3004G007300	
SORBI_3004G007400	
SORBI_3004G007500	
SORBI_3004G007550	
SORBI_3004G007600	
SORBI_3004G007800	
SORBI_3004G008300	
SORBI_3004G008400	
SORBI_3004G008500	
SORBI_3004G008800	
SORBI_3004G008900	
SORBI_3004G009000	
SORBI_3004G009100	
SORBI_3004G009200	
SORBI_3004G009300	
SORBI_3004G009400	
SORBI_3004G009500	
SORBI_3004G009600	
SORBI_3004G009900	
SORBI_3004G010000	
SORBI_3004G010050	
SORBI_3004G010151	
SORBI_3004G010200	
SORBI_3004G010300	
SORBI_3004G010600	
SORBI_3004G010800	
SORBI_3004G010900	
SORBI_3004G011000	
SORBI_3004G011300	
SORBI_3004G011566	
SORBI_3004G011700	
SORBI_3004G011900	
SORBI_3004G012250	
SORBI_3004G017100	
SORBI_3004G017200	
SORBI_3004G017500	
SORBI_3004G017700	
SORBI_3004G017900	
SORBI_3004G018400	
SORBI_3004G018500	
SORBI_3004G018700	
SORBI_3004G018800	
SORBI_3004G019700	
SORBI_3004G019800	
SORBI_3004G019900	
SORBI_3004G020000	
SORBI_3004G020150	
SORBI_3004G021600	
SORBI_3004G022900	
SORBI_3004G026200	
SORBI_3004G026300	
SORBI_3004G027600	
SORBI_3004G027800	
SORBI_3004G027900	
SORBI_3004G028000	
SORBI_3004G028100	
SORBI_3004G028400	
SORBI_3004G028500	
SORBI_3004G028600	
SORBI_3004G028700	
SORBI_3004G028800	
SORBI_3004G029400	
SORBI_3004G029900	
SORBI_3004G030900	
SORBI_3004G031700	
SORBI_3004G032100	
SORBI_3004G038100	
SORBI_3004G040400	
SORBI_3004G040500	
SORBI_3004G040600	
SORBI_3004G040800	
SORBI_3004G043001	
SORBI_3004G043200	
SORBI_3004G043400	
SORBI_3004G043500	
SORBI_3004G043600	
SORBI_3004G043750	
SORBI_3004G044200	
SORBI_3004G044300	
SORBI_3004G044700	
SORBI_3004G044800	
SORBI_3004G045000	
SORBI_3004G045100	
SORBI_3004G045200	
SORBI_3004G045300	
SORBI_3004G045400	
SORBI_3004G045500	
SORBI_3004G045632	
SORBI_3004G045700	
SORBI_3004G046100	
SORBI_3004G046800	
SORBI_3004G047001	
SORBI_3004G047200	
SORBI_3004G047400	
SORBI_3004G047500	
SORBI_3004G047600	
SORBI_3004G047700	
SORBI_3004G048000	
SORBI_3004G048100	
SORBI_3004G048201	
SORBI_3004G048300	
SORBI_3004G048400	
SORBI_3004G048500	
SORBI_3004G048600	
SORBI_3004G048700	
SORBI_3004G048800	
SORBI_3004G049200	
SORBI_3004G049300	
SORBI_3004G049400	
SORBI_3004G049500	
SORBI_3004G049600	
SORBI_3004G049700	
SORBI_3004G049800	
SORBI_3004G049900	
SORBI_3004G050000	
SORBI_3004G050200	
SORBI_3004G050300	
SORBI_3004G050400	
SORBI_3004G050600	
SORBI_3004G050700	
SORBI_3004G050800	
SORBI_3004G051166	
SORBI_3004G051200	
SORBI_3004G051300	
SORBI_3004G051401	
SORBI_3004G051500	
SORBI_3004G051600	
SORBI_3004G051700	
SORBI_3004G052100	
SORBI_3004G052200	
SORBI_3004G052300	
SORBI_3004G052800	
SORBI_3004G053300	
SORBI_3004G053800	
SORBI_3004G053900	
SORBI_3004G054100	
SORBI_3004G056900	
SORBI_3004G057100	
SORBI_3004G057200	
SORBI_3004G057300	
SORBI_3004G057400	
SORBI_3004G057900	
SORBI_3004G058000	
SORBI_3004G058800	
SORBI_3004G059100	
SORBI_3004G059200	
SORBI_3004G059300	
SORBI_3004G059400	
SORBI_3004G059600	
SORBI_3004G060900	
SORBI_3004G061100	
SORBI_3004G061400	
SORBI_3004G061701	
SORBI_3004G061800	
SORBI_3004G061900	
SORBI_3004G062000	
SORBI_3004G062100	
SORBI_3004G062200	
SORBI_3004G062300	
SORBI_3004G062800	
SORBI_3004G062900	
SORBI_3004G066700	
SORBI_3004G066800	
SORBI_3004G066900	
SORBI_3004G067000	
SORBI_3004G067100	
SORBI_3004G067850	
SORBI_3004G075700	
SORBI_3004G075800	
SORBI_3004G076000	
SORBI_3004G076300	
SORBI_3004G076400	
SORBI_3004G078700	
SORBI_3004G078800	
SORBI_3004G080300	
SORBI_3004G080350	
SORBI_3004G081201	
SORBI_3004G081300	
SORBI_3004G081400	
SORBI_3004G081601	
SORBI_3004G084900	
SORBI_3004G085000	
SORBI_3004G085200	
SORBI_3004G085300	
SORBI_3004G085500	
SORBI_3004G085600	
SORBI_3004G085700	
SORBI_3004G087500	
SORBI_3004G088200	
SORBI_3004G088400	
SORBI_3004G088450	
SORBI_3004G088501	
SORBI_3004G088551	
SORBI_3004G089000	
SORBI_3004G089200	
SORBI_3004G089300	
SORBI_3004G089400	
SORBI_3004G089801	
SORBI_3004G089901	
SORBI_3004G090000	
SORBI_3004G090300	
SORBI_3004G090400	
SORBI_3004G090500	
SORBI_3004G090600	
SORBI_3004G090900	
SORBI_3004G091000	
SORBI_3004G093400	
SORBI_3004G096000	
SORBI_3004G096300	
SORBI_3004G096900	
SORBI_3004G097000	
SORBI_3004G097100	
SORBI_3004G097200	
SORBI_3004G102301	
SORBI_3004G102500	
SORBI_3004G102700	
SORBI_3004G102750	
SORBI_3004G102800	
SORBI_3004G103000	
SORBI_3004G103600	
SORBI_3004G103700	
SORBI_3004G103800	
SORBI_3004G103901	
SORBI_3004G104000	
SORBI_3004G104100	
SORBI_3004G104200	
SORBI_3004G104250	
SORBI_3004G104300	
SORBI_3004G104400	
SORBI_3004G104500	
SORBI_3004G104600	
SORBI_3004G104700	
SORBI_3004G104800	
SORBI_3004G104900	
SORBI_3004G105001	
SORBI_3004G106250	
SORBI_3004G106300	
SORBI_3004G106600	
SORBI_3004G106700	
SORBI_3004G106900	
SORBI_3004G107000	
SORBI_3004G107200	
SORBI_3004G107800	
SORBI_3004G108100	
SORBI_3004G108700	
SORBI_3004G111100	
SORBI_3004G111200	
SORBI_3004G111400	
SORBI_3004G111500	
SORBI_3004G111600	
SORBI_3004G112100	
SORBI_3004G112200	
SORBI_3004G112400	
SORBI_3004G112800	
SORBI_3004G112900	
SORBI_3004G113100	
SORBI_3004G113300	
SORBI_3004G113400	
SORBI_3004G113600	
SORBI_3004G113800	
SORBI_3004G114000	
SORBI_3004G114200	
SORBI_3004G114300	
SORBI_3004G114500	
SORBI_3004G114600	
SORBI_3004G115000	
SORBI_3004G115200	
SORBI_3004G115350	
SORBI_3004G115700	
SORBI_3004G115800	
SORBI_3004G115950	
SORBI_3004G116200	
SORBI_3004G116500	
SORBI_3004G116600	
SORBI_3004G125800	
SORBI_3004G126900	
SORBI_3004G127000	
SORBI_3004G127132	
SORBI_3004G127300	
SORBI_3004G127350	
SORBI_3004G127400	
SORBI_3004G127600	
SORBI_3004G130001	
SORBI_3004G130500	
SORBI_3004G130600	
SORBI_3004G130980	
SORBI_3004G131040	
SORBI_3004G131100	
SORBI_3004G131200	
SORBI_3004G131300	
SORBI_3004G131350	
SORBI_3004G132800	
SORBI_3004G132900	
SORBI_3004G133000	
SORBI_3004G133100	
SORBI_3004G133201	
SORBI_3004G134700	
SORBI_3004G134801	
SORBI_3004G134900	
SORBI_3004G135300	
SORBI_3004G136100	
SORBI_3004G136200	
SORBI_3004G136300	
SORBI_3004G136600	
SORBI_3004G136701	
SORBI_3004G136800	
SORBI_3004G137000	
SORBI_3004G137300	
SORBI_3004G137400	
SORBI_3004G137500	
SORBI_3004G137601	
SORBI_3004G137900	
SORBI_3004G138000	
SORBI_3004G138100	
SORBI_3004G139400	
SORBI_3004G139700	
SORBI_3004G139800	
SORBI_3004G139900	
SORBI_3004G140000	
SORBI_3004G140300	
SORBI_3004G140400	
SORBI_3004G140501	
SORBI_3004G140600	
SORBI_3004G141800	
SORBI_3004G144600	
SORBI_3004G144700	
SORBI_3004G147400	
SORBI_3004G147500	
SORBI_3004G147600	
SORBI_3004G147800	
SORBI_3004G147900	
SORBI_3004G147950	
SORBI_3004G148000	
SORBI_3004G148100	
SORBI_3004G148600	
SORBI_3004G148750	
SORBI_3004G149800	
SORBI_3004G153900	
SORBI_3004G154700	
SORBI_3004G158100	
SORBI_3004G158200	
SORBI_3004G158300	
SORBI_3004G163100	
SORBI_3004G174900	
SORBI_3004G175300	
SORBI_3004G175400	
SORBI_3004G175500	
SORBI_3004G175600	
SORBI_3004G175700	
SORBI_3004G175800	
SORBI_3004G176000	
SORBI_3004G176200	
SORBI_3004G181500	
SORBI_3004G181600	
SORBI_3004G181700	
SORBI_3004G181800	
SORBI_3004G181900	
SORBI_3004G182000	
SORBI_3004G182100	
SORBI_3004G182201	
SORBI_3004G183100	
SORBI_3004G183300	
SORBI_3004G183400	
SORBI_3004G183501	
SORBI_3004G183600	
SORBI_3004G183701	
SORBI_3004G183800	
SORBI_3004G183900	
SORBI_3004G184000	
SORBI_3004G184101	
SORBI_3004G184200	
SORBI_3004G184800	
SORBI_3004G187800	
SORBI_3004G191000	
SORBI_3004G191300	
SORBI_3004G191800	
SORBI_3004G192700	
SORBI_3004G193900	
SORBI_3004G194000	
SORBI_3004G194100	
SORBI_3004G194500	
SORBI_3004G194600	
SORBI_3004G194700	
SORBI_3004G197600	
SORBI_3004G197700	
SORBI_3004G197900	
SORBI_3004G202500	
SORBI_3004G202600	
SORBI_3004G203500	
SORBI_3004G203600	
SORBI_3004G205000	
SORBI_3004G205100	
SORBI_3004G205200	
SORBI_3004G205600	
SORBI_3004G206050	
SORBI_3004G206200	
SORBI_3004G206300	
SORBI_3004G206401	
SORBI_3004G206500	
SORBI_3004G206600	
SORBI_3004G206700	
SORBI_3004G206800	
SORBI_3004G207000	
SORBI_3004G207100	
SORBI_3004G207200	
SORBI_3004G207500	
SORBI_3004G208000	
SORBI_3004G208700	
SORBI_3004G217800	
SORBI_3004G218900	
SORBI_3004G219000	
SORBI_3004G221900	
SORBI_3004G222000	
SORBI_3004G222100	
SORBI_3004G222500	
SORBI_3004G222600	
SORBI_3004G223300	
SORBI_3004G223600	
SORBI_3004G225900	
SORBI_3004G228300	
SORBI_3004G228400	
SORBI_3004G230800	
SORBI_3004G230900	
SORBI_3004G249900	
SORBI_3004G252200	
SORBI_3004G252500	
SORBI_3004G252700	
SORBI_3004G252850	
SORBI_3004G252900	
SORBI_3004G253050	
SORBI_3004G253100	
SORBI_3004G253200	
SORBI_3004G253300	
SORBI_3004G253500	
SORBI_3004G253900	
SORBI_3004G259101	
SORBI_3004G260500	
SORBI_3004G275600	
SORBI_3004G275700	
SORBI_3004G275800	
SORBI_3004G276200	
SORBI_3004G276400	
SORBI_3004G276600	
SORBI_3004G276800	
SORBI_3004G276900	
SORBI_3004G278650	
SORBI_3004G284500	
SORBI_3004G303100	
SORBI_3004G309900	
SORBI_3004G310000	
SORBI_3004G310100	
SORBI_3004G310300	
SORBI_3004G311000	
SORBI_3004G311500	
SORBI_3004G312600	
SORBI_3004G329000	
SORBI_3004G329100	
SORBI_3004G329201	
SORBI_3004G329600	
SORBI_3004G329700	
SORBI_3004G329800	
SORBI_3004G330000	
SORBI_3004G331200	
SORBI_3004G331600	
SORBI_3004G331700	
SORBI_3004G331800	
SORBI_3004G331900	
SORBI_3004G332000	
SORBI_3004G332100	
SORBI_3004G332200	
SORBI_3004G332300	
SORBI_3004G332400	
SORBI_3004G332500	
SORBI_3004G332600	
SORBI_3004G332700	
SORBI_3004G332800	
SORBI_3004G332900	
SORBI_3004G333000	
SORBI_3004G334200	
SORBI_3004G334300	
SORBI_3004G334501	
SORBI_3004G334900	
SORBI_3004G335200	
SORBI_3004G335300	
SORBI_3004G335500	
SORBI_3004G335700	
SORBI_3004G339100	
SORBI_3004G341300	
SORBI_3004G341600	
SORBI_3004G341700	
SORBI_3004G341800	
SORBI_3004G341900	
SORBI_3004G342000	
SORBI_3004G347100	
SORBI_3004G347800	
SORBI_3004G347833	
SORBI_3004G349500	
SORBI_3004G349550	
SORBI_3004G349600	
SORBI_3004G349700	
SORBI_3004G353200	
SORBI_3004G353400	
SORBI_3005G007700	
SORBI_3005G011000	
SORBI_3005G011200	
SORBI_3005G011300	
SORBI_3005G011500	
SORBI_3005G012000	
SORBI_3005G012200	
SORBI_3005G012400	
SORBI_3005G012800	
SORBI_3005G013000	
SORBI_3005G013050	
SORBI_3005G013200	
SORBI_3005G013300	
SORBI_3005G013500	
SORBI_3005G013600	
SORBI_3005G013700	
SORBI_3005G013901	
SORBI_3005G014100	
SORBI_3005G015200	
SORBI_3005G017000	
SORBI_3005G018050	
SORBI_3005G028700	
SORBI_3005G028800	
SORBI_3005G028900	
SORBI_3005G034200	
SORBI_3005G035900	
SORBI_3005G036100	
SORBI_3005G036200	
SORBI_3005G036300	
SORBI_3005G036400	
SORBI_3005G036450	
SORBI_3005G036500	
SORBI_3005G037900	
SORBI_3005G038100	
SORBI_3005G040700	
SORBI_3005G040800	
SORBI_3005G040900	
SORBI_3005G040950	
SORBI_3005G041500	
SORBI_3005G041700	
SORBI_3005G043000	
SORBI_3005G053001	
SORBI_3005G054000	
SORBI_3005G054300	
SORBI_3005G054600	
SORBI_3005G054700	
SORBI_3005G055400	
SORBI_3005G056400	
SORBI_3005G057201	
SORBI_3005G061500	
SORBI_3005G061900	
SORBI_3005G062200	
SORBI_3005G079400	
SORBI_3005G079800	
SORBI_3005G080501	
SORBI_3005G080600	
SORBI_3005G082950	
SORBI_3005G086650	
SORBI_3005G087900	
SORBI_3005G088100	
SORBI_3005G088500	
SORBI_3005G088600	
SORBI_3005G088700	
SORBI_3005G088900	
SORBI_3005G089800	
SORBI_3005G089900	
SORBI_3005G090200	
SORBI_3005G090401	
SORBI_3005G090500	
SORBI_3005G098100	
SORBI_3005G098250	
SORBI_3005G098501	
SORBI_3005G098700	
SORBI_3005G098800	
SORBI_3005G098900	
SORBI_3005G099000	
SORBI_3005G099100	
SORBI_3005G099150	
SORBI_3005G099500	
SORBI_3005G100500	
SORBI_3005G100700	
SORBI_3005G100900	
SORBI_3005G101000	
SORBI_3005G101100	
SORBI_3005G101200	
SORBI_3005G101300	
SORBI_3005G101400	
SORBI_3005G101800	
SORBI_3005G101850	
SORBI_3005G101900	
SORBI_3005G102500	
SORBI_3005G104850	
SORBI_3005G105000	
SORBI_3005G105300	
SORBI_3005G105500	
SORBI_3005G105550	
SORBI_3005G105600	
SORBI_3005G105700	
SORBI_3005G105850	
SORBI_3005G106000	
SORBI_3005G106200	
SORBI_3005G106300	
SORBI_3005G106366	
SORBI_3005G106432	
SORBI_3005G106500	
SORBI_3005G106600	
SORBI_3005G106700	
SORBI_3005G106800	
SORBI_3005G106900	
SORBI_3005G107200	
SORBI_3005G107300	
SORBI_3005G107400	
SORBI_3005G107500	
SORBI_3005G108075	
SORBI_3005G108150	
SORBI_3005G108300	
SORBI_3005G108400	
SORBI_3005G108500	
SORBI_3005G108501	
SORBI_3005G108600	
SORBI_3005G108601	
SORBI_3005G108700	
SORBI_3005G108801	
SORBI_3005G108900	
SORBI_3005G109000	
SORBI_3005G109101	
SORBI_3005G109300	
SORBI_3005G109800	
SORBI_3005G109900	
SORBI_3005G110040	
SORBI_3005G110120	
SORBI_3005G110160	
SORBI_3005G110463	
SORBI_3005G110487	
SORBI_3005G110508	
SORBI_3005G110511	
SORBI_3005G110514	
SORBI_3005G110517	
SORBI_3005G110520	
SORBI_3005G110523	
SORBI_3005G110535	
SORBI_3005G110538	
SORBI_3005G110541	
SORBI_3005G110544	
SORBI_3005G110553	
SORBI_3005G110562	
SORBI_3005G110600	
SORBI_3005G110800	
SORBI_3005G110900	
SORBI_3005G111000	
SORBI_3005G111200	
SORBI_3005G114600	
SORBI_3005G114800	
SORBI_3005G115000	
SORBI_3005G115200	
SORBI_3005G115300	
SORBI_3005G115500	
SORBI_3005G115600	
SORBI_3005G115900	
SORBI_3005G117500	
SORBI_3005G117600	
SORBI_3005G117700	
SORBI_3005G117801	
SORBI_3005G118300	
SORBI_3005G118400	
SORBI_3005G118500	
SORBI_3005G118600	
SORBI_3005G118700	
SORBI_3005G118800	
SORBI_3005G118900	
SORBI_3005G119001	
SORBI_3005G119100	
SORBI_3005G119250	
SORBI_3005G119700	
SORBI_3005G119800	
SORBI_3005G119900	
SORBI_3005G119950	
SORBI_3005G120101	
SORBI_3005G120201	
SORBI_3005G120301	
SORBI_3005G120400	
SORBI_3005G120700	
SORBI_3005G120800	
SORBI_3005G120900	
SORBI_3005G121100	
SORBI_3005G121200	
SORBI_3005G121300	
SORBI_3005G123900	
SORBI_3005G124100	
SORBI_3005G124200	
SORBI_3005G124400	
SORBI_3005G124500	
SORBI_3005G124850	
SORBI_3005G125000	
SORBI_3005G125100	
SORBI_3005G125200	
SORBI_3005G125300	
SORBI_3005G125400	
SORBI_3005G125600	
SORBI_3005G125700	
SORBI_3005G125800	
SORBI_3005G125950	
SORBI_3005G126300	
SORBI_3005G126401	
SORBI_3005G126701	
SORBI_3005G126900	
SORBI_3005G127000	
SORBI_3005G127100	
SORBI_3005G127200	
SORBI_3005G127300	
SORBI_3005G127800	
SORBI_3005G128700	
SORBI_3005G129201	
SORBI_3005G129301	
SORBI_3005G129400	
SORBI_3005G141100	
SORBI_3005G141200	
SORBI_3005G141500	
SORBI_3005G141801	
SORBI_3005G143400	
SORBI_3005G143800	
SORBI_3005G143900	
SORBI_3005G144101	
SORBI_3005G144201	
SORBI_3005G144300	
SORBI_3005G144400	
SORBI_3005G144450	
SORBI_3005G144500	
SORBI_3005G144600	
SORBI_3005G144800	
SORBI_3005G144900	
SORBI_3005G145000	
SORBI_3005G145100	
SORBI_3005G145201	
SORBI_3005G146300	
SORBI_3005G146533	
SORBI_3005G146800	
SORBI_3005G146900	
SORBI_3005G148500	
SORBI_3005G149000	
SORBI_3005G152200	
SORBI_3005G152250	
SORBI_3005G154300	
SORBI_3005G156500	
SORBI_3005G156600	
SORBI_3005G156700	
SORBI_3005G156800	
SORBI_3005G160100	
SORBI_3005G161900	
SORBI_3005G175300	
SORBI_3005G175400	
SORBI_3005G175500	
SORBI_3005G181800	
SORBI_3005G182701	
SORBI_3005G182900	
SORBI_3005G183100	
SORBI_3005G183200	
SORBI_3005G183300	
SORBI_3005G183400	
SORBI_3005G183450	
SORBI_3005G183500	
SORBI_3005G183600	
SORBI_3005G183700	
SORBI_3005G183900	
SORBI_3005G184000	
SORBI_3005G184050	
SORBI_3005G184200	
SORBI_3005G184500	
SORBI_3005G184900	
SORBI_3005G185100	
SORBI_3005G185150	
SORBI_3005G185200	
SORBI_3005G185400	
SORBI_3005G185500	
SORBI_3005G186700	
SORBI_3005G186800	
SORBI_3005G187000	
SORBI_3005G187900	
SORBI_3005G189700	
SORBI_3005G189900	
SORBI_3005G190000	
SORBI_3005G190100	
SORBI_3005G190200	
SORBI_3005G190300	
SORBI_3005G190500	
SORBI_3005G190600	
SORBI_3005G190700	
SORBI_3005G190800	
SORBI_3005G190900	
SORBI_3005G191000	
SORBI_3005G191101	
SORBI_3005G191200	
SORBI_3005G193220	
SORBI_3005G194300	
SORBI_3005G194500	
SORBI_3005G195700	
SORBI_3005G195900	
SORBI_3005G196000	
SORBI_3005G198600	
SORBI_3005G198800	
SORBI_3005G198901	
SORBI_3005G200300	
SORBI_3005G200600	
SORBI_3005G200800	
SORBI_3005G200900	
SORBI_3005G202500	
SORBI_3005G204600	
SORBI_3005G208275	
SORBI_3005G211301	
SORBI_3005G211400	
SORBI_3005G211500	
SORBI_3005G212100	
SORBI_3005G217000	
SORBI_3005G217101	
SORBI_3005G217500	
SORBI_3005G217700	
SORBI_3005G218201	
SORBI_3005G218600	
SORBI_3005G218700	
SORBI_3005G219700	
SORBI_3005G219800	
SORBI_3005G219900	
SORBI_3005G220101	
SORBI_3005G220200	
SORBI_3005G220300	
SORBI_3005G220400	
SORBI_3005G220500	
SORBI_3005G220560	
SORBI_3005G220680	
SORBI_3005G220740	
SORBI_3005G220800	
SORBI_3005G222650	
SORBI_3005G222700	
SORBI_3005G222800	
SORBI_3005G222900	
SORBI_3005G223450	
SORBI_3005G223600	
SORBI_3005G223925	
SORBI_3005G224200	
SORBI_3005G224300	
SORBI_3005G224500	
SORBI_3005G224900	
SORBI_3005G225200	
SORBI_3005G225500	
SORBI_3005G225700	
SORBI_3005G225800	
SORBI_3005G226000	
SORBI_3005G227000	
SORBI_3005G227050	
SORBI_3005G227600	
SORBI_3005G227800	
SORBI_3006G000100	
SORBI_3006G000200	
SORBI_3006G000400	
SORBI_3006G000600	
SORBI_3006G000700	
SORBI_3006G001000	
SORBI_3006G001100	
SORBI_3006G001200	
SORBI_3006G010700	
SORBI_3006G016900	
SORBI_3006G017100	
SORBI_3006G017200	
SORBI_3006G017266	
SORBI_3006G017332	
SORBI_3006G017400	
SORBI_3006G017500	
SORBI_3006G017600	
SORBI_3006G017700	
SORBI_3006G017800	
SORBI_3006G025300	
SORBI_3006G032400	
SORBI_3006G032500	
SORBI_3006G032600	
SORBI_3006G032700	
SORBI_3006G032800	
SORBI_3006G032900	
SORBI_3006G033001	
SORBI_3006G033101	
SORBI_3006G033200	
SORBI_3006G033260	
SORBI_3006G033320	
SORBI_3006G033380	
SORBI_3006G034200	
SORBI_3006G034225	
SORBI_3006G034250	
SORBI_3006G034275	
SORBI_3006G034650	
SORBI_3006G035200	
SORBI_3006G035400	
SORBI_3006G035500	
SORBI_3006G035600	
SORBI_3006G035700	
SORBI_3006G036300	
SORBI_3006G036400	
SORBI_3006G036500	
SORBI_3006G036566	
SORBI_3006G036632	
SORBI_3006G036700	
SORBI_3006G037000	
SORBI_3006G037050	
SORBI_3006G037100	
SORBI_3006G037200	
SORBI_3006G037300	
SORBI_3006G037401	
SORBI_3006G037500	
SORBI_3006G037600	
SORBI_3006G037650	
SORBI_3006G037700	
SORBI_3006G037800	
SORBI_3006G037900	
SORBI_3006G038000	
SORBI_3006G038050	
SORBI_3006G038100	
SORBI_3006G038200	
SORBI_3006G038350	
SORBI_3006G038400	
SORBI_3006G038500	
SORBI_3006G038600	
SORBI_3006G038700	
SORBI_3006G039500	
SORBI_3006G039800	
SORBI_3006G039900	
SORBI_3006G040000	
SORBI_3006G040101	
SORBI_3006G040201	
SORBI_3006G040301	
SORBI_3006G040401	
SORBI_3006G040500	
SORBI_3006G040700	
SORBI_3006G040800	
SORBI_3006G041700	
SORBI_3006G042425	
SORBI_3006G042500	
SORBI_3006G042800	
SORBI_3006G042900	
SORBI_3006G043300	
SORBI_3006G043400	
SORBI_3006G044000	
SORBI_3006G044100	
SORBI_3006G044200	
SORBI_3006G044301	
SORBI_3006G044400	
SORBI_3006G044466	
SORBI_3006G044532	
SORBI_3006G044600	
SORBI_3006G044800	
SORBI_3006G046700	
SORBI_3006G046900	
SORBI_3006G047100	
SORBI_3006G047200	
SORBI_3006G047300	
SORBI_3006G047400	
SORBI_3006G047500	
SORBI_3006G048100	
SORBI_3006G048201	
SORBI_3006G048300	
SORBI_3006G048400	
SORBI_3006G048500	
SORBI_3006G048600	
SORBI_3006G048700	
SORBI_3006G048775	
SORBI_3006G048925	
SORBI_3006G049000	
SORBI_3006G049100	
SORBI_3006G049200	
SORBI_3006G049300	
SORBI_3006G049450	
SORBI_3006G049600	
SORBI_3006G049633	
SORBI_3006G049666	
SORBI_3006G049700	
SORBI_3006G049900	
SORBI_3006G050000	
SORBI_3006G050050	
SORBI_3006G050100	
SORBI_3006G061000	
SORBI_3006G063500	
SORBI_3006G063600	
SORBI_3006G063700	
SORBI_3006G064400	
SORBI_3006G080300	
SORBI_3006G117600	
SORBI_3006G118100	
SORBI_3006G118150	
SORBI_3006G118200	
SORBI_3006G118300	
SORBI_3006G118400	
SORBI_3006G118700	
SORBI_3006G118800	
SORBI_3006G118850	
SORBI_3006G119300	
SORBI_3006G119400	
SORBI_3006G119600	
SORBI_3006G119700	
SORBI_3006G119800	
SORBI_3006G119900	
SORBI_3006G120000	
SORBI_3006G120100	
SORBI_3006G120200	
SORBI_3006G120301	
SORBI_3006G120400	
SORBI_3006G121900	
SORBI_3006G130700	
SORBI_3006G138800	
SORBI_3006G138900	
SORBI_3006G139100	
SORBI_3006G139200	
SORBI_3006G139400	
SORBI_3006G139501	
SORBI_3006G139600	
SORBI_3006G139900	
SORBI_3006G140000	
SORBI_3006G140400	
SORBI_3006G140500	
SORBI_3006G140700	
SORBI_3006G140801	
SORBI_3006G163200	
SORBI_3006G163300	
SORBI_3006G163401	
SORBI_3006G166300	
SORBI_3006G166900	
SORBI_3006G182900	
SORBI_3006G183600	
SORBI_3006G183701	
SORBI_3006G183800	
SORBI_3006G183900	
SORBI_3006G184300	
SORBI_3006G184400	
SORBI_3006G184700	
SORBI_3006G186800	
SORBI_3006G187000	
SORBI_3006G187100	
SORBI_3006G187700	
SORBI_3006G187800	
SORBI_3006G188600	
SORBI_3006G188700	
SORBI_3006G188900	
SORBI_3006G190000	
SORBI_3006G190150	
SORBI_3006G190300	
SORBI_3006G190800	
SORBI_3006G190900	
SORBI_3006G190950	
SORBI_3006G191000	
SORBI_3006G191200	
SORBI_3006G191400	
SORBI_3006G191500	
SORBI_3006G191600	
SORBI_3006G191700	
SORBI_3006G191800	
SORBI_3006G191900	
SORBI_3006G192000	
SORBI_3006G192200	
SORBI_3006G192266	
SORBI_3006G192332	
SORBI_3006G192400	
SORBI_3006G193000	
SORBI_3006G194150	
SORBI_3006G194300	
SORBI_3006G194400	
SORBI_3006G194500	
SORBI_3006G194600	
SORBI_3006G194700	
SORBI_3006G194900	
SORBI_3006G195000	
SORBI_3006G195100	
SORBI_3006G195200	
SORBI_3006G195400	
SORBI_3006G195500	
SORBI_3006G198800	
SORBI_3006G202300	
SORBI_3006G208800	
SORBI_3006G209200	
SORBI_3006G209300	
SORBI_3006G209400	
SORBI_3006G209500	
SORBI_3006G209600	
SORBI_3006G209700	
SORBI_3006G209850	
SORBI_3006G210000	
SORBI_3006G210200	
SORBI_3006G210233	
SORBI_3006G210400	
SORBI_3006G210500	
SORBI_3006G210600	
SORBI_3006G210700	
SORBI_3006G210900	
SORBI_3006G211000	
SORBI_3006G211500	
SORBI_3006G213700	
SORBI_3006G213900	
SORBI_3006G214000	
SORBI_3006G214200	
SORBI_3006G214300	
SORBI_3006G214400	
SORBI_3006G214500	
SORBI_3006G215500	
SORBI_3006G215600	
SORBI_3006G216000	
SORBI_3006G216300	
SORBI_3006G216400	
SORBI_3006G216900	
SORBI_3006G217000	
SORBI_3006G217700	
SORBI_3006G217800	
SORBI_3006G217900	
SORBI_3006G218100	
SORBI_3006G218200	
SORBI_3006G218300	
SORBI_3006G219100	
SORBI_3006G219200	
SORBI_3006G219300	
SORBI_3006G219801	
SORBI_3006G219900	
SORBI_3006G220800	
SORBI_3006G228000	
SORBI_3006G228200	
SORBI_3006G230700	
SORBI_3006G230900	
SORBI_3006G231100	
SORBI_3006G231266	
SORBI_3006G231500	
SORBI_3006G231600	
SORBI_3006G231700	
SORBI_3006G231800	
SORBI_3006G231900	
SORBI_3006G232300	
SORBI_3006G243200	
SORBI_3006G243300	
SORBI_3006G243400	
SORBI_3006G243500	
SORBI_3006G243600	
SORBI_3006G243700	
SORBI_3006G243800	
SORBI_3006G243900	
SORBI_3006G244000	
SORBI_3006G244100	
SORBI_3006G244200	
SORBI_3006G245200	
SORBI_3006G247200	
SORBI_3006G248100	
SORBI_3006G258000	
SORBI_3006G258100	
SORBI_3006G258900	
SORBI_3006G273200	
SORBI_3006G276300	
SORBI_3006G276700	
SORBI_3006G277100	
SORBI_3006G277300	
SORBI_3006G277550	
SORBI_3006G277700	
SORBI_3006G277900	
SORBI_3006G278100	
SORBI_3006G278300	
SORBI_3006G278400	
SORBI_3006G278500	
SORBI_3006G278600	
SORBI_3006G278800	
SORBI_3006G278900	
SORBI_3006G278950	
SORBI_3006G279000	
SORBI_3006G279100	
SORBI_3006G279400	
SORBI_3006G279600	
SORBI_3006G279700	
SORBI_3006G280000	
SORBI_3006G280250	
SORBI_3007G008500	
SORBI_3007G010900	
SORBI_3007G011400	
SORBI_3007G011900	
SORBI_3007G012300	
SORBI_3007G012500	
SORBI_3007G012600	
SORBI_3007G012700	
SORBI_3007G012800	
SORBI_3007G013000	
SORBI_3007G013100	
SORBI_3007G013700	
SORBI_3007G013800	
SORBI_3007G013900	
SORBI_3007G014100	
SORBI_3007G014800	
SORBI_3007G017800	
SORBI_3007G018601	
SORBI_3007G018700	
SORBI_3007G019501	
SORBI_3007G037700	
SORBI_3007G037800	
SORBI_3007G037900	
SORBI_3007G038000	
SORBI_3007G038366	
SORBI_3007G038432	
SORBI_3007G038800	
SORBI_3007G039300	
SORBI_3007G039400	
SORBI_3007G039500	
SORBI_3007G039600	
SORBI_3007G041100	
SORBI_3007G041200	
SORBI_3007G041300	
SORBI_3007G041400	
SORBI_3007G041500	
SORBI_3007G041800	
SORBI_3007G041900	
SORBI_3007G042100	
SORBI_3007G042150	
SORBI_3007G042200	
SORBI_3007G042300	
SORBI_3007G046200	
SORBI_3007G048500	
SORBI_3007G048700	
SORBI_3007G048800	
SORBI_3007G048900	
SORBI_3007G049100	
SORBI_3007G049200	
SORBI_3007G050000	
SORBI_3007G050100	
SORBI_3007G055800	
SORBI_3007G059700	
SORBI_3007G060100	
SORBI_3007G070700	
SORBI_3007G070900	
SORBI_3007G071000	
SORBI_3007G071100	
SORBI_3007G071200	
SORBI_3007G071300	
SORBI_3007G071400	
SORBI_3007G071500	
SORBI_3007G071600	
SORBI_3007G071700	
SORBI_3007G071800	
SORBI_3007G085800	
SORBI_3007G086032	
SORBI_3007G086300	
SORBI_3007G089300	
SORBI_3007G089400	
SORBI_3007G089500	
SORBI_3007G089533	
SORBI_3007G089600	
SORBI_3007G089800	
SORBI_3007G089900	
SORBI_3007G090400	
SORBI_3007G090403	
SORBI_3007G090406	
SORBI_3007G090412	
SORBI_3007G090415	
SORBI_3007G090418	
SORBI_3007G090421	
SORBI_3007G090424	
SORBI_3007G090537	
SORBI_3007G090600	
SORBI_3007G090701	
SORBI_3007G090900	
SORBI_3007G091000	
SORBI_3007G091301	
SORBI_3007G091400	
SORBI_3007G091600	
SORBI_3007G096900	
SORBI_3007G097000	
SORBI_3007G099133	
SORBI_3007G099400	
SORBI_3007G099500	
SORBI_3007G100800	
SORBI_3007G101500	
SORBI_3007G101600	
SORBI_3007G102400	
SORBI_3007G103000	
SORBI_3007G103100	
SORBI_3007G103300	
SORBI_3007G103350	
SORBI_3007G103400	
SORBI_3007G103600	
SORBI_3007G103732	
SORBI_3007G106800	
SORBI_3007G109200	
SORBI_3007G109301	
SORBI_3007G109400	
SORBI_3007G109700	
SORBI_3007G109800	
SORBI_3007G110333	
SORBI_3007G110400	
SORBI_3007G110500	
SORBI_3007G110700	
SORBI_3007G111800	
SORBI_3007G111901	
SORBI_3007G112000	
SORBI_3007G112100	
SORBI_3007G112200	
SORBI_3007G112301	
SORBI_3007G112400	
SORBI_3007G112500	
SORBI_3007G112700	
SORBI_3007G112900	
SORBI_3007G113101	
SORBI_3007G113200	
SORBI_3007G113900	
SORBI_3007G114000	
SORBI_3007G114200	
SORBI_3007G114401	
SORBI_3007G120000	
SORBI_3007G120100	
SORBI_3007G121950	
SORBI_3007G122000	
SORBI_3007G130100	
SORBI_3007G130200	
SORBI_3007G130600	
SORBI_3007G137350	
SORBI_3007G137400	
SORBI_3007G138700	
SORBI_3007G139000	
SORBI_3007G140050	
SORBI_3007G141420	
SORBI_3007G145901	
SORBI_3007G148300	
SORBI_3007G149700	
SORBI_3007G149900	
SORBI_3007G153001	
SORBI_3007G153100	
SORBI_3007G153200	
SORBI_3007G156200	
SORBI_3007G156700	
SORBI_3007G156800	
SORBI_3007G156900	
SORBI_3007G157000	
SORBI_3007G157700	
SORBI_3007G157800	
SORBI_3007G158200	
SORBI_3007G158600	
SORBI_3007G159800	
SORBI_3007G160400	
SORBI_3007G160700	
SORBI_3007G160900	
SORBI_3007G161300	
SORBI_3007G161400	
SORBI_3007G161450	
SORBI_3007G161600	
SORBI_3007G161800	
SORBI_3007G162000	
SORBI_3007G162100	
SORBI_3007G162200	
SORBI_3007G162400	
SORBI_3007G163200	
SORBI_3007G163300	
SORBI_3007G170700	
SORBI_3007G171000	
SORBI_3007G171200	
SORBI_3007G171300	
SORBI_3007G171400	
SORBI_3007G171500	
SORBI_3007G171600	
SORBI_3007G171700	
SORBI_3007G171800	
SORBI_3007G171950	
SORBI_3007G172200	
SORBI_3007G172300	
SORBI_3007G172400	
SORBI_3007G172500	
SORBI_3007G172600	
SORBI_3007G172700	
SORBI_3007G172800	
SORBI_3007G172900	
SORBI_3007G173000	
SORBI_3007G173100	
SORBI_3007G173150	
SORBI_3007G173200	
SORBI_3007G173300	
SORBI_3007G173400	
SORBI_3007G173500	
SORBI_3007G173700	
SORBI_3007G174300	
SORBI_3007G174500	
SORBI_3007G174900	
SORBI_3007G178500	
SORBI_3007G179100	
SORBI_3007G179750	
SORBI_3007G179900	
SORBI_3007G180000	
SORBI_3007G180050	
SORBI_3007G180200	
SORBI_3007G180300	
SORBI_3007G180450	
SORBI_3007G180800	
SORBI_3007G181100	
SORBI_3007G181400	
SORBI_3007G181500	
SORBI_3007G182700	
SORBI_3007G183050	
SORBI_3007G183200	
SORBI_3007G183300	
SORBI_3007G183500	
SORBI_3007G183700	
SORBI_3007G183800	
SORBI_3007G183900	
SORBI_3007G197800	
SORBI_3007G201300	
SORBI_3007G201500	
SORBI_3007G201600	
SORBI_3007G201800	
SORBI_3007G201900	
SORBI_3007G202000	
SORBI_3007G202100	
SORBI_3007G202300	
SORBI_3007G202360	
SORBI_3007G202600	
SORBI_3007G204300	
SORBI_3007G204350	
SORBI_3007G204400	
SORBI_3007G204500	
SORBI_3007G205000	
SORBI_3007G205200	
SORBI_3007G205400	
SORBI_3007G205700	
SORBI_3007G205800	
SORBI_3007G207200	
SORBI_3007G207400	
SORBI_3007G207500	
SORBI_3007G207600	
SORBI_3007G210500	
SORBI_3007G210801	
SORBI_3007G212300	
SORBI_3007G215900	
SORBI_3007G216700	
SORBI_3007G216800	
SORBI_3007G216900	
SORBI_3007G217000	
SORBI_3007G217100	
SORBI_3007G217300	
SORBI_3007G217350	
SORBI_3007G217400	
SORBI_3007G217700	
SORBI_3007G217800	
SORBI_3007G218200	
SORBI_3008G004500	
SORBI_3008G004600	
SORBI_3008G004700	
SORBI_3008G004800	
SORBI_3008G004900	
SORBI_3008G005100	
SORBI_3008G005200	
SORBI_3008G005300	
SORBI_3008G005400	
SORBI_3008G005600	
SORBI_3008G005700	
SORBI_3008G005800	
SORBI_3008G005900	
SORBI_3008G006100	
SORBI_3008G006200	
SORBI_3008G006500	
SORBI_3008G006601	
SORBI_3008G006700	
SORBI_3008G006900	
SORBI_3008G007000	
SORBI_3008G012200	
SORBI_3008G015600	
SORBI_3008G015700	
SORBI_3008G015800	
SORBI_3008G015900	
SORBI_3008G016000	
SORBI_3008G016100	
SORBI_3008G016200	
SORBI_3008G016250	
SORBI_3008G016850	
SORBI_3008G016900	
SORBI_3008G017000	
SORBI_3008G017100	
SORBI_3008G017200	
SORBI_3008G017300	
SORBI_3008G017500	
SORBI_3008G017800	
SORBI_3008G017850	
SORBI_3008G018100	
SORBI_3008G018400	
SORBI_3008G018500	
SORBI_3008G018600	
SORBI_3008G019000	
SORBI_3008G021200	
SORBI_3008G021900	
SORBI_3008G022200	
SORBI_3008G022300	
SORBI_3008G022400	
SORBI_3008G022500	
SORBI_3008G022701	
SORBI_3008G023200	
SORBI_3008G023600	
SORBI_3008G023801	
SORBI_3008G024400	
SORBI_3008G025600	
SORBI_3008G025700	
SORBI_3008G025800	
SORBI_3008G025900	
SORBI_3008G027000	
SORBI_3008G027200	
SORBI_3008G027900	
SORBI_3008G028400	
SORBI_3008G028533	
SORBI_3008G028566	
SORBI_3008G028600	
SORBI_3008G028700	
SORBI_3008G029800	
SORBI_3008G030100	
SORBI_3008G030900	
SORBI_3008G031000	
SORBI_3008G032701	
SORBI_3008G033300	
SORBI_3008G033400	
SORBI_3008G033500	
SORBI_3008G033600	
SORBI_3008G033700	
SORBI_3008G033800	
SORBI_3008G035000	
SORBI_3008G035501	
SORBI_3008G036000	
SORBI_3008G042100	
SORBI_3008G043600	
SORBI_3008G044100	
SORBI_3008G044200	
SORBI_3008G045600	
SORBI_3008G048200	
SORBI_3008G048300	
SORBI_3008G048800	
SORBI_3008G048900	
SORBI_3008G048933	
SORBI_3008G048966	
SORBI_3008G049000	
SORBI_3008G049100	
SORBI_3008G049200	
SORBI_3008G050600	
SORBI_3008G050800	
SORBI_3008G053700	
SORBI_3008G061201	
SORBI_3008G061300	
SORBI_3008G061701	
SORBI_3008G061801	
SORBI_3008G061900	
SORBI_3008G062000	
SORBI_3008G062200	
SORBI_3008G062300	
SORBI_3008G062400	
SORBI_3008G062500	
SORBI_3008G062700	
SORBI_3008G062800	
SORBI_3008G063300	
SORBI_3008G063500	
SORBI_3008G063600	
SORBI_3008G064000	
SORBI_3008G064100	
SORBI_3008G064200	
SORBI_3008G064250	
SORBI_3008G064500	
SORBI_3008G070200	
SORBI_3008G070500	
SORBI_3008G070600	
SORBI_3008G070650	
SORBI_3008G070700	
SORBI_3008G070800	
SORBI_3008G071050	
SORBI_3008G071200	
SORBI_3008G072800	
SORBI_3008G072850	
SORBI_3008G072900	
SORBI_3008G076100	
SORBI_3008G076200	
SORBI_3008G076250	
SORBI_3008G076300	
SORBI_3008G076401	
SORBI_3008G077100	
SORBI_3008G077300	
SORBI_3008G077400	
SORBI_3008G077550	
SORBI_3008G077600	
SORBI_3008G077700	
SORBI_3008G077800	
SORBI_3008G077900	
SORBI_3008G078000	
SORBI_3008G078100	
SORBI_3008G078200	
SORBI_3008G078300	
SORBI_3008G078550	
SORBI_3008G078700	
SORBI_3008G078800	
SORBI_3008G078900	
SORBI_3008G078966	
SORBI_3008G079032	
SORBI_3008G079100	
SORBI_3008G079200	
SORBI_3008G079300	
SORBI_3008G080100	
SORBI_3008G080801	
SORBI_3008G080900	
SORBI_3008G081000	
SORBI_3008G081100	
SORBI_3008G081150	
SORBI_3008G081200	
SORBI_3008G081300	
SORBI_3008G081400	
SORBI_3008G081500	
SORBI_3008G081600	
SORBI_3008G081800	
SORBI_3008G081900	
SORBI_3008G082000	
SORBI_3008G082100	
SORBI_3008G082150	
SORBI_3008G082450	
SORBI_3008G082500	
SORBI_3008G082800	
SORBI_3008G085050	
SORBI_3008G085700	
SORBI_3008G086401	
SORBI_3008G087866	
SORBI_3008G088200	
SORBI_3008G088450	
SORBI_3008G088500	
SORBI_3008G088803	
SORBI_3008G088818	
SORBI_3008G088821	
SORBI_3008G088827	
SORBI_3008G088830	
SORBI_3008G088845	
SORBI_3008G088848	
SORBI_3008G088887	
SORBI_3008G089700	
SORBI_3008G090200	
SORBI_3008G090800	
SORBI_3008G090900	
SORBI_3008G091100	
SORBI_3008G091300	
SORBI_3008G091557	
SORBI_3008G091614	
SORBI_3008G091671	
SORBI_3008G091900	
SORBI_3008G092600	
SORBI_3008G092800	
SORBI_3008G092866	
SORBI_3008G093000	
SORBI_3008G093101	
SORBI_3008G093200	
SORBI_3008G093300	
SORBI_3008G093500	
SORBI_3008G093600	
SORBI_3008G093700	
SORBI_3008G094150	
SORBI_3008G094300	
SORBI_3008G094400	
SORBI_3008G094500	
SORBI_3008G094600	
SORBI_3008G094650	
SORBI_3008G094800	
SORBI_3008G095100	
SORBI_3008G095150	
SORBI_3008G095200	
SORBI_3008G095400	
SORBI_3008G095500	
SORBI_3008G095633	
SORBI_3008G095766	
SORBI_3008G095900	
SORBI_3008G096000	
SORBI_3008G096050	
SORBI_3008G096100	
SORBI_3008G096150	
SORBI_3008G096200	
SORBI_3008G096300	
SORBI_3008G097700	
SORBI_3008G097900	
SORBI_3008G097966	
SORBI_3008G098098	
SORBI_3008G098164	
SORBI_3008G098230	
SORBI_3008G098300	
SORBI_3008G098400	
SORBI_3008G098500	
SORBI_3008G098600	
SORBI_3008G098700	
SORBI_3008G098800	
SORBI_3008G098900	
SORBI_3008G099000	
SORBI_3008G099100	
SORBI_3008G099166	
SORBI_3008G099232	
SORBI_3008G099300	
SORBI_3008G099500	
SORBI_3008G099600	
SORBI_3008G099800	
SORBI_3008G099900	
SORBI_3008G100000	
SORBI_3008G100100	
SORBI_3008G100300	
SORBI_3008G100400	
SORBI_3008G100600	
SORBI_3008G100700	
SORBI_3008G100801	
SORBI_3008G100900	
SORBI_3008G100950	
SORBI_3008G101000	
SORBI_3008G101100	
SORBI_3008G101200	
SORBI_3008G101300	
SORBI_3008G101400	
SORBI_3008G101500	
SORBI_3008G101600	
SORBI_3008G101800	
SORBI_3008G101850	
SORBI_3008G102000	
SORBI_3008G102850	
SORBI_3008G103066	
SORBI_3008G103132	
SORBI_3008G103200	
SORBI_3008G103300	
SORBI_3008G103400	
SORBI_3008G103500	
SORBI_3008G103700	
SORBI_3008G103800	
SORBI_3008G103900	
SORBI_3008G104000	
SORBI_3008G104100	
SORBI_3008G104200	
SORBI_3008G104300	
SORBI_3008G104400	
SORBI_3008G104500	
SORBI_3008G104601	
SORBI_3008G104801	
SORBI_3008G104900	
SORBI_3008G105000	
SORBI_3008G105100	
SORBI_3008G105200	
SORBI_3008G105300	
SORBI_3008G105366	
SORBI_3008G105500	
SORBI_3008G105600	
SORBI_3008G105800	
SORBI_3008G105850	
SORBI_3008G105900	
SORBI_3008G106000	
SORBI_3008G106100	
SORBI_3008G106200	
SORBI_3008G106301	
SORBI_3008G106500	
SORBI_3008G106550	
SORBI_3008G106600	
SORBI_3008G106700	
SORBI_3008G106800	
SORBI_3008G106900	
SORBI_3008G107500	
SORBI_3008G107600	
SORBI_3008G107800	
SORBI_3008G108000	
SORBI_3008G108300	
SORBI_3008G108500	
SORBI_3008G108700	
SORBI_3008G108800	
SORBI_3008G108900	
SORBI_3008G108950	
SORBI_3008G109000	
SORBI_3008G109300	
SORBI_3008G109600	
SORBI_3008G109900	
SORBI_3008G109950	
SORBI_3008G110000	
SORBI_3008G110050	
SORBI_3008G110151	
SORBI_3008G110200	
SORBI_3008G110300	
SORBI_3008G110400	
SORBI_3008G110450	
SORBI_3008G110700	
SORBI_3008G110800	
SORBI_3008G110900	
SORBI_3008G111000	
SORBI_3008G111100	
SORBI_3008G111150	
SORBI_3008G111300	
SORBI_3008G117100	
SORBI_3008G119000	
SORBI_3008G119100	
SORBI_3008G119900	
SORBI_3008G122100	
SORBI_3008G122200	
SORBI_3008G122250	
SORBI_3008G122300	
SORBI_3008G122400	
SORBI_3008G122500	
SORBI_3008G122700	
SORBI_3008G122800	
SORBI_3008G123000	
SORBI_3008G123100	
SORBI_3008G123500	
SORBI_3008G123600	
SORBI_3008G123700	
SORBI_3008G123801	
SORBI_3008G123900	
SORBI_3008G124000	
SORBI_3008G124100	
SORBI_3008G124400	
SORBI_3008G124500	
SORBI_3008G126200	
SORBI_3008G127250	
SORBI_3008G131200	
SORBI_3008G131300	
SORBI_3008G131400	
SORBI_3008G131500	
SORBI_3008G131550	
SORBI_3008G131601	
SORBI_3008G131651	
SORBI_3008G131700	
SORBI_3008G131800	
SORBI_3008G131900	
SORBI_3008G132000	
SORBI_3008G132200	
SORBI_3008G132250	
SORBI_3008G132300	
SORBI_3008G132400	
SORBI_3008G132500	
SORBI_3008G132550	
SORBI_3008G132600	
SORBI_3008G132700	
SORBI_3008G132800	
SORBI_3008G132900	
SORBI_3008G133000	
SORBI_3008G133100	
SORBI_3008G133200	
SORBI_3008G134300	
SORBI_3008G135800	
SORBI_3008G135901	
SORBI_3008G136000	
SORBI_3008G142301	
SORBI_3008G148400	
SORBI_3008G148500	
SORBI_3008G148600	
SORBI_3008G148700	
SORBI_3008G148900	
SORBI_3008G149000	
SORBI_3008G149100	
SORBI_3008G149200	
SORBI_3008G149450	
SORBI_3008G149650	
SORBI_3008G150200	
SORBI_3008G152400	
SORBI_3008G152800	
SORBI_3008G152900	
SORBI_3008G153000	
SORBI_3008G153300	
SORBI_3008G166050	
SORBI_3008G166250	
SORBI_3008G174200	
SORBI_3008G177900	
SORBI_3008G178100	
SORBI_3008G178200	
SORBI_3008G178566	
SORBI_3008G178701	
SORBI_3008G178800	
SORBI_3008G178901	
SORBI_3008G179000	
SORBI_3008G179200	
SORBI_3008G189200	
SORBI_3008G191000	
SORBI_3008G192800	
SORBI_3008G192900	
SORBI_3008G193300	
SORBI_3009G009300	
SORBI_3009G009900	
SORBI_3009G010000	
SORBI_3009G010150	
SORBI_3009G010300	
SORBI_3009G010600	
SORBI_3009G011300	
SORBI_3009G011600	
SORBI_3009G011700	
SORBI_3009G011800	
SORBI_3009G013300	
SORBI_3009G015166	
SORBI_3009G016400	
SORBI_3009G016633	
SORBI_3009G016700	
SORBI_3009G018100	
SORBI_3009G018300	
SORBI_3009G018450	
SORBI_3009G018600	
SORBI_3009G018800	
SORBI_3009G019000	
SORBI_3009G019200	
SORBI_3009G019400	
SORBI_3009G019550	
SORBI_3009G019700	
SORBI_3009G019800	
SORBI_3009G020100	
SORBI_3009G020200	
SORBI_3009G020700	
SORBI_3009G020800	
SORBI_3009G020950	
SORBI_3009G021500	
SORBI_3009G021600	
SORBI_3009G024800	
SORBI_3009G026800	
SORBI_3009G031600	
SORBI_3009G033700	
SORBI_3009G033900	
SORBI_3009G035000	
SORBI_3009G035100	
SORBI_3009G037800	
SORBI_3009G038600	
SORBI_3009G038701	
SORBI_3009G038800	
SORBI_3009G038900	
SORBI_3009G039000	
SORBI_3009G039100	
SORBI_3009G039200	
SORBI_3009G039400	
SORBI_3009G039600	
SORBI_3009G039800	
SORBI_3009G040500	
SORBI_3009G042200	
SORBI_3009G042300	
SORBI_3009G042400	
SORBI_3009G042500	
SORBI_3009G042600	
SORBI_3009G042700	
SORBI_3009G042800	
SORBI_3009G042900	
SORBI_3009G043000	
SORBI_3009G043100	
SORBI_3009G043200	
SORBI_3009G043400	
SORBI_3009G043500	
SORBI_3009G043600	
SORBI_3009G043700	
SORBI_3009G043800	
SORBI_3009G043900	
SORBI_3009G044000	
SORBI_3009G044100	
SORBI_3009G049800	
SORBI_3009G049900	
SORBI_3009G050300	
SORBI_3009G050400	
SORBI_3009G050500	
SORBI_3009G050700	
SORBI_3009G051900	
SORBI_3009G052000	
SORBI_3009G053300	
SORBI_3009G055400	
SORBI_3009G055500	
SORBI_3009G055600	
SORBI_3009G055700	
SORBI_3009G057100	
SORBI_3009G057200	
SORBI_3009G057300	
SORBI_3009G057500	
SORBI_3009G057600	
SORBI_3009G057700	
SORBI_3009G057750	
SORBI_3009G057800	
SORBI_3009G057900	
SORBI_3009G061400	
SORBI_3009G066400	
SORBI_3009G069200	
SORBI_3009G069300	
SORBI_3009G069400	
SORBI_3009G069450	
SORBI_3009G069500	
SORBI_3009G069600	
SORBI_3009G069800	
SORBI_3009G069901	
SORBI_3009G073100	
SORBI_3009G075300	
SORBI_3009G076800	
SORBI_3009G076900	
SORBI_3009G077000	
SORBI_3009G077100	
SORBI_3009G077200	
SORBI_3009G077250	
SORBI_3009G077300	
SORBI_3009G077500	
SORBI_3009G082100	
SORBI_3009G082200	
SORBI_3009G082300	
SORBI_3009G082600	
SORBI_3009G082800	
SORBI_3009G083000	
SORBI_3009G083100	
SORBI_3009G083200	
SORBI_3009G083300	
SORBI_3009G083400	
SORBI_3009G083450	
SORBI_3009G083500	
SORBI_3009G083800	
SORBI_3009G083900	
SORBI_3009G084000	
SORBI_3009G084300	
SORBI_3009G084400	
SORBI_3009G084500	
SORBI_3009G084600	
SORBI_3009G084700	
SORBI_3009G084800	
SORBI_3009G084900	
SORBI_3009G084950	
SORBI_3009G085001	
SORBI_3009G085100	
SORBI_3009G085200	
SORBI_3009G085250	
SORBI_3009G085300	
SORBI_3009G085400	
SORBI_3009G085500	
SORBI_3009G085600	
SORBI_3009G085700	
SORBI_3009G085900	
SORBI_3009G086200	
SORBI_3009G086300	
SORBI_3009G086400	
SORBI_3009G086600	
SORBI_3009G086700	
SORBI_3009G086800	
SORBI_3009G086900	
SORBI_3009G087000	
SORBI_3009G087200	
SORBI_3009G087300	
SORBI_3009G088200	
SORBI_3009G089101	
SORBI_3009G089200	
SORBI_3009G089366	
SORBI_3009G089532	
SORBI_3009G091300	
SORBI_3009G092100	
SORBI_3009G092900	
SORBI_3009G093900	
SORBI_3009G095480	
SORBI_3009G095560	
SORBI_3009G098900	
SORBI_3009G099000	
SORBI_3009G099050	
SORBI_3009G099100	
SORBI_3009G099500	
SORBI_3009G104800	
SORBI_3009G104900	
SORBI_3009G106800	
SORBI_3009G107080	
SORBI_3009G107300	
SORBI_3009G107500	
SORBI_3009G107600	
SORBI_3009G108600	
SORBI_3009G109000	
SORBI_3009G109925	
SORBI_3009G110000	
SORBI_3009G110600	
SORBI_3009G110700	
SORBI_3009G110800	
SORBI_3009G111000	
SORBI_3009G111050	
SORBI_3009G111100	
SORBI_3009G111200	
SORBI_3009G111400	
SORBI_3009G111500	
SORBI_3009G111800	
SORBI_3009G111901	
SORBI_3009G112500	
SORBI_3009G112600	
SORBI_3009G113600	
SORBI_3009G113700	
SORBI_3009G113900	
SORBI_3009G117000	
SORBI_3009G119300	
SORBI_3009G119400	
SORBI_3009G119501	
SORBI_3009G119600	
SORBI_3009G119700	
SORBI_3009G119800	
SORBI_3009G120900	
SORBI_3009G121000	
SORBI_3009G125300	
SORBI_3009G125400	
SORBI_3009G125600	
SORBI_3009G125700	
SORBI_3009G126100	
SORBI_3009G128901	
SORBI_3009G129000	
SORBI_3009G129400	
SORBI_3009G129500	
SORBI_3009G129700	
SORBI_3009G129800	
SORBI_3009G129900	
SORBI_3009G130000	
SORBI_3009G130100	
SORBI_3009G132700	
SORBI_3009G133201	
SORBI_3009G133800	
SORBI_3009G134300	
SORBI_3009G135300	
SORBI_3009G135800	
SORBI_3009G136100	
SORBI_3009G136600	
SORBI_3009G140600	
SORBI_3009G140700	
SORBI_3009G140800	
SORBI_3009G146700	
SORBI_3009G147500	
SORBI_3009G147600	
SORBI_3009G150000	
SORBI_3009G150300	
SORBI_3009G150600	
SORBI_3009G150800	
SORBI_3009G150900	
SORBI_3009G151000	
SORBI_3009G152100	
SORBI_3009G152120	
SORBI_3009G152140	
SORBI_3009G152160	
SORBI_3009G152800	
SORBI_3009G153366	
SORBI_3009G153400	
SORBI_3009G171800	
SORBI_3009G172800	
SORBI_3009G172950	
SORBI_3009G173100	
SORBI_3009G173200	
SORBI_3009G173300	
SORBI_3009G173400	
SORBI_3009G182500	
SORBI_3009G182900	
SORBI_3009G183000	
SORBI_3009G183101	
SORBI_3009G183400	
SORBI_3009G183500	
SORBI_3009G183600	
SORBI_3009G183900	
SORBI_3009G184000	
SORBI_3009G184100	
SORBI_3009G184200	
SORBI_3009G184300	
SORBI_3009G184450	
SORBI_3009G184600	
SORBI_3009G184700	
SORBI_3009G184900	
SORBI_3009G185100	
SORBI_3009G185301	
SORBI_3009G188300	
SORBI_3009G193066	
SORBI_3009G194400	
SORBI_3009G194900	
SORBI_3009G200800	
SORBI_3009G201100	
SORBI_3009G213100	
SORBI_3009G214700	
SORBI_3009G219800	
SORBI_3009G220500	
SORBI_3009G220700	
SORBI_3009G220800	
SORBI_3009G221000	
SORBI_3009G222000	
SORBI_3009G222100	
SORBI_3009G222200	
SORBI_3009G222400	
SORBI_3009G222500	
SORBI_3009G222600	
SORBI_3009G222700	
SORBI_3009G222800	
SORBI_3009G223100	
SORBI_3009G223200	
SORBI_3009G223400	
SORBI_3009G231700	
SORBI_3009G234400	
SORBI_3009G234800	
SORBI_3009G235000	
SORBI_3009G235900	
SORBI_3009G237100	
SORBI_3009G237200	
SORBI_3009G237300	
SORBI_3009G237400	
SORBI_3009G238100	
SORBI_3009G238200	
SORBI_3009G238300	
SORBI_3009G239301	
SORBI_3009G241700	
SORBI_3009G241801	
SORBI_3009G243200	
SORBI_3009G245400	
SORBI_3009G245500	
SORBI_3009G245650	
SORBI_3009G246000	
SORBI_3009G246100	
SORBI_3009G246200	
SORBI_3009G247400	
SORBI_3009G247500	
SORBI_3009G247601	
SORBI_3009G248200	
SORBI_3009G249500	
SORBI_3009G249600	
SORBI_3009G249700	
SORBI_3009G249900	
SORBI_3009G250000	
SORBI_3009G250100	
SORBI_3009G251000	
SORBI_3009G251400	
SORBI_3009G251500	
SORBI_3009G251800	
SORBI_3009G257100	
SORBI_3010G029300	
SORBI_3010G029450	
SORBI_3010G029600	
SORBI_3010G029700	
SORBI_3010G029800	
SORBI_3010G030900	
SORBI_3010G031000	
SORBI_3010G031400	
SORBI_3010G032000	
SORBI_3010G032100	
SORBI_3010G032200	
SORBI_3010G032300	
SORBI_3010G032400	
SORBI_3010G032500	
SORBI_3010G032600	
SORBI_3010G032700	
SORBI_3010G032800	
SORBI_3010G032900	
SORBI_3010G033500	
SORBI_3010G033600	
SORBI_3010G033700	
SORBI_3010G033900	
SORBI_3010G034000	
SORBI_3010G034100	
SORBI_3010G034200	
SORBI_3010G035100	
SORBI_3010G049900	
SORBI_3010G050800	
SORBI_3010G050900	
SORBI_3010G051000	
SORBI_3010G051100	
SORBI_3010G051200	
SORBI_3010G051300	
SORBI_3010G051400	
SORBI_3010G051500	
SORBI_3010G051600	
SORBI_3010G051700	
SORBI_3010G051800	
SORBI_3010G051900	
SORBI_3010G052000	
SORBI_3010G052100	
SORBI_3010G052200	
SORBI_3010G052300	
SORBI_3010G052400	
SORBI_3010G052450	
SORBI_3010G052500	
SORBI_3010G052600	
SORBI_3010G052700	
SORBI_3010G052800	
SORBI_3010G052833	
SORBI_3010G052900	
SORBI_3010G053000	
SORBI_3010G053300	
SORBI_3010G053400	
SORBI_3010G053500	
SORBI_3010G053600	
SORBI_3010G053700	
SORBI_3010G053800	
SORBI_3010G053900	
SORBI_3010G054000	
SORBI_3010G054100	
SORBI_3010G054150	
SORBI_3010G054200	
SORBI_3010G054300	
SORBI_3010G054400	
SORBI_3010G054500	
SORBI_3010G054600	
SORBI_3010G054700	
SORBI_3010G054800	
SORBI_3010G054900	
SORBI_3010G055000	
SORBI_3010G055100	
SORBI_3010G055200	
SORBI_3010G055300	
SORBI_3010G055400	
SORBI_3010G055500	
SORBI_3010G055600	
SORBI_3010G055700	
SORBI_3010G055800	
SORBI_3010G055900	
SORBI_3010G056000	
SORBI_3010G056100	
SORBI_3010G056200	
SORBI_3010G056300	
SORBI_3010G056500	
SORBI_3010G056600	
SORBI_3010G056700	
SORBI_3010G056800	
SORBI_3010G056900	
SORBI_3010G057000	
SORBI_3010G057100	
SORBI_3010G057200	
SORBI_3010G057250	
SORBI_3010G057300	
SORBI_3010G057400	
SORBI_3010G057500	
SORBI_3010G057600	
SORBI_3010G057633	
SORBI_3010G057666	
SORBI_3010G057700	
SORBI_3010G057800	
SORBI_3010G058200	
SORBI_3010G058300	
SORBI_3010G058600	
SORBI_3010G058650	
SORBI_3010G058700	
SORBI_3010G059700	
SORBI_3010G061700	
SORBI_3010G061800	
SORBI_3010G061900	
SORBI_3010G062000	
SORBI_3010G064200	
SORBI_3010G070400	
SORBI_3010G071600	
SORBI_3010G071700	
SORBI_3010G072800	
SORBI_3010G072900	
SORBI_3010G073500	
SORBI_3010G073600	
SORBI_3010G073700	
SORBI_3010G074000	
SORBI_3010G074366	
SORBI_3010G074600	
SORBI_3010G074700	
SORBI_3010G074800	
SORBI_3010G075300	
SORBI_3010G075500	
SORBI_3010G075600	
SORBI_3010G077250	
SORBI_3010G077400	
SORBI_3010G077500	
SORBI_3010G078100	
SORBI_3010G078200	
SORBI_3010G078600	
SORBI_3010G078700	
SORBI_3010G080100	
SORBI_3010G080200	
SORBI_3010G080300	
SORBI_3010G081200	
SORBI_3010G081300	
SORBI_3010G081500	
SORBI_3010G081600	
SORBI_3010G081700	
SORBI_3010G082201	
SORBI_3010G082300	
SORBI_3010G088950	
SORBI_3010G089200	
SORBI_3010G089350	
SORBI_3010G089500	
SORBI_3010G089700	
SORBI_3010G089800	
SORBI_3010G089900	
SORBI_3010G090000	
SORBI_3010G090100	
SORBI_3010G090200	
SORBI_3010G091400	
SORBI_3010G092100	
SORBI_3010G092600	
SORBI_3010G092700	
SORBI_3010G093500	
SORBI_3010G093600	
SORBI_3010G094100	
SORBI_3010G094400	
SORBI_3010G094700	
SORBI_3010G094800	
SORBI_3010G094900	
SORBI_3010G095000	
SORBI_3010G095100	
SORBI_3010G095200	
SORBI_3010G095300	
SORBI_3010G095400	
SORBI_3010G095500	
SORBI_3010G095550	
SORBI_3010G095600	
SORBI_3010G095700	
SORBI_3010G095800	
SORBI_3010G096100	
SORBI_3010G096200	
SORBI_3010G096300	
SORBI_3010G096500	
SORBI_3010G097000	
SORBI_3010G097100	
SORBI_3010G097200	
SORBI_3010G097300	
SORBI_3010G097600	
SORBI_3010G097700	
SORBI_3010G097800	
SORBI_3010G103000	
SORBI_3010G103600	
SORBI_3010G103700	
SORBI_3010G103800	
SORBI_3010G103900	
SORBI_3010G104000	
SORBI_3010G104100	
SORBI_3010G104200	
SORBI_3010G104300	
SORBI_3010G104400	
SORBI_3010G106900	
SORBI_3010G107000	
SORBI_3010G107050	
SORBI_3010G107300	
SORBI_3010G107400	
SORBI_3010G107601	
SORBI_3010G107800	
SORBI_3010G107901	
SORBI_3010G108100	
SORBI_3010G108301	
SORBI_3010G108401	
SORBI_3010G108500	
SORBI_3010G108800	
SORBI_3010G109100	
SORBI_3010G110100	
SORBI_3010G110500	
SORBI_3010G111300	
SORBI_3010G111400	
SORBI_3010G111500	
SORBI_3010G111700	
SORBI_3010G111750	
SORBI_3010G111800	
SORBI_3010G111900	
SORBI_3010G112000	
SORBI_3010G112100	
SORBI_3010G112200	
SORBI_3010G112401	
SORBI_3010G112500	
SORBI_3010G112600	
SORBI_3010G113000	
SORBI_3010G113100	
SORBI_3010G113150	
SORBI_3010G114600	
SORBI_3010G114900	
SORBI_3010G116000	
SORBI_3010G116200	
SORBI_3010G116300	
SORBI_3010G116400	
SORBI_3010G116550	
SORBI_3010G116600	
SORBI_3010G116650	
SORBI_3010G116700	
SORBI_3010G116800	
SORBI_3010G116900	
SORBI_3010G117050	
SORBI_3010G117200	
SORBI_3010G117300	
SORBI_3010G117450	
SORBI_3010G117500	
SORBI_3010G117850	
SORBI_3010G118000	
SORBI_3010G118300	
SORBI_3010G118401	
SORBI_3010G118700	
SORBI_3010G118800	
SORBI_3010G118950	
SORBI_3010G119100	
SORBI_3010G119300	
SORBI_3010G119500	
SORBI_3010G119600	
SORBI_3010G119800	
SORBI_3010G120000	
SORBI_3010G120300	
SORBI_3010G120350	
SORBI_3010G120400	
SORBI_3010G120500	
SORBI_3010G121500	
SORBI_3010G121600	
SORBI_3010G123300	
SORBI_3010G123400	
SORBI_3010G123500	
SORBI_3010G123600	
SORBI_3010G123750	
SORBI_3010G123901	
SORBI_3010G124001	
SORBI_3010G124100	
SORBI_3010G124133	
SORBI_3010G124166	
SORBI_3010G124200	
SORBI_3010G124500	
SORBI_3010G124600	
SORBI_3010G124700	
SORBI_3010G124800	
SORBI_3010G124850	
SORBI_3010G124900	
SORBI_3010G125000	
SORBI_3010G125100	
SORBI_3010G125200	
SORBI_3010G125300	
SORBI_3010G125400	
SORBI_3010G125500	
SORBI_3010G125700	
SORBI_3010G125800	
SORBI_3010G125833	
SORBI_3010G125866	
SORBI_3010G125900	
SORBI_3010G126000	
SORBI_3010G126100	
SORBI_3010G126200	
SORBI_3010G126300	
SORBI_3010G126400	
SORBI_3010G126500	
SORBI_3010G126600	
SORBI_3010G126700	
SORBI_3010G126800	
SORBI_3010G126900	
SORBI_3010G127100	
SORBI_3010G127200	
SORBI_3010G127300	
SORBI_3010G127500	
SORBI_3010G127550	
SORBI_3010G127600	
SORBI_3010G127700	
SORBI_3010G127800	
SORBI_3010G127901	
SORBI_3010G128000	
SORBI_3010G128101	
SORBI_3010G128200	
SORBI_3010G128300	
SORBI_3010G128400	
SORBI_3010G128500	
SORBI_3010G128700	
SORBI_3010G128800	
SORBI_3010G129100	
SORBI_3010G129300	
SORBI_3010G129450	
SORBI_3010G129600	
SORBI_3010G129900	
SORBI_3010G130000	
SORBI_3010G130100	
SORBI_3010G130200	
SORBI_3010G130300	
SORBI_3010G130400	
SORBI_3010G130500	
SORBI_3010G130601	
SORBI_3010G130700	
SORBI_3010G130800	
SORBI_3010G130900	
SORBI_3010G131000	
SORBI_3010G131101	
SORBI_3010G131300	
SORBI_3010G131600	
SORBI_3010G131700	
SORBI_3010G131900	
SORBI_3010G131950	
SORBI_3010G132000	
SORBI_3010G132100	
SORBI_3010G132200	
SORBI_3010G132300	
SORBI_3010G132400	
SORBI_3010G132500	
SORBI_3010G132550	
SORBI_3010G132600	
SORBI_3010G132700	
SORBI_3010G132800	
SORBI_3010G132900	
SORBI_3010G133000	
SORBI_3010G133100	
SORBI_3010G133150	
SORBI_3010G133225	
SORBI_3010G133275	
SORBI_3010G133300	
SORBI_3010G133400	
SORBI_3010G133450	
SORBI_3010G133500	
SORBI_3010G133566	
SORBI_3010G133632	
SORBI_3010G133800	
SORBI_3010G134000	
SORBI_3010G134100	
SORBI_3010G134200	
SORBI_3010G134300	
SORBI_3010G134400	
SORBI_3010G134500	
SORBI_3010G134650	
SORBI_3010G134700	
SORBI_3010G134801	
SORBI_3010G134900	
SORBI_3010G135100	
SORBI_3010G135200	
SORBI_3010G135250	
SORBI_3010G135300	
SORBI_3010G135450	
SORBI_3010G135600	
SORBI_3010G135800	
SORBI_3010G136000	
SORBI_3010G136200	
SORBI_3010G136300	
SORBI_3010G136400	
SORBI_3010G136450	
SORBI_3010G136500	
SORBI_3010G136600	
SORBI_3010G136601	
SORBI_3010G136900	
SORBI_3010G136950	
SORBI_3010G137000	
SORBI_3010G137100	
SORBI_3010G137300	
SORBI_3010G137333	
SORBI_3010G137366	
SORBI_3010G137400	
SORBI_3010G137500	
SORBI_3010G137600	
SORBI_3010G137800	
SORBI_3010G138000	
SORBI_3010G138200	
SORBI_3010G138300	
SORBI_3010G138350	
SORBI_3010G138400	
SORBI_3010G138500	
SORBI_3010G138600	
SORBI_3010G138700	
SORBI_3010G138800	
SORBI_3010G138900	
SORBI_3010G138950	
SORBI_3010G139000	
SORBI_3010G139100	
SORBI_3010G139200	
SORBI_3010G139301	
SORBI_3010G139550	
SORBI_3010G139600	
SORBI_3010G140100	
SORBI_3010G140150	
SORBI_3010G140200	
SORBI_3010G140300	
SORBI_3010G140400	
SORBI_3010G140500	
SORBI_3010G140525	
SORBI_3010G140550	
SORBI_3010G140575	
SORBI_3010G140600	
SORBI_3010G140700	
SORBI_3010G140750	
SORBI_3010G140800	
SORBI_3010G141001	
SORBI_3010G141201	
SORBI_3010G141400	
SORBI_3010G141433	
SORBI_3010G141500	
SORBI_3010G141600	
SORBI_3010G141700	
SORBI_3010G141800	
SORBI_3010G141966	
SORBI_3010G142132	
SORBI_3010G142300	
SORBI_3010G142401	
SORBI_3010G142501	
SORBI_3010G142600	
SORBI_3010G142650	
SORBI_3010G142700	
SORBI_3010G142900	
SORBI_3010G143100	
SORBI_3010G143300	
SORBI_3010G143500	
SORBI_3010G143600	
SORBI_3010G143700	
SORBI_3010G143800	
SORBI_3010G143900	
SORBI_3010G144000	
SORBI_3010G144050	
SORBI_3010G144100	
SORBI_3010G144250	
SORBI_3010G144400	
SORBI_3010G144500	
SORBI_3010G144600	
SORBI_3010G144700	
SORBI_3010G144800	
SORBI_3010G144900	
SORBI_3010G145200	
SORBI_3010G145300	
SORBI_3010G145650	
SORBI_3010G145800	
SORBI_3010G146000	
SORBI_3010G146100	
SORBI_3010G146200	
SORBI_3010G146300	
SORBI_3010G146350	
SORBI_3010G146400	
SORBI_3010G146500	
SORBI_3010G146700	
SORBI_3010G146800	
SORBI_3010G146900	
SORBI_3010G147000	
SORBI_3010G147100	
SORBI_3010G147200	
SORBI_3010G147250	
SORBI_3010G147300	
SORBI_3010G147350	
SORBI_3010G147500	
SORBI_3010G147600	
SORBI_3010G147700	
SORBI_3010G147833	
SORBI_3010G147966	
SORBI_3010G148501	
SORBI_3010G148600	
SORBI_3010G148800	
SORBI_3010G148932	
SORBI_3010G149000	
SORBI_3010G149200	
SORBI_3010G149500	
SORBI_3010G149600	
SORBI_3010G149700	
SORBI_3010G149800	
SORBI_3010G149900	
SORBI_3010G150000	
SORBI_3010G150100	
SORBI_3010G150200	
SORBI_3010G150325	
SORBI_3010G150575	
SORBI_3010G150600	
SORBI_3010G150700	
SORBI_3010G150701	
SORBI_3010G150800	
SORBI_3010G150900	
SORBI_3010G151000	
SORBI_3010G151050	
SORBI_3010G151100	
SORBI_3010G151200	
SORBI_3010G151325	
SORBI_3010G151450	
SORBI_3010G151575	
SORBI_3010G151700	
SORBI_3010G151801	
SORBI_3010G151900	
SORBI_3010G152000	
SORBI_3010G152100	
SORBI_3010G152200	
SORBI_3010G152250	
SORBI_3010G152300	
SORBI_3010G152400	
SORBI_3010G152500	
SORBI_3010G152600	
SORBI_3010G152700	
SORBI_3010G152800	
SORBI_3010G152850	
SORBI_3010G152900	
SORBI_3010G153000	
SORBI_3010G153100	
SORBI_3010G153201	
SORBI_3010G153300	
SORBI_3010G153400	
SORBI_3010G153466	
SORBI_3010G153532	
SORBI_3010G153600	
SORBI_3010G153700	
SORBI_3010G153800	
SORBI_3010G153900	
SORBI_3010G154000	
SORBI_3010G154150	
SORBI_3010G155401	
SORBI_3010G156200	
SORBI_3010G156400	
SORBI_3010G156500	
SORBI_3010G156601	
SORBI_3010G156800	
SORBI_3010G157300	
SORBI_3010G157400	
SORBI_3010G157600	
SORBI_3010G157700	
SORBI_3010G157900	
SORBI_3010G158000	
SORBI_3010G158050	
SORBI_3010G158400	
SORBI_3010G158601	
SORBI_3010G158832	
SORBI_3010G159000	
SORBI_3010G159200	
SORBI_3010G159300	
SORBI_3010G159400	
SORBI_3010G159500	
SORBI_3010G161050	
SORBI_3010G161100	
SORBI_3010G161600	
SORBI_3010G162000	
SORBI_3010G162101	
SORBI_3010G162200	
SORBI_3010G162400	
SORBI_3010G162500	
SORBI_3010G162800	
SORBI_3010G162900	
SORBI_3010G163150	
SORBI_3010G163600	
SORBI_3010G163666	
SORBI_3010G163732	
SORBI_3010G163800	
SORBI_3010G163900	
SORBI_3010G164500	
SORBI_3010G164600	
SORBI_3010G164800	
SORBI_3010G164900	
SORBI_3010G165200	
SORBI_3010G165300	
SORBI_3010G165400	
SORBI_3010G165500	
SORBI_3010G166800	
SORBI_3010G168600	
SORBI_3010G169500	
SORBI_3010G169900	
SORBI_3010G170000	
SORBI_3010G170150	
SORBI_3010G170300	
SORBI_3010G170400	
SORBI_3010G170500	
SORBI_3010G170550	
SORBI_3010G170600	
SORBI_3010G170700	
SORBI_3010G170900	
SORBI_3010G171000	
SORBI_3010G171400	
SORBI_3010G171501	
SORBI_3010G171600	
SORBI_3010G171800	
SORBI_3010G171900	
SORBI_3010G172200	
SORBI_3010G172400	
SORBI_3010G172600	
SORBI_3010G172666	
SORBI_3010G172800	
SORBI_3010G173500	
SORBI_3010G173550	
SORBI_3010G174700	
SORBI_3010G175200	
SORBI_3010G175350	
SORBI_3010G175400	
SORBI_3010G175800	
SORBI_3010G175900	
SORBI_3010G176000	
SORBI_3010G179000	
SORBI_3010G179150	
SORBI_3010G179800	
SORBI_3010G179850	
SORBI_3010G179900	
SORBI_3010G180000	
SORBI_3010G180100	
SORBI_3010G180200	
SORBI_3010G180350	
SORBI_3010G180400	
SORBI_3010G180500	
SORBI_3010G180800	
SORBI_3010G181200	
SORBI_3010G182000	
SORBI_3010G182100	
SORBI_3010G182200	
SORBI_3010G182300	
SORBI_3010G182600	
SORBI_3010G183800	
SORBI_3010G183900	
SORBI_3010G184100	
SORBI_3010G185100	
SORBI_3010G190350	
SORBI_3010G190400	
SORBI_3010G190600	
SORBI_3010G190700	
SORBI_3010G190800	
SORBI_3010G191100	
SORBI_3010G191400	
SORBI_3010G191600	
SORBI_3010G191900	
SORBI_3010G192600	
SORBI_3010G192800	
SORBI_3010G193300	
SORBI_3010G194001	
SORBI_3010G194500	
SORBI_3010G194600	
SORBI_3010G194700	
SORBI_3010G194900	
SORBI_3010G195000	
SORBI_3010G195200	
SORBI_3010G197300	
SORBI_3010G197566	
SORBI_3010G198000	
SORBI_3010G213400	
SORBI_3010G213900	
SORBI_3010G214100	
SORBI_3010G214150	
SORBI_3010G214200	
SORBI_3010G214300	
SORBI_3010G214400	
SORBI_3010G214700	
SORBI_3010G214800	
SORBI_3010G214900	
SORBI_3010G214950	
SORBI_3010G215100	
SORBI_3010G215201	
SORBI_3010G215300	
SORBI_3010G215400	
SORBI_3010G215500	
SORBI_3010G215600	
SORBI_3010G216200	
SORBI_3010G216400	
SORBI_3010G216500	
SORBI_3010G217400	
SORBI_3010G217466	
SORBI_3010G221400	
SORBI_3010G221500	
SORBI_3010G221600	
SORBI_3010G222000	
SORBI_3010G222050	
SORBI_3010G222200	
SORBI_3010G222400	
SORBI_3010G222666	
SORBI_3010G222732	
SORBI_3010G222800	
SORBI_3010G223900	
SORBI_3010G224100	
SORBI_3010G224200	
SORBI_3010G224300	
SORBI_3010G224400	
SORBI_3010G224501	
SORBI_3010G226300	
SORBI_3010G253250	
SORBI_3010G279450	
