go_term	go_id	term_bg_count	term_test_count	expected	fold_enrichment	p_value	p_adj_bh	overlap_genes
sodium ion transport	GO:0006814	10	7	2.047	3.419	9.959e-04	1.524e-01	SORBI_3002G141900;SORBI_3002G156000;SORBI_3004G108100;SORBI_3008G033300;SORBI_3008G179200;SORBI_3008G192900;SORBI_3009G042700
sterol metabolic process	GO:0016125	10	7	2.047	3.419	9.959e-04	1.524e-01	SORBI_3003G106300;SORBI_3003G106400;SORBI_3003G106600;SORBI_3003G106800;SORBI_3003G107400;SORBI_3003G107600;SORBI_3004G089000
defense response to virus	GO:0051607	6	5	1.228	4.070	1.783e-03	1.819e-01	SORBI_3001G467000;SORBI_3002G029100;SORBI_3008G070600;SORBI_3008G070700;SORBI_3010G138000
transmembrane transport	GO:0055085	526	134	107.698	1.244	2.428e-03	1.857e-01	SORBI_3001G012600;SORBI_3001G028400;SORBI_3001G031700;SORBI_3001G032200;SORBI_3001G099400;SORBI_3001G100800;SORBI_3001G101100;SORBI_3001G128300;SORBI_3001G133900;SORBI_3001G169100;SORBI_3001G190200;SORBI_3001G190700;SORBI_3001G190900;SORBI_3001G218900;SORBI_3001G223100;SORBI_3001G237500;SORBI_3001G256900;SORBI_3001G403700;SORBI_3001G454100;SORBI_3001G512300;SORBI_3002G000800;SORBI_3002G004900;SORBI_3002G116100;SORBI_3002G141900;SORBI_3002G156000;SORBI_3002G159900;SORBI_3002G174000;SORBI_3002G185300;SORBI_3002G185400;SORBI_3002G218700;SORBI_3002G257001;SORBI_3002G306300;SORBI_3002G311200;SORBI_3003G076200;SORBI_3003G086300;SORBI_3003G122300;SORBI_3003G139300;SORBI_3003G155000;SORBI_3003G169600;SORBI_3003G184800;SORBI_3003G185100;SORBI_3003G278200;SORBI_3003G371400;SORBI_3003G371600;SORBI_3003G372100;SORBI_3003G374400;SORBI_3003G389800;SORBI_3003G392700;SORBI_3004G009200;SORBI_3004G009400;SORBI_3004G009500;SORBI_3004G009900;SORBI_3004G019800;SORBI_3004G049300;SORBI_3004G089200;SORBI_3004G089300;SORBI_3004G089400;SORBI_3004G102800;SORBI_3004G108100;SORBI_3004G113300;SORBI_3004G113400;SORBI_3004G222000;SORBI_3004G260500;SORBI_3004G276200;SORBI_3004G311000;SORBI_3004G332700;SORBI_3005G040700;SORBI_3005G088500;SORBI_3005G107400;SORBI_3005G107500;SORBI_3005G110520;SORBI_3005G125400;SORBI_3005G183900;SORBI_3005G195900;SORBI_3005G196000;SORBI_3005G225800;SORBI_3006G025300;SORBI_3006G184400;SORBI_3006G195000;SORBI_3006G195100;SORBI_3006G195200;SORBI_3006G219300;SORBI_3006G244000;SORBI_3007G039500;SORBI_3007G039600;SORBI_3007G120000;SORBI_3007G160700;SORBI_3007G160900;SORBI_3007G162400;SORBI_3007G181100;SORBI_3007G210500;SORBI_3008G006100;SORBI_3008G015700;SORBI_3008G015800;SORBI_3008G033300;SORBI_3008G033700;SORBI_3008G033800;SORBI_3008G081200;SORBI_3008G081400;SORBI_3008G081500;SORBI_3008G105500;SORBI_3008G106100;SORBI_3008G111100;SORBI_3008G179200;SORBI_3008G192900;SORBI_3008G193300;SORBI_3009G042700;SORBI_3009G057700;SORBI_3009G073100;SORBI_3009G083300;SORBI_3009G084400;SORBI_3009G085900;SORBI_3009G136100;SORBI_3009G136600;SORBI_3009G147500;SORBI_3009G152800;SORBI_3009G249500;SORBI_3010G080100;SORBI_3010G095100;SORBI_3010G095400;SORBI_3010G133100;SORBI_3010G133300;SORBI_3010G136900;SORBI_3010G138400;SORBI_3010G138800;SORBI_3010G146100;SORBI_3010G147200;SORBI_3010G151000;SORBI_3010G151575;SORBI_3010G153700;SORBI_3010G159400;SORBI_3010G165500;SORBI_3010G175900;SORBI_3010G184100
ribosomal large subunit export from nucleus	GO:0000055	5	4	1.024	3.907	7.330e-03	2.804e-01	SORBI_3002G114900;SORBI_3003G366850;SORBI_3005G127300;SORBI_3005G129301
DNA topological change	GO:0006265	5	4	1.024	3.907	7.330e-03	2.804e-01	SORBI_3010G051700;SORBI_3010G116800;SORBI_3010G141001;SORBI_3010G141400
regulation of salicylic acid biosynthetic process	GO:0080142	7	5	1.433	3.489	5.185e-03	2.804e-01	SORBI_3001G031600;SORBI_3003G083200;SORBI_3004G181600;SORBI_3004G181700;SORBI_3008G126200
signal transduction	GO:0007165	205	57	41.974	1.358	6.774e-03	2.804e-01	SORBI_3001G034100;SORBI_3001G039500;SORBI_3001G113800;SORBI_3001G115400;SORBI_3001G295400;SORBI_3001G333900;SORBI_3001G534532;SORBI_3002G002800;SORBI_3002G021132;SORBI_3002G027700;SORBI_3002G069700;SORBI_3002G111900;SORBI_3002G113600;SORBI_3002G235800;SORBI_3002G274600;SORBI_3003G045000;SORBI_3003G088100;SORBI_3003G106000;SORBI_3003G139500;SORBI_3003G141500;SORBI_3003G268900;SORBI_3003G269000;SORBI_3003G383100;SORBI_3003G407300;SORBI_3004G005300;SORBI_3004G007800;SORBI_3004G017900;SORBI_3004G049500;SORBI_3004G066900;SORBI_3004G104800;SORBI_3004G113600;SORBI_3004G219000;SORBI_3004G252200;SORBI_3004G332900;SORBI_3005G111000;SORBI_3005G125950;SORBI_3005G145201;SORBI_3005G175500;SORBI_3005G183200;SORBI_3005G187900;SORBI_3006G163401;SORBI_3006G210900;SORBI_3006G228200;SORBI_3007G149700;SORBI_3008G025600;SORBI_3008G077600;SORBI_3009G082200;SORBI_3009G173100;SORBI_3009G200800;SORBI_3010G052800;SORBI_3010G096100;SORBI_3010G137300;SORBI_3010G137400;SORBI_3010G139100;SORBI_3010G153400;SORBI_3010G213900;SORBI_3010G215300
response to herbicide	GO:0009635	6	4	1.228	3.256	1.842e-02	3.893e-01	SORBI_3001G012500;SORBI_3006G216300;SORBI_3009G043600;SORBI_3009G043700
nucleotide transport	GO:0006862	6	4	1.228	3.256	1.842e-02	3.893e-01	SORBI_3001G100800;SORBI_3001G101100;SORBI_3003G169600;SORBI_3004G087500
ribosomal small subunit export from nucleus	GO:0000056	6	4	1.228	3.256	1.842e-02	3.893e-01	SORBI_3002G114900;SORBI_3003G366850;SORBI_3005G127300;SORBI_3005G129301
double-strand break repair via break-induced replication	GO:0000727	9	5	1.843	2.713	2.155e-02	3.893e-01	SORBI_3001G295400;SORBI_3004G331600;SORBI_3005G110535;SORBI_3009G087000;SORBI_3009G172950
protein export from nucleus	GO:0006611	12	6	2.457	2.442	2.163e-02	3.893e-01	SORBI_3002G114900;SORBI_3003G366850;SORBI_3004G341800;SORBI_3005G127300;SORBI_3005G129301;SORBI_3010G072800
DNA replication initiation	GO:0006270	12	6	2.457	2.442	2.163e-02	3.893e-01	SORBI_3003G369200;SORBI_3004G331600;SORBI_3005G110523;SORBI_3005G110535;SORBI_3009G087000;SORBI_3009G172950
chromosome segregation	GO:0007059	15	7	3.071	2.279	2.037e-02	3.893e-01	SORBI_3001G230300;SORBI_3001G467000;SORBI_3003G389200;SORBI_3005G200900;SORBI_3007G172900;SORBI_3010G032400;SORBI_3010G051700
response to wounding	GO:0009611	39	14	7.985	1.753	1.851e-02	3.893e-01	SORBI_3001G125800;SORBI_3001G259300;SORBI_3001G259400;SORBI_3001G259600;SORBI_3001G483400;SORBI_3002G002800;SORBI_3002G036100;SORBI_3003G324400;SORBI_3003G356850;SORBI_3003G385900;SORBI_3008G077600;SORBI_3009G009900;SORBI_3009G010000;SORBI_3009G010150
DNA repair	GO:0006281	107	32	21.908	1.461	1.285e-02	3.893e-01	SORBI_3001G039100;SORBI_3001G106300;SORBI_3001G188500;SORBI_3001G190400;SORBI_3001G211500;SORBI_3001G229850;SORBI_3001G261545;SORBI_3001G262700;SORBI_3001G262900;SORBI_3001G538500;SORBI_3003G077600;SORBI_3003G103701;SORBI_3003G107500;SORBI_3003G391400;SORBI_3004G007133;SORBI_3004G047500;SORBI_3004G107000;SORBI_3004G181500;SORBI_3005G061900;SORBI_3006G195500;SORBI_3007G039300;SORBI_3008G100100;SORBI_3008G101300;SORBI_3008G109000;SORBI_3009G237400;SORBI_3010G033600;SORBI_3010G056100;SORBI_3010G121500;SORBI_3010G121600;SORBI_3010G125700;SORBI_3010G143600;SORBI_3010G147700
secondary metabolite biosynthetic process	GO:0044550	7	4	1.433	2.791	3.608e-02	4.416e-01	SORBI_3001G187400;SORBI_3001G187500;SORBI_3001G187600;SORBI_3010G172200
establishment or maintenance of cell polarity	GO:0007163	7	4	1.433	2.791	3.608e-02	4.416e-01	SORBI_3001G261600;SORBI_3004G017900;SORBI_3010G096100;SORBI_3010G097300
RNA export from nucleus	GO:0006405	7	4	1.433	2.791	3.608e-02	4.416e-01	SORBI_3001G454301;SORBI_3001G454401;SORBI_3002G422100;SORBI_3003G231900
response to red light	GO:0010114	7	4	1.433	2.791	3.608e-02	4.416e-01	SORBI_3004G085600;SORBI_3004G116600;SORBI_3005G101200;SORBI_3010G149500
one-carbon metabolic process	GO:0006730	10	5	2.047	2.442	3.594e-02	4.416e-01	SORBI_3001G201900;SORBI_3001G535500;SORBI_3002G220200;SORBI_3003G373600;SORBI_3005G115500
interstrand cross-link repair	GO:0036297	10	5	2.047	2.442	3.594e-02	4.416e-01	SORBI_3001G106300;SORBI_3001G538100;SORBI_3004G009000;SORBI_3005G061900;SORBI_3010G056100
cellular response to phosphate starvation	GO:0016036	16	7	3.276	2.137	2.994e-02	4.416e-01	SORBI_3001G028500;SORBI_3001G259100;SORBI_3002G121600;SORBI_3003G088800;SORBI_3003G088900;SORBI_3004G084900;SORBI_3010G138800
DNA damage response	GO:0006974	89	26	18.223	1.427	3.104e-02	4.416e-01	SORBI_3001G039100;SORBI_3001G190400;SORBI_3001G211500;SORBI_3001G229850;SORBI_3001G261545;SORBI_3001G538500;SORBI_3002G116300;SORBI_3003G041700;SORBI_3003G077600;SORBI_3003G103701;SORBI_3003G107500;SORBI_3003G391400;SORBI_3004G007133;SORBI_3005G061900;SORBI_3006G195500;SORBI_3007G039300;SORBI_3008G004600;SORBI_3008G100100;SORBI_3008G101300;SORBI_3008G109000;SORBI_3009G119700;SORBI_3010G033600;SORBI_3010G056100;SORBI_3010G121500;SORBI_3010G125700;SORBI_3010G143600
cellular response to cold	GO:0070417	5	3	1.024	2.930	6.158e-02	4.959e-01	SORBI_3001G028500;SORBI_3001G259100;SORBI_3004G084900
piecemeal microautophagy of the nucleus	GO:0034727	5	3	1.024	2.930	6.158e-02	4.959e-01	SORBI_3001G192000;SORBI_3001G436900;SORBI_3010G112000
reticulophagy	GO:0061709	5	3	1.024	2.930	6.158e-02	4.959e-01	SORBI_3001G192000;SORBI_3001G436900;SORBI_3010G112000
phototropism	GO:0009638	5	3	1.024	2.930	6.158e-02	4.959e-01	SORBI_3003G121700;SORBI_3009G083100;SORBI_3010G138000
anaphase-promoting complex-dependent catabolic process	GO:0031145	5	3	1.024	2.930	6.158e-02	4.959e-01	SORBI_3001G526300;SORBI_3003G388000;SORBI_3009G104900
xenobiotic transport	GO:0042908	5	3	1.024	2.930	6.158e-02	4.959e-01	SORBI_3004G019800;SORBI_3006G219300;SORBI_3008G006100
polyamine biosynthetic process	GO:0006596	5	3	1.024	2.930	6.158e-02	4.959e-01	SORBI_3002G113800;SORBI_3004G113100;SORBI_3010G153900
sodium ion import across plasma membrane	GO:0098719	5	3	1.024	2.930	6.158e-02	4.959e-01	SORBI_3002G156000;SORBI_3008G192900;SORBI_3009G042700
carbon utilization	GO:0015976	5	3	1.024	2.930	6.158e-02	4.959e-01	SORBI_3002G230100;SORBI_3003G234200;SORBI_3003G234500
triglyceride biosynthetic process	GO:0019432	5	3	1.024	2.930	6.158e-02	4.959e-01	SORBI_3008G049000;SORBI_3010G134400;SORBI_3010G170000
Golgi to plasma membrane transport	GO:0006893	8	4	1.638	2.442	6.065e-02	4.959e-01	SORBI_3001G050200;SORBI_3003G158700;SORBI_3005G106700;SORBI_3008G085700
xylan catabolic process	GO:0045493	8	4	1.638	2.442	6.065e-02	4.959e-01	SORBI_3003G082700;SORBI_3003G083000;SORBI_3005G211500;SORBI_3010G152900
response to heat	GO:0009408	28	10	5.733	1.744	4.486e-02	4.959e-01	SORBI_3001G039700;SORBI_3001G129000;SORBI_3001G264300;SORBI_3001G333500;SORBI_3001G450700;SORBI_3001G454000;SORBI_3007G217300;SORBI_3008G088200;SORBI_3010G089500;SORBI_3010G170600
galactose metabolic process	GO:0006012	9	4	1.843	2.171	9.194e-02	5.308e-01	SORBI_3001G026000;SORBI_3002G029800;SORBI_3002G271200;SORBI_3002G423600
secondary metabolic process	GO:0019748	9	4	1.843	2.171	9.194e-02	5.308e-01	SORBI_3002G121100;SORBI_3002G121300;SORBI_3002G175500;SORBI_3005G105850
pectin biosynthetic process	GO:0045489	9	4	1.843	2.171	9.194e-02	5.308e-01	SORBI_3001G338400;SORBI_3001G384200;SORBI_3002G274700;SORBI_3008G022500
response to salicylic acid	GO:0009751	9	4	1.843	2.171	9.194e-02	5.308e-01	SORBI_3002G174200;SORBI_3003G324400;SORBI_3003G385100;SORBI_3009G238200
vegetative to reproductive phase transition of meristem	GO:0010228	9	4	1.843	2.171	9.194e-02	5.308e-01	SORBI_3009G125400;SORBI_3010G032700;SORBI_3010G125000;SORBI_3010G134900
cell redox homeostasis	GO:0045454	12	5	2.457	2.035	7.889e-02	5.308e-01	SORBI_3002G421600;SORBI_3004G076000;SORBI_3005G028900;SORBI_3010G072900;SORBI_3010G134200
monosaccharide transmembrane transport	GO:0015749	16	6	3.276	1.832	8.956e-02	5.308e-01	SORBI_3001G190200;SORBI_3001G454100;SORBI_3002G004900;SORBI_3004G049300;SORBI_3004G332700;SORBI_3009G152800
carbohydrate phosphorylation	GO:0046835	19	7	3.890	1.799	7.500e-02	5.308e-01	SORBI_3001G026000;SORBI_3002G026300;SORBI_3002G114300;SORBI_3002G114700;SORBI_3003G386000;SORBI_3010G095000;SORBI_3010G134000
transcription by RNA polymerase II	GO:0006366	19	7	3.890	1.799	7.500e-02	5.308e-01	SORBI_3001G329001;SORBI_3002G000300;SORBI_3003G155700;SORBI_3003G328700;SORBI_3004G252900;SORBI_3005G143400;SORBI_3008G077700
plant-type cell wall organization	GO:0009664	27	9	5.528	1.628	8.295e-02	5.308e-01	SORBI_3001G033300;SORBI_3001G237800;SORBI_3001G237900;SORBI_3001G238000;SORBI_3001G238100;SORBI_3001G238200;SORBI_3004G007600;SORBI_3006G191700;SORBI_3010G144400
sterol biosynthetic process	GO:0016126	30	10	6.142	1.628	6.956e-02	5.308e-01	SORBI_3003G106300;SORBI_3003G106400;SORBI_3003G106600;SORBI_3003G106800;SORBI_3003G107400;SORBI_3003G107600;SORBI_3005G161900;SORBI_3007G207600;SORBI_3008G025700;SORBI_3008G078800
amino acid transmembrane transport	GO:0003333	42	13	8.599	1.512	7.216e-02	5.308e-01	SORBI_3001G249000;SORBI_3001G439000;SORBI_3002G027500;SORBI_3003G375900;SORBI_3003G376000;SORBI_3004G253200;SORBI_3008G088500;SORBI_3008G097700;SORBI_3010G092700;SORBI_3010G116400;SORBI_3010G146700;SORBI_3010G159400;SORBI_3010G166800
amino acid transport	GO:0006865	46	14	9.418	1.486	7.198e-02	5.308e-01	SORBI_3001G249000;SORBI_3001G439000;SORBI_3002G001000;SORBI_3002G027500;SORBI_3003G375900;SORBI_3003G376000;SORBI_3004G253200;SORBI_3008G088500;SORBI_3008G097700;SORBI_3010G092700;SORBI_3010G116400;SORBI_3010G146700;SORBI_3010G159400;SORBI_3010G166800
lipid transport	GO:0006869	47	14	9.623	1.455	8.400e-02	5.308e-01	SORBI_3001G128500;SORBI_3001G192000;SORBI_3001G435300;SORBI_3001G436900;SORBI_3001G473200;SORBI_3002G113900;SORBI_3004G089200;SORBI_3004G089300;SORBI_3004G089400;SORBI_3007G120000;SORBI_3008G030900;SORBI_3008G031000;SORBI_3010G112000;SORBI_3010G159500
cell division	GO:0051301	68	19	13.923	1.365	8.696e-02	5.308e-01	SORBI_3001G166800;SORBI_3001G211500;SORBI_3001G292200;SORBI_3001G295000;SORBI_3001G526300;SORBI_3002G190700;SORBI_3002G230900;SORBI_3003G373100;SORBI_3003G375200;SORBI_3003G388000;SORBI_3004G061800;SORBI_3004G183900;SORBI_3006G194400;SORBI_3008G104000;SORBI_3009G087300;SORBI_3009G104900;SORBI_3009G184200;SORBI_3010G032400;SORBI_3010G121500
potassium ion transmembrane transport	GO:0071805	48	14	9.828	1.425	9.722e-02	5.509e-01	SORBI_3001G184100;SORBI_3002G001800;SORBI_3002G156000;SORBI_3002G162400;SORBI_3003G278200;SORBI_3005G040700;SORBI_3006G210700;SORBI_3007G153001;SORBI_3008G033300;SORBI_3008G192900;SORBI_3009G042700;SORBI_3009G147500;SORBI_3010G153700;SORBI_3010G224400
photosynthetic electron transport in photosystem I	GO:0009773	6	3	1.228	2.442	1.047e-01	5.525e-01	SORBI_3001G098800;SORBI_3002G112400;SORBI_3009G011600
protein processing	GO:0016485	6	3	1.228	2.442	1.047e-01	5.525e-01	SORBI_3001G171500;SORBI_3009G184900;SORBI_3010G034000
phospholipid translocation	GO:0045332	6	3	1.228	2.442	1.047e-01	5.525e-01	SORBI_3001G251200;SORBI_3001G381600;SORBI_3010G171000
mitochondrial mRNA modification	GO:0080156	6	3	1.228	2.442	1.047e-01	5.525e-01	SORBI_3001G485600;SORBI_3002G251800;SORBI_3006G216000
cell surface receptor protein serine/threonine kinase signaling pathway	GO:0007178	45	13	9.214	1.411	1.142e-01	5.922e-01	SORBI_3001G032300;SORBI_3001G032400;SORBI_3001G113800;SORBI_3002G107900;SORBI_3004G104800;SORBI_3004G252200;SORBI_3005G111000;SORBI_3005G125950;SORBI_3010G124700;SORBI_3010G124800;SORBI_3010G126800;SORBI_3010G127200;SORBI_3010G127300
hydrotropism	GO:0010274	7	3	1.433	2.093	1.562e-01	5.954e-01	SORBI_3001G287700;SORBI_3002G229800;SORBI_3010G138300
circadian rhythm	GO:0007623	7	3	1.433	2.093	1.562e-01	5.954e-01	SORBI_3003G107300;SORBI_3003G166200;SORBI_3010G138000
ta-siRNA processing	GO:0010267	7	3	1.433	2.093	1.562e-01	5.954e-01	SORBI_3001G527800;SORBI_3001G536400;SORBI_3003G396700
regulation of leaf development	GO:2000024	7	3	1.433	2.093	1.562e-01	5.954e-01	SORBI_3001G400500;SORBI_3004G084900;SORBI_3006G214400
DNA biosynthetic process	GO:0071897	7	3	1.433	2.093	1.562e-01	5.954e-01	SORBI_3001G211500;SORBI_3004G049200;SORBI_3008G091300
actin filament bundle assembly	GO:0051017	7	3	1.433	2.093	1.562e-01	5.954e-01	SORBI_3001G261600;SORBI_3008G110200;SORBI_3010G097300
purine nucleobase transport	GO:0006863	7	3	1.433	2.093	1.562e-01	5.954e-01	SORBI_3006G195000;SORBI_3006G195100;SORBI_3006G195200
purine nucleoside transmembrane transport	GO:0015860	7	3	1.433	2.093	1.562e-01	5.954e-01	SORBI_3006G195000;SORBI_3006G195100;SORBI_3006G195200
protein N-linked glycosylation	GO:0006487	10	4	2.047	1.954	1.293e-01	5.954e-01	SORBI_3002G116800;SORBI_3004G332000;SORBI_3008G016900;SORBI_3010G171501
auxin metabolic process	GO:0009850	8	3	1.638	1.832	2.136e-01	5.954e-01	SORBI_3001G021900;SORBI_3001G022000;SORBI_3004G219000
monocarboxylic acid metabolic process	GO:0032787	8	3	1.638	1.832	2.136e-01	5.954e-01	SORBI_3003G324000;SORBI_3008G033600;SORBI_3010G141600
nucleocytoplasmic transport	GO:0006913	8	3	1.638	1.832	2.136e-01	5.954e-01	SORBI_3002G223300;SORBI_3004G038100;SORBI_3008G017200
mitotic spindle assembly checkpoint signaling	GO:0007094	8	3	1.638	1.832	2.136e-01	5.954e-01	SORBI_3003G375200;SORBI_3009G087300;SORBI_3010G032400
red, far-red light phototransduction	GO:0009585	8	3	1.638	1.832	2.136e-01	5.954e-01	SORBI_3004G085600;SORBI_3004G312600;SORBI_3010G214200
stomatal complex development	GO:0010374	8	3	1.638	1.832	2.136e-01	5.954e-01	SORBI_3004G115000;SORBI_3009G173200;SORBI_3010G152700
lipid oxidation	GO:0034440	8	3	1.638	1.832	2.136e-01	5.954e-01	SORBI_3001G125800;SORBI_3001G483400;SORBI_3003G385900
chloride transmembrane transport	GO:1902476	8	3	1.638	1.832	2.136e-01	5.954e-01	SORBI_3001G128300;SORBI_3003G374400;SORBI_3005G040700
unidimensional cell growth	GO:0009826	8	3	1.638	1.832	2.136e-01	5.954e-01	SORBI_3001G128300;SORBI_3002G116200;SORBI_3004G219000
fructose 6-phosphate metabolic process	GO:0006002	8	3	1.638	1.832	2.136e-01	5.954e-01	SORBI_3002G026300;SORBI_3008G016900;SORBI_3010G134000
response to blue light	GO:0009637	8	3	1.638	1.832	2.136e-01	5.954e-01	SORBI_3001G384100;SORBI_3005G101200;SORBI_3010G138000
post-transcriptional regulation of gene expression	GO:0010608	8	3	1.638	1.832	2.136e-01	5.954e-01	SORBI_3007G202600;SORBI_3008G100300;SORBI_3009G010300
purine nucleobase transmembrane transport	GO:1904823	8	3	1.638	1.832	2.136e-01	5.954e-01	SORBI_3006G195000;SORBI_3006G195100;SORBI_3006G195200
cytidine to uridine editing	GO:0016554	8	3	1.638	1.832	2.136e-01	5.954e-01	SORBI_3001G485600;SORBI_3006G192000;SORBI_3006G216000
pollen germination	GO:0009846	8	3	1.638	1.832	2.136e-01	5.954e-01	SORBI_3002G114900;SORBI_3003G158700;SORBI_3004G113600
phosphate ion transport	GO:0006817	8	3	1.638	1.832	2.136e-01	5.954e-01	SORBI_3002G116100;SORBI_3010G133300;SORBI_3010G138800
DNA metabolic process	GO:0006259	11	4	2.252	1.776	1.717e-01	5.954e-01	SORBI_3003G391400;SORBI_3004G107000;SORBI_3008G091300;SORBI_3008G101300
guard cell differentiation	GO:0010052	11	4	2.252	1.776	1.717e-01	5.954e-01	SORBI_3004G115000;SORBI_3009G173200;SORBI_3009G250000;SORBI_3010G152700
Golgi to vacuole transport	GO:0006896	11	4	2.252	1.776	1.717e-01	5.954e-01	SORBI_3001G212500;SORBI_3004G275700;SORBI_3010G053800;SORBI_3010G144000
telomere maintenance	GO:0000723	9	3	1.843	1.628	2.744e-01	5.954e-01	SORBI_3001G229850;SORBI_3002G187600;SORBI_3010G057500
chloroplast rRNA processing	GO:1901259	12	4	2.457	1.628	2.181e-01	5.954e-01	SORBI_3001G128200;SORBI_3001G357200;SORBI_3004G011300;SORBI_3007G171800
lysine biosynthetic process via diaminopimelate	GO:0009089	9	3	1.843	1.628	2.744e-01	5.954e-01	SORBI_3001G531800;SORBI_3002G111800;SORBI_3007G171200
mitochondrion organization	GO:0007005	18	6	3.685	1.628	1.446e-01	5.954e-01	SORBI_3001G042200;SORBI_3001G127500;SORBI_3001G134400;SORBI_3003G374500;SORBI_3007G048700;SORBI_3010G054300
late endosome to vacuole transport via multivesicular body sorting pathway	GO:0032511	12	4	2.457	1.628	2.181e-01	5.954e-01	SORBI_3002G222900;SORBI_3002G306500;SORBI_3003G246100;SORBI_3010G130000
leaf vascular tissue pattern formation	GO:0010305	12	4	2.457	1.628	2.181e-01	5.954e-01	SORBI_3001G160200;SORBI_3003G407900;SORBI_3004G276600;SORBI_3006G214400
phospholipid transport	GO:0015914	15	5	3.071	1.628	1.765e-01	5.954e-01	SORBI_3001G251200;SORBI_3001G381600;SORBI_3003G121800;SORBI_3004G158100;SORBI_3010G171000
intracellular calcium ion homeostasis	GO:0006874	9	3	1.843	1.628	2.744e-01	5.954e-01	SORBI_3003G184765;SORBI_3003G184800;SORBI_3004G108100
RNA 3'-end processing	GO:0031123	9	3	1.843	1.628	2.744e-01	5.954e-01	SORBI_3001G261900;SORBI_3002G423100;SORBI_3004G019700
mitophagy	GO:0000423	9	3	1.843	1.628	2.744e-01	5.954e-01	SORBI_3001G192000;SORBI_3001G436900;SORBI_3002G159200
retrograde transport, endosome to Golgi	GO:0042147	12	4	2.457	1.628	2.181e-01	5.954e-01	SORBI_3001G212500;SORBI_3002G380300;SORBI_3007G201500;SORBI_3008G103300
hormone-mediated signaling pathway	GO:0009755	9	3	1.843	1.628	2.744e-01	5.954e-01	SORBI_3001G261700;SORBI_3001G273500;SORBI_3002G155400
peroxisome organization	GO:0007031	9	3	1.843	1.628	2.744e-01	5.954e-01	SORBI_3001G531500;SORBI_3007G172400;SORBI_3009G084000
cytokinesis by cell plate formation	GO:0000911	9	3	1.843	1.628	2.744e-01	5.954e-01	SORBI_3001G246500;SORBI_3003G412300;SORBI_3005G129400
regulation of protein stability	GO:0031647	12	4	2.457	1.628	2.181e-01	5.954e-01	SORBI_3002G256700;SORBI_3004G107200;SORBI_3008G098300;SORBI_3008G098900
formation of cytoplasmic translation initiation complex	GO:0001732	9	3	1.843	1.628	2.744e-01	5.954e-01	SORBI_3001G402500;SORBI_3004G020000;SORBI_3008G095500
gibberellin catabolic process	GO:0045487	9	3	1.843	1.628	2.744e-01	5.954e-01	SORBI_3004G222500;SORBI_3004G329100;SORBI_3009G077500
auxin export across the plasma membrane	GO:0010315	9	3	1.843	1.628	2.744e-01	5.954e-01	SORBI_3002G257001;SORBI_3003G139300;SORBI_3010G095100
galactose catabolic process	GO:0019388	9	3	1.843	1.628	2.744e-01	5.954e-01	SORBI_3003G374100;SORBI_3004G093400;SORBI_3009G213100
nitrate assimilation	GO:0042128	9	3	1.843	1.628	2.744e-01	5.954e-01	SORBI_3004G009200;SORBI_3004G009400;SORBI_3004G009500
protein deubiquitination	GO:0016579	21	7	4.300	1.628	1.194e-01	5.954e-01	SORBI_3001G186600;SORBI_3001G263600;SORBI_3002G256700;SORBI_3003G246100;SORBI_3004G107200;SORBI_3008G098300;SORBI_3008G098900
cellular response to oxidative stress	GO:0034599	22	7	4.504	1.554	1.458e-01	5.954e-01	SORBI_3001G136800;SORBI_3002G121000;SORBI_3004G076000;SORBI_3010G058200;SORBI_3010G072900;SORBI_3010G134200;SORBI_3010G216200
regulation of defense response	GO:0031347	16	5	3.276	1.526	2.160e-01	5.954e-01	SORBI_3001G259300;SORBI_3001G259400;SORBI_3001G259600;SORBI_3002G036100;SORBI_3004G125800
oxylipin biosynthetic process	GO:0031408	13	4	2.662	1.503	2.673e-01	5.954e-01	SORBI_3001G125800;SORBI_3001G483400;SORBI_3003G385900;SORBI_3004G007500
response to ethylene	GO:0009723	13	4	2.662	1.503	2.673e-01	5.954e-01	SORBI_3001G295600;SORBI_3002G114200;SORBI_3003G324400;SORBI_3010G056000
protein localization to membrane	GO:0072657	13	4	2.662	1.503	2.673e-01	5.954e-01	SORBI_3004G331900;SORBI_3005G062200;SORBI_3007G173000;SORBI_3010G172400
transcription initiation at RNA polymerase II promoter	GO:0006367	20	6	4.095	1.465	2.114e-01	5.954e-01	SORBI_3001G257200;SORBI_3001G329001;SORBI_3001G435100;SORBI_3002G158700;SORBI_3002G374200;SORBI_3004G252900
phenylpropanoid metabolic process	GO:0009698	20	6	4.095	1.465	2.114e-01	5.954e-01	SORBI_3001G187000;SORBI_3002G158900;SORBI_3007G089900;SORBI_3010G110500;SORBI_3010G130800;SORBI_3010G214900
retrograde vesicle-mediated transport, Golgi to endoplasmic reticulum	GO:0006890	17	5	3.481	1.436	2.580e-01	5.954e-01	SORBI_3001G186300;SORBI_3002G380300;SORBI_3004G088450;SORBI_3004G088501;SORBI_3005G098501
sphingolipid metabolic process	GO:0006665	17	5	3.481	1.436	2.580e-01	5.954e-01	SORBI_3001G434900;SORBI_3003G394100;SORBI_3003G412700;SORBI_3005G126701;SORBI_3007G041500
phenylpropanoid biosynthetic process	GO:0009699	31	9	6.347	1.418	1.671e-01	5.954e-01	SORBI_3001G190500;SORBI_3001G414800;SORBI_3002G005300;SORBI_3002G005400;SORBI_3002G005500;SORBI_3004G147400;SORBI_3005G183600;SORBI_3005G200600;SORBI_3009G021600
xenobiotic detoxification by transmembrane export across the plasma membrane	GO:1990961	21	6	4.300	1.395	2.482e-01	5.954e-01	SORBI_3001G012600;SORBI_3002G311200;SORBI_3006G184400;SORBI_3007G160700;SORBI_3007G181100;SORBI_3010G138400
steroid metabolic process	GO:0008202	21	6	4.300	1.395	2.482e-01	5.954e-01	SORBI_3001G434700;SORBI_3003G107400;SORBI_3003G107600;SORBI_3005G161900;SORBI_3008G025700;SORBI_3008G078800
calcium ion transport	GO:0006816	21	6	4.300	1.395	2.482e-01	5.954e-01	SORBI_3001G449100;SORBI_3002G253800;SORBI_3003G184800;SORBI_3003G420500;SORBI_3004G061400;SORBI_3004G108100
protein refolding	GO:0042026	25	7	5.119	1.368	2.385e-01	5.954e-01	SORBI_3001G032700;SORBI_3001G129000;SORBI_3001G228200;SORBI_3001G333500;SORBI_3001G454000;SORBI_3008G088200;SORBI_3008G136000
steroid biosynthetic process	GO:0006694	25	7	5.119	1.368	2.385e-01	5.954e-01	SORBI_3001G434700;SORBI_3002G264300;SORBI_3003G107400;SORBI_3003G107600;SORBI_3005G161900;SORBI_3008G025700;SORBI_3008G078800
actin filament organization	GO:0007015	25	7	5.119	1.368	2.385e-01	5.954e-01	SORBI_3001G257800;SORBI_3001G261600;SORBI_3003G198500;SORBI_3003G328600;SORBI_3004G017900;SORBI_3010G096100;SORBI_3010G097300
leaf senescence	GO:0010150	25	7	5.119	1.368	2.385e-01	5.954e-01	SORBI_3002G001900;SORBI_3002G174200;SORBI_3003G365400;SORBI_3004G221900;SORBI_3004G341900;SORBI_3009G077100;SORBI_3009G238200
regulatory ncRNA-mediated gene silencing	GO:0031047	36	10	7.371	1.357	1.864e-01	5.954e-01	SORBI_3001G527800;SORBI_3001G536400;SORBI_3003G088600;SORBI_3003G396700;SORBI_3007G039300;SORBI_3008G070600;SORBI_3008G070700;SORBI_3008G070800;SORBI_3010G139000;SORBI_3010G143600
glycolytic process	GO:0006096	29	8	5.938	1.347	2.291e-01	5.954e-01	SORBI_3001G384100;SORBI_3002G026300;SORBI_3003G393900;SORBI_3005G056400;SORBI_3008G033600;SORBI_3009G016700;SORBI_3010G090100;SORBI_3010G134000
DNA replication	GO:0006260	48	13	9.828	1.323	1.678e-01	5.954e-01	SORBI_3001G211500;SORBI_3001G538500;SORBI_3003G369200;SORBI_3004G007133;SORBI_3004G049200;SORBI_3004G331600;SORBI_3005G110535;SORBI_3006G195500;SORBI_3007G182700;SORBI_3008G091300;SORBI_3008G109000;SORBI_3009G087000;SORBI_3009G172950
defense response to oomycetes	GO:0002229	48	13	9.828	1.323	1.678e-01	5.954e-01	SORBI_3001G032300;SORBI_3001G032400;SORBI_3001G156600;SORBI_3001G526900;SORBI_3002G107900;SORBI_3006G190000;SORBI_3009G026800;SORBI_3010G124700;SORBI_3010G124800;SORBI_3010G126800;SORBI_3010G127200;SORBI_3010G127300;SORBI_3010G170150
fatty acid biosynthetic process	GO:0006633	67	18	13.718	1.312	1.266e-01	5.954e-01	SORBI_3001G125800;SORBI_3001G264500;SORBI_3001G265300;SORBI_3001G483400;SORBI_3001G495500;SORBI_3002G111500;SORBI_3002G179700;SORBI_3002G256900;SORBI_3003G385900;SORBI_3004G007500;SORBI_3004G341300;SORBI_3009G150900;SORBI_3010G073500;SORBI_3010G095000;SORBI_3010G107400;SORBI_3010G108100;SORBI_3010G108301;SORBI_3010G180400
response to water deprivation	GO:0009414	34	9	6.961	1.293	2.487e-01	5.954e-01	SORBI_3001G534532;SORBI_3003G324400;SORBI_3004G113800;SORBI_3005G101200;SORBI_3005G115600;SORBI_3006G163401;SORBI_3010G089500;SORBI_3010G132600;SORBI_3010G138000
monoatomic ion transmembrane transport	GO:0034220	53	14	10.852	1.290	1.811e-01	5.954e-01	SORBI_3001G128300;SORBI_3001G512400;SORBI_3002G002800;SORBI_3002G162400;SORBI_3002G208900;SORBI_3002G209000;SORBI_3003G170700;SORBI_3003G278200;SORBI_3003G374400;SORBI_3004G113300;SORBI_3004G113400;SORBI_3009G147500;SORBI_3010G147200;SORBI_3010G153700
endoplasmic reticulum to Golgi vesicle-mediated transport	GO:0006888	46	12	9.418	1.274	2.184e-01	5.954e-01	SORBI_3001G189100;SORBI_3002G223000;SORBI_3002G227500;SORBI_3004G004300;SORBI_3004G088450;SORBI_3004G088501;SORBI_3005G098501;SORBI_3005G184200;SORBI_3007G157000;SORBI_3007G171700;SORBI_3010G080200;SORBI_3010G153100
positive regulation of transcription by RNA polymerase II	GO:0045944	66	17	13.513	1.258	1.787e-01	5.954e-01	SORBI_3001G041700;SORBI_3001G180400;SORBI_3001G478400;SORBI_3002G021200;SORBI_3002G026500;SORBI_3003G166750;SORBI_3003G406800;SORBI_3004G009600;SORBI_3004G051500;SORBI_3004G085600;SORBI_3005G079800;SORBI_3006G194400;SORBI_3006G213900;SORBI_3008G072800;SORBI_3008G072900;SORBI_3010G090200;SORBI_3010G221500
DNA-templated transcription	GO:0006351	59	15	12.080	1.242	2.131e-01	5.954e-01	SORBI_3001G039700;SORBI_3002G000300;SORBI_3002G374200;SORBI_3002G421800;SORBI_3003G033000;SORBI_3003G081000;SORBI_3003G145400;SORBI_3003G328700;SORBI_3004G078800;SORBI_3004G088200;SORBI_3004G102500;SORBI_3004G253300;SORBI_3010G110100;SORBI_3010G163900;SORBI_3010G180200
intracellular protein transport	GO:0006886	111	28	22.727	1.232	1.302e-01	5.954e-01	SORBI_3001G041600;SORBI_3001G114000;SORBI_3001G189100;SORBI_3001G270800;SORBI_3001G528000;SORBI_3002G114900;SORBI_3002G128700;SORBI_3002G223000;SORBI_3002G227500;SORBI_3002G380300;SORBI_3003G158700;SORBI_3004G088450;SORBI_3004G088501;SORBI_3004G275700;SORBI_3005G098501;SORBI_3006G033200;SORBI_3006G217700;SORBI_3007G157000;SORBI_3007G171700;SORBI_3008G103300;SORBI_3009G249700;SORBI_3010G053800;SORBI_3010G072800;SORBI_3010G080200;SORBI_3010G090000;SORBI_3010G144000;SORBI_3010G153100;SORBI_3010G163600
RNA processing	GO:0006396	68	17	13.923	1.221	2.150e-01	5.954e-01	SORBI_3001G134600;SORBI_3001G188100;SORBI_3001G249200;SORBI_3001G394800;SORBI_3001G527800;SORBI_3001G528700;SORBI_3002G253600;SORBI_3003G033100;SORBI_3003G374500;SORBI_3003G396700;SORBI_3006G191500;SORBI_3007G183700;SORBI_3009G247601;SORBI_3010G097100;SORBI_3010G139000;SORBI_3010G145800;SORBI_3010G151900
response to other organism	GO:0051707	65	16	13.309	1.202	2.444e-01	5.954e-01	SORBI_3001G115400;SORBI_3001G125800;SORBI_3001G273500;SORBI_3001G483400;SORBI_3002G111900;SORBI_3003G100200;SORBI_3003G225500;SORBI_3003G385900;SORBI_3005G118600;SORBI_3005G220200;SORBI_3005G226000;SORBI_3006G217900;SORBI_3006G228200;SORBI_3009G019200;SORBI_3010G052100;SORBI_3010G138500
positive regulation of cytoplasmic translation	GO:2000767	126	31	25.798	1.202	1.481e-01	5.954e-01	SORBI_3001G261464;SORBI_3001G261589;SORBI_3001G262601;SORBI_3001G311050;SORBI_3001G332966;SORBI_3002G149101;SORBI_3003G165551;SORBI_3003G167101;SORBI_3003G184732;SORBI_3004G147950;SORBI_3005G106432;SORBI_3005G119950;SORBI_3005G120301;SORBI_3008G070650;SORBI_3008G072850;SORBI_3008G082150;SORBI_3008G088827;SORBI_3009G085250;SORBI_3009G133201;SORBI_3010G113150;SORBI_3010G127550;SORBI_3010G134801;SORBI_3010G136450;SORBI_3010G137333;SORBI_3010G140150;SORBI_3010G140550;SORBI_3010G140575;SORBI_3010G140750;SORBI_3010G144050;SORBI_3010G152250;SORBI_3010G161050
response to stress	GO:0006950	124	29	25.389	1.142	2.393e-01	5.954e-01	SORBI_3001G115400;SORBI_3001G189000;SORBI_3001G189200;SORBI_3001G293000;SORBI_3001G293100;SORBI_3001G293200;SORBI_3001G314000;SORBI_3001G314100;SORBI_3001G360400;SORBI_3001G360500;SORBI_3001G528100;SORBI_3002G003500;SORBI_3002G003700;SORBI_3002G423600;SORBI_3003G167300;SORBI_3004G049800;SORBI_3004G342000;SORBI_3005G175500;SORBI_3006G191600;SORBI_3006G210900;SORBI_3007G205200;SORBI_3007G205400;SORBI_3008G076200;SORBI_3008G136000;SORBI_3009G113700;SORBI_3010G089500;SORBI_3010G128400;SORBI_3010G138000;SORBI_3010G140700
proteolysis	GO:0006508	272	63	55.692	1.131	1.494e-01	5.954e-01	SORBI_3001G036300;SORBI_3001G171500;SORBI_3001G250800;SORBI_3001G258100;SORBI_3001G263600;SORBI_3001G294000;SORBI_3001G311900;SORBI_3001G320000;SORBI_3001G360600;SORBI_3001G395300;SORBI_3001G396000;SORBI_3001G400500;SORBI_3002G024400;SORBI_3002G065400;SORBI_3002G111000;SORBI_3002G112300;SORBI_3002G121100;SORBI_3002G121300;SORBI_3002G175500;SORBI_3002G180800;SORBI_3002G223401;SORBI_3003G077400;SORBI_3003G246100;SORBI_3003G323700;SORBI_3003G392100;SORBI_3003G419300;SORBI_3003G419400;SORBI_3003G419500;SORBI_3004G010000;SORBI_3004G107200;SORBI_3004G252500;SORBI_3004G329000;SORBI_3004G335500;SORBI_3004G341800;SORBI_3005G041500;SORBI_3005G105850;SORBI_3005G186700;SORBI_3005G186800;SORBI_3006G243200;SORBI_3007G180450;SORBI_3008G098300;SORBI_3008G098900;SORBI_3008G103200;SORBI_3008G119900;SORBI_3008G122300;SORBI_3009G042200;SORBI_3009G151000;SORBI_3009G184000;SORBI_3009G201100;SORBI_3010G034000;SORBI_3010G051200;SORBI_3010G051300;SORBI_3010G126100;SORBI_3010G126400;SORBI_3010G126500;SORBI_3010G126700;SORBI_3010G127600;SORBI_3010G128000;SORBI_3010G128800;SORBI_3010G129100;SORBI_3010G131700;SORBI_3010G141500;SORBI_3010G141800
monoatomic ion transport	GO:0006811	183	41	37.469	1.094	2.833e-01	6.104e-01	SORBI_3001G098800;SORBI_3001G128300;SORBI_3001G184100;SORBI_3001G435400;SORBI_3001G449100;SORBI_3001G512100;SORBI_3001G512300;SORBI_3002G001800;SORBI_3002G002800;SORBI_3002G141900;SORBI_3002G156000;SORBI_3002G162400;SORBI_3002G208900;SORBI_3002G209000;SORBI_3002G253800;SORBI_3003G086300;SORBI_3003G155000;SORBI_3003G184800;SORBI_3003G278200;SORBI_3003G372500;SORBI_3003G374400;SORBI_3003G378400;SORBI_3003G420500;SORBI_3004G061400;SORBI_3004G108100;SORBI_3004G113300;SORBI_3004G113400;SORBI_3005G040700;SORBI_3005G125400;SORBI_3006G210700;SORBI_3007G109200;SORBI_3007G153001;SORBI_3008G021200;SORBI_3008G192900;SORBI_3009G042700;SORBI_3009G057700;SORBI_3009G073100;SORBI_3009G147500;SORBI_3010G147200;SORBI_3010G153700;SORBI_3010G224400
hydrogen peroxide catabolic process	GO:0042744	104	24	21.294	1.127	2.892e-01	6.188e-01	SORBI_3001G189000;SORBI_3001G189200;SORBI_3001G293000;SORBI_3001G293100;SORBI_3001G293200;SORBI_3001G314000;SORBI_3001G314100;SORBI_3001G360400;SORBI_3001G360500;SORBI_3001G528100;SORBI_3002G003500;SORBI_3002G003700;SORBI_3003G167300;SORBI_3004G011566;SORBI_3004G049800;SORBI_3004G076000;SORBI_3006G243600;SORBI_3006G277550;SORBI_3009G113700;SORBI_3010G128400;SORBI_3010G134200;SORBI_3010G140700;SORBI_3010G149700;SORBI_3010G162000
intra-Golgi vesicle-mediated transport	GO:0006891	18	5	3.685	1.357	3.016e-01	6.409e-01	SORBI_3001G189100;SORBI_3002G380300;SORBI_3004G088450;SORBI_3004G088501;SORBI_3005G098501
intracellular protein localization	GO:0008104	14	4	2.866	1.395	3.182e-01	6.578e-01	SORBI_3001G050200;SORBI_3004G048000;SORBI_3005G145201;SORBI_3005G183200
protein targeting to membrane	GO:0006612	14	4	2.866	1.395	3.182e-01	6.578e-01	SORBI_3001G478300;SORBI_3001G527900;SORBI_3004G347100;SORBI_3007G172500
regulation of cell shape	GO:0008360	14	4	2.866	1.395	3.182e-01	6.578e-01	SORBI_3004G017900;SORBI_3004G107800;SORBI_3010G064200;SORBI_3010G096100
response to hydrogen peroxide	GO:0042542	14	4	2.866	1.395	3.182e-01	6.578e-01	SORBI_3002G174200;SORBI_3003G385100;SORBI_3009G238200;SORBI_3010G171800
phosphate-containing compound metabolic process	GO:0006796	10	3	2.047	1.465	3.366e-01	6.687e-01	SORBI_3003G107900;SORBI_3003G367650;SORBI_3006G276700
maturation of SSU-rRNA from tricistronic rRNA transcript (SSU-rRNA, 5.8S rRNA, LSU-rRNA)	GO:0000462	10	3	2.047	1.465	3.366e-01	6.687e-01	SORBI_3001G056200;SORBI_3004G050400;SORBI_3007G217100
detection of stimulus	GO:0051606	10	3	2.047	1.465	3.366e-01	6.687e-01	SORBI_3004G044800;SORBI_3004G045000;SORBI_3004G045100
organic anion transport	GO:0015711	10	3	2.047	1.465	3.366e-01	6.687e-01	SORBI_3003G122300;SORBI_3009G249500;SORBI_3010G184100
magnesium ion transmembrane transport	GO:1903830	10	3	2.047	1.465	3.366e-01	6.687e-01	SORBI_3001G512100;SORBI_3003G372500;SORBI_3003G378400
magnesium ion transport	GO:0015693	10	3	2.047	1.465	3.366e-01	6.687e-01	SORBI_3001G512100;SORBI_3003G372500;SORBI_3003G378400
pectin catabolic process	GO:0045490	37	9	7.576	1.188	3.405e-01	6.722e-01	SORBI_3001G045400;SORBI_3001G230400;SORBI_3001G252300;SORBI_3002G210700;SORBI_3004G091000;SORBI_3005G217101;SORBI_3008G135901;SORBI_3009G111000;SORBI_3010G034200
leaf development	GO:0048366	19	5	3.890	1.285	3.462e-01	6.746e-01	SORBI_3001G101700;SORBI_3001G456000;SORBI_3004G106900;SORBI_3008G077600;SORBI_3010G073600
regulation of defense response to fungus	GO:1900150	19	5	3.890	1.285	3.462e-01	6.746e-01	SORBI_3001G381800;SORBI_3004G115700;SORBI_3005G194300;SORBI_3009G250100;SORBI_3010G151700
vesicle-mediated transport	GO:0016192	112	25	22.932	1.090	3.487e-01	6.746e-01	SORBI_3001G041600;SORBI_3001G114000;SORBI_3001G259500;SORBI_3002G128700;SORBI_3002G227500;SORBI_3004G004300;SORBI_3004G028000;SORBI_3004G088450;SORBI_3004G088501;SORBI_3004G184000;SORBI_3004G275700;SORBI_3004G334900;SORBI_3005G184200;SORBI_3006G033200;SORBI_3006G217700;SORBI_3007G157000;SORBI_3007G171700;SORBI_3008G100600;SORBI_3008G106900;SORBI_3009G249700;SORBI_3010G053800;SORBI_3010G090000;SORBI_3010G130000;SORBI_3010G144000;SORBI_3010G153100
cellular oxidant detoxification	GO:0098869	131	29	26.822	1.081	3.505e-01	6.746e-01	SORBI_3001G119400;SORBI_3001G189000;SORBI_3001G189200;SORBI_3001G293000;SORBI_3001G293100;SORBI_3001G293200;SORBI_3001G314000;SORBI_3001G314100;SORBI_3001G360400;SORBI_3001G360500;SORBI_3001G528100;SORBI_3002G003500;SORBI_3002G003700;SORBI_3003G167300;SORBI_3004G011566;SORBI_3004G049800;SORBI_3004G076000;SORBI_3006G243600;SORBI_3006G277550;SORBI_3007G148300;SORBI_3009G113700;SORBI_3010G058200;SORBI_3010G072900;SORBI_3010G095200;SORBI_3010G128400;SORBI_3010G134200;SORBI_3010G140700;SORBI_3010G149700;SORBI_3010G162000
glucose metabolic process	GO:0006006	15	4	3.071	1.302	3.697e-01	6.810e-01	SORBI_3001G116500;SORBI_3001G187800;SORBI_3001G339100;SORBI_3009G016700
nitrate transmembrane transport	GO:0015706	15	4	3.071	1.302	3.697e-01	6.810e-01	SORBI_3001G134800;SORBI_3004G009200;SORBI_3004G009400;SORBI_3004G009500
starch catabolic process	GO:0005983	15	4	3.071	1.302	3.697e-01	6.810e-01	SORBI_3001G226600;SORBI_3001G293800;SORBI_3001G538800;SORBI_3010G143500
DNA-templated DNA replication	GO:0006261	15	4	3.071	1.302	3.697e-01	6.810e-01	SORBI_3004G049200;SORBI_3007G182700;SORBI_3008G091300;SORBI_3010G147700
response to cold	GO:0009409	47	11	9.623	1.143	3.635e-01	6.810e-01	SORBI_3001G252000;SORBI_3001G357200;SORBI_3001G534532;SORBI_3002G380200;SORBI_3003G033100;SORBI_3003G324400;SORBI_3004G113800;SORBI_3004G219000;SORBI_3005G115600;SORBI_3006G163401;SORBI_3010G089500
chromatin organization	GO:0006325	80	18	16.380	1.099	3.685e-01	6.810e-01	SORBI_3001G037000;SORBI_3001G134300;SORBI_3001G174900;SORBI_3001G175100;SORBI_3001G230000;SORBI_3001G338800;SORBI_3002G210200;SORBI_3003G408800;SORBI_3004G276400;SORBI_3005G079400;SORBI_3006G214000;SORBI_3007G039300;SORBI_3008G018100;SORBI_3008G028700;SORBI_3008G081600;SORBI_3009G042600;SORBI_3010G112100;SORBI_3010G138000
response to oxidative stress	GO:0006979	118	26	24.160	1.076	3.717e-01	6.810e-01	SORBI_3001G136800;SORBI_3001G189000;SORBI_3001G189200;SORBI_3001G293000;SORBI_3001G293100;SORBI_3001G293200;SORBI_3001G314000;SORBI_3001G314100;SORBI_3001G360400;SORBI_3001G360500;SORBI_3001G528100;SORBI_3002G003500;SORBI_3002G003700;SORBI_3003G167300;SORBI_3004G011566;SORBI_3004G049800;SORBI_3004G125800;SORBI_3006G163401;SORBI_3006G243600;SORBI_3006G277550;SORBI_3008G004800;SORBI_3009G113700;SORBI_3010G128400;SORBI_3010G140700;SORBI_3010G149700;SORBI_3010G162000
methylation	GO:0032259	151	33	30.917	1.067	3.672e-01	6.810e-01	SORBI_3001G033000;SORBI_3001G104300;SORBI_3001G134600;SORBI_3001G291400;SORBI_3001G395500;SORBI_3002G116500;SORBI_3002G179100;SORBI_3003G033100;SORBI_3003G104800;SORBI_3003G390100;SORBI_3004G017100;SORBI_3004G061800;SORBI_3004G335700;SORBI_3004G341600;SORBI_3005G115500;SORBI_3005G161900;SORBI_3005G190800;SORBI_3006G214000;SORBI_3007G089800;SORBI_3007G171950;SORBI_3008G025700;SORBI_3008G028700;SORBI_3008G078800;SORBI_3008G178800;SORBI_3009G043900;SORBI_3009G083900;SORBI_3009G092900;SORBI_3009G251000;SORBI_3010G032700;SORBI_3010G052200;SORBI_3010G052400;SORBI_3010G130400;SORBI_3010G130500
fatty acid metabolic process	GO:0006631	57	13	11.671	1.114	3.811e-01	6.901e-01	SORBI_3001G125800;SORBI_3001G230100;SORBI_3001G265300;SORBI_3001G483400;SORBI_3002G111500;SORBI_3002G256900;SORBI_3003G324000;SORBI_3003G385900;SORBI_3004G007500;SORBI_3004G125800;SORBI_3006G213700;SORBI_3010G073500;SORBI_3010G180400
potassium ion transport	GO:0006813	57	13	11.671	1.114	3.811e-01	6.901e-01	SORBI_3001G184100;SORBI_3002G001800;SORBI_3002G156000;SORBI_3002G162400;SORBI_3003G278200;SORBI_3005G040700;SORBI_3006G210700;SORBI_3007G153001;SORBI_3008G192900;SORBI_3009G042700;SORBI_3009G147500;SORBI_3010G153700;SORBI_3010G224400
pentose-phosphate shunt	GO:0006098	11	3	2.252	1.332	3.984e-01	6.998e-01	SORBI_3001G339100;SORBI_3005G115600;SORBI_3007G179900
nucleotide-excision repair	GO:0006289	11	3	2.252	1.332	3.984e-01	6.998e-01	SORBI_3001G538500;SORBI_3004G009000;SORBI_3008G109000
mRNA catabolic process	GO:0006402	11	3	2.252	1.332	3.984e-01	6.998e-01	SORBI_3003G420100;SORBI_3004G048800;SORBI_3006G278600
G1/S transition of mitotic cell cycle	GO:0000082	20	5	4.095	1.221	3.911e-01	6.998e-01	SORBI_3001G166800;SORBI_3002G190700;SORBI_3002G230900;SORBI_3004G183900;SORBI_3008G104000
negative regulation of response to salt stress	GO:1901001	20	5	4.095	1.221	3.911e-01	6.998e-01	SORBI_3002G107900;SORBI_3010G124700;SORBI_3010G124800;SORBI_3010G127200;SORBI_3010G127300
polysaccharide catabolic process	GO:0000272	53	12	10.852	1.106	4.002e-01	6.998e-01	SORBI_3001G099100;SORBI_3001G226600;SORBI_3001G261600;SORBI_3001G293800;SORBI_3001G384600;SORBI_3002G189100;SORBI_3003G082700;SORBI_3003G083000;SORBI_3007G205700;SORBI_3009G130100;SORBI_3010G097300;SORBI_3010G130300
immune response	GO:0006955	25	6	5.119	1.172	4.066e-01	7.070e-01	SORBI_3002G111900;SORBI_3005G175500;SORBI_3006G228200;SORBI_3009G082200;SORBI_3010G137300;SORBI_3010G137400
glucan metabolic process	GO:0044042	16	4	3.276	1.221	4.209e-01	7.076e-01	SORBI_3001G284600;SORBI_3001G538000;SORBI_3001G538800;SORBI_3010G146300
cellular response to heat	GO:0034605	16	4	3.276	1.221	4.209e-01	7.076e-01	SORBI_3001G333500;SORBI_3001G450700;SORBI_3008G178901;SORBI_3010G170600
base-excision repair	GO:0006284	16	4	3.276	1.221	4.209e-01	7.076e-01	SORBI_3001G203450;SORBI_3001G262700;SORBI_3001G262900;SORBI_3010G033600
Group II intron splicing	GO:0000373	16	4	3.276	1.221	4.209e-01	7.076e-01	SORBI_3001G028100;SORBI_3006G118300;SORBI_3007G059700;SORBI_3009G238100
xylan biosynthetic process	GO:0045492	16	4	3.276	1.221	4.209e-01	7.076e-01	SORBI_3001G038300;SORBI_3001G406700;SORBI_3001G479800;SORBI_3004G047600
fatty acid beta-oxidation	GO:0006635	16	4	3.276	1.221	4.209e-01	7.076e-01	SORBI_3001G230100;SORBI_3007G172400;SORBI_3009G057200;SORBI_3009G057300
oligopeptide transport	GO:0006857	21	5	4.300	1.163	4.358e-01	7.287e-01	SORBI_3002G000800;SORBI_3003G076200;SORBI_3003G185100;SORBI_3003G372100;SORBI_3003G392700
cell wall organization	GO:0071555	146	31	29.893	1.037	4.424e-01	7.358e-01	SORBI_3001G021500;SORBI_3001G033300;SORBI_3001G045400;SORBI_3001G237800;SORBI_3001G237900;SORBI_3001G238000;SORBI_3001G238100;SORBI_3001G238200;SORBI_3001G252700;SORBI_3001G284600;SORBI_3001G300500;SORBI_3001G300800;SORBI_3001G311000;SORBI_3001G338400;SORBI_3001G384200;SORBI_3001G479800;SORBI_3001G538000;SORBI_3002G050900;SORBI_3002G189100;SORBI_3002G274700;SORBI_3004G028700;SORBI_3006G191700;SORBI_3007G180450;SORBI_3008G022500;SORBI_3009G111000;SORBI_3010G064200;SORBI_3010G082201;SORBI_3010G082300;SORBI_3010G094400;SORBI_3010G146000;SORBI_3010G146300
exocytosis	GO:0006887	26	6	5.323	1.127	4.467e-01	7.389e-01	SORBI_3001G050200;SORBI_3003G155600;SORBI_3003G158700;SORBI_3005G106700;SORBI_3008G043600;SORBI_3008G085700
signal peptide processing	GO:0006465	12	3	2.457	1.221	4.585e-01	7.463e-01	SORBI_3001G103900;SORBI_3002G379866;SORBI_3004G252500
spindle assembly	GO:0051225	12	3	2.457	1.221	4.585e-01	7.463e-01	SORBI_3001G168700;SORBI_3002G004100;SORBI_3006G210600
innate immune response	GO:0045087	12	3	2.457	1.221	4.585e-01	7.463e-01	SORBI_3007G171800;SORBI_3008G152900;SORBI_3008G153000
pollen development	GO:0009555	17	4	3.481	1.149	4.710e-01	7.566e-01	SORBI_3001G183100;SORBI_3001G230000;SORBI_3002G379866;SORBI_3010G130000
microtubule-based process	GO:0007017	22	5	4.504	1.110	4.797e-01	7.566e-01	SORBI_3002G338800;SORBI_3003G185300;SORBI_3004G053300;SORBI_3004G192700;SORBI_3010G165300
meiotic cell cycle	GO:0051321	22	5	4.504	1.110	4.797e-01	7.566e-01	SORBI_3002G265001;SORBI_3004G107000;SORBI_3005G200900;SORBI_3009G184200;SORBI_3010G032400
defense response to other organism	GO:0098542	51	11	10.442	1.053	4.783e-01	7.566e-01	SORBI_3001G022200;SORBI_3001G115400;SORBI_3001G128100;SORBI_3001G191800;SORBI_3002G030725;SORBI_3004G103000;SORBI_3004G182000;SORBI_3007G039300;SORBI_3008G018600;SORBI_3010G130000;SORBI_3010G143600
lipid catabolic process	GO:0016042	70	15	14.332	1.047	4.686e-01	7.566e-01	SORBI_3001G041900;SORBI_3001G117000;SORBI_3001G120400;SORBI_3001G157900;SORBI_3001G158200;SORBI_3001G228100;SORBI_3002G031800;SORBI_3003G389400;SORBI_3003G391000;SORBI_3007G014100;SORBI_3007G158600;SORBI_3007G162200;SORBI_3008G077800;SORBI_3008G166050;SORBI_3009G125300
chromatin remodeling	GO:0006338	75	16	15.356	1.042	4.724e-01	7.566e-01	SORBI_3001G230000;SORBI_3001G251600;SORBI_3001G395500;SORBI_3003G107500;SORBI_3004G006600;SORBI_3004G075700;SORBI_3004G276400;SORBI_3006G038400;SORBI_3007G161600;SORBI_3008G007000;SORBI_3008G018100;SORBI_3008G028700;SORBI_3010G032700;SORBI_3010G052400;SORBI_3010G112100;SORBI_3010G138000
heterochromatin formation	GO:0031507	27	6	5.528	1.085	4.863e-01	7.591e-01	SORBI_3001G284800;SORBI_3001G395500;SORBI_3002G021200;SORBI_3003G041400;SORBI_3004G009600;SORBI_3010G052400
calcium ion transmembrane transport	GO:0070588	27	6	5.528	1.085	4.863e-01	7.591e-01	SORBI_3002G253800;SORBI_3003G184765;SORBI_3003G184800;SORBI_3003G420500;SORBI_3004G061400;SORBI_3004G108100
toxin catabolic process	GO:0009407	13	3	2.662	1.127	5.158e-01	7.613e-01	SORBI_3001G000700;SORBI_3003G184600;SORBI_3007G157700
thylakoid membrane organization	GO:0010027	13	3	2.662	1.127	5.158e-01	7.613e-01	SORBI_3005G101200;SORBI_3009G125400;SORBI_3009G251000
vacuole organization	GO:0007033	13	3	2.662	1.127	5.158e-01	7.613e-01	SORBI_3001G114000;SORBI_3003G373500;SORBI_3010G107000
double-strand break repair	GO:0006302	13	3	2.662	1.127	5.158e-01	7.613e-01	SORBI_3001G190400;SORBI_3002G116300;SORBI_3008G091300
negative regulation of abscisic acid-activated signaling pathway	GO:0009788	13	3	2.662	1.127	5.158e-01	7.613e-01	SORBI_3004G066700;SORBI_3007G172800;SORBI_3010G096100
organophosphate ester transport	GO:0015748	13	3	2.662	1.127	5.158e-01	7.613e-01	SORBI_3003G122300;SORBI_3009G249500;SORBI_3010G184100
RNA catabolic process	GO:0006401	13	3	2.662	1.127	5.158e-01	7.613e-01	SORBI_3002G278800;SORBI_3004G048800;SORBI_3006G119300
regulation of jasmonic acid mediated signaling pathway	GO:2000022	18	4	3.685	1.085	5.194e-01	7.613e-01	SORBI_3001G259300;SORBI_3001G259400;SORBI_3001G259600;SORBI_3002G036100
DNA recombination	GO:0006310	32	7	6.552	1.068	4.916e-01	7.613e-01	SORBI_3001G211500;SORBI_3001G229850;SORBI_3001G538500;SORBI_3003G391400;SORBI_3005G061900;SORBI_3008G101300;SORBI_3008G109000
mitotic cell cycle	GO:0000278	23	5	4.709	1.062	5.223e-01	7.613e-01	SORBI_3001G210000;SORBI_3001G251700;SORBI_3004G053300;SORBI_3005G144600;SORBI_3010G147700
monoatomic cation transport	GO:0006812	37	8	7.576	1.056	4.961e-01	7.613e-01	SORBI_3002G156000;SORBI_3003G086300;SORBI_3003G184800;SORBI_3004G108100;SORBI_3008G033300;SORBI_3008G179200;SORBI_3008G192900;SORBI_3009G042700
actin cytoskeleton organization	GO:0030036	14	3	2.866	1.047	5.698e-01	7.613e-01	SORBI_3001G038800;SORBI_3001G402400;SORBI_3004G049600
purine nucleotide biosynthetic process	GO:0006164	14	3	2.866	1.047	5.698e-01	7.613e-01	SORBI_3001G114400;SORBI_3002G220200;SORBI_3006G278500
proton motive force-driven ATP synthesis	GO:0015986	14	3	2.866	1.047	5.698e-01	7.613e-01	SORBI_3001G098800;SORBI_3002G179400;SORBI_3007G109200
autophagy	GO:0006914	14	3	2.866	1.047	5.698e-01	7.613e-01	SORBI_3001G192000;SORBI_3001G436900;SORBI_3010G112000
regulation of intracellular pH	GO:0051453	14	3	2.866	1.047	5.698e-01	7.613e-01	SORBI_3002G156000;SORBI_3008G192900;SORBI_3009G042700
autophagosome assembly	GO:0000045	14	3	2.866	1.047	5.698e-01	7.613e-01	SORBI_3001G527700;SORBI_3002G159200;SORBI_3010G112000
response to abscisic acid	GO:0009737	28	6	5.733	1.047	5.248e-01	7.613e-01	SORBI_3001G395500;SORBI_3003G324400;SORBI_3005G115600;SORBI_3006G163300;SORBI_3007G217700;SORBI_3008G107500
calcium-mediated signaling	GO:0019722	14	3	2.866	1.047	5.698e-01	7.613e-01	SORBI_3001G294300;SORBI_3003G415500;SORBI_3008G152800
ribosomal small subunit biogenesis	GO:0042274	14	3	2.866	1.047	5.698e-01	7.613e-01	SORBI_3002G116200;SORBI_3002G144966;SORBI_3008G100000
flavonoid biosynthetic process	GO:0009813	14	3	2.866	1.047	5.698e-01	7.613e-01	SORBI_3002G000400;SORBI_3004G050200;SORBI_3004G310100
MAPK cascade	GO:0000165	19	4	3.890	1.028	5.656e-01	7.613e-01	SORBI_3001G115400;SORBI_3005G106600;SORBI_3009G038900;SORBI_3010G171600
root development	GO:0048364	24	5	4.914	1.018	5.634e-01	7.613e-01	SORBI_3002G421800;SORBI_3004G219000;SORBI_3005G088700;SORBI_3008G077600;SORBI_3009G077100
carboxylic acid metabolic process	GO:0019752	24	5	4.914	1.018	5.634e-01	7.613e-01	SORBI_3004G004400;SORBI_3004G004500;SORBI_3004G007500;SORBI_3006G038200;SORBI_3010G113000
plant organ development	GO:0099402	24	5	4.914	1.018	5.634e-01	7.613e-01	SORBI_3001G292800;SORBI_3002G084800;SORBI_3008G090900;SORBI_3008G149200;SORBI_3008G179000
proteasome-mediated ubiquitin-dependent protein catabolic process	GO:0043161	53	11	10.852	1.014	5.345e-01	7.613e-01	SORBI_3001G157800;SORBI_3002G020700;SORBI_3002G257400;SORBI_3002G263800;SORBI_3002G279000;SORBI_3004G066800;SORBI_3004G312600;SORBI_3005G040900;SORBI_3010G054200;SORBI_3010G125500;SORBI_3010G182000
ERAD pathway	GO:0036503	29	6	5.938	1.010	5.622e-01	7.613e-01	SORBI_3001G333100;SORBI_3003G343600;SORBI_3004G051700;SORBI_3005G040900;SORBI_3007G183900;SORBI_3010G125500
defense response to fungus	GO:0050832	58	12	11.875	1.010	5.361e-01	7.613e-01	SORBI_3001G536400;SORBI_3001G537700;SORBI_3002G114800;SORBI_3002G115200;SORBI_3003G077800;SORBI_3003G122000;SORBI_3005G098700;SORBI_3005G099000;SORBI_3005G224900;SORBI_3007G112200;SORBI_3007G157700;SORBI_3009G130100
response to hormone	GO:0009725	29	6	5.938	1.010	5.622e-01	7.613e-01	SORBI_3003G382600;SORBI_3003G385100;SORBI_3004G102301;SORBI_3004G181800;SORBI_3008G110400;SORBI_3010G073600
response to light stimulus	GO:0009416	34	7	6.961	1.006	5.615e-01	7.613e-01	SORBI_3001G219400;SORBI_3001G252000;SORBI_3002G159100;SORBI_3004G052800;SORBI_3006G119800;SORBI_3009G077500;SORBI_3010G138000
intracellular signal transduction	GO:0035556	73	15	14.947	1.004	5.406e-01	7.613e-01	SORBI_3001G014200;SORBI_3001G117200;SORBI_3001G333900;SORBI_3002G114800;SORBI_3002G117100;SORBI_3003G225200;SORBI_3003G372200;SORBI_3005G012200;SORBI_3005G106600;SORBI_3005G110538;SORBI_3005G220200;SORBI_3006G119800;SORBI_3008G015600;SORBI_3008G077600;SORBI_3009G038900
mRNA splicing, via spliceosome	GO:0000398	73	15	14.947	1.004	5.406e-01	7.613e-01	SORBI_3001G402300;SORBI_3001G434450;SORBI_3001G440700;SORBI_3002G371500;SORBI_3003G201800;SORBI_3003G201900;SORBI_3003G386500;SORBI_3004G115350;SORBI_3005G191200;SORBI_3006G183800;SORBI_3007G216900;SORBI_3008G100100;SORBI_3009G247601;SORBI_3010G053600;SORBI_3010G097100
cell differentiation	GO:0030154	49	10	10.033	0.997	5.615e-01	7.613e-01	SORBI_3001G183100;SORBI_3001G456000;SORBI_3002G021132;SORBI_3002G027600;SORBI_3003G141500;SORBI_3004G104900;SORBI_3008G149650;SORBI_3009G010600;SORBI_3010G129900;SORBI_3010G174700
brassinosteroid mediated signaling pathway	GO:0009742	40	8	8.190	0.977	5.925e-01	7.879e-01	SORBI_3002G155400;SORBI_3003G100500;SORBI_3004G102500;SORBI_3004G104800;SORBI_3004G104900;SORBI_3004G252200;SORBI_3004G329000;SORBI_3010G163900
translational initiation	GO:0006413	35	7	7.166	0.977	5.948e-01	7.879e-01	SORBI_3001G168900;SORBI_3001G259000;SORBI_3001G402500;SORBI_3004G020000;SORBI_3008G095500;SORBI_3008G101600;SORBI_3008G106000
amino acid metabolic process	GO:0006520	30	6	6.142	0.977	5.980e-01	7.888e-01	SORBI_3001G105900;SORBI_3003G199900;SORBI_3004G104700;SORBI_3004G331700;SORBI_3005G200300;SORBI_3010G080300
xyloglucan metabolic process	GO:0010411	15	3	3.071	0.977	6.198e-01	7.922e-01	SORBI_3001G284600;SORBI_3001G538000;SORBI_3010G146300
mRNA transport	GO:0051028	15	3	3.071	0.977	6.198e-01	7.922e-01	SORBI_3002G114900;SORBI_3002G223300;SORBI_3003G122500
mRNA cis splicing, via spliceosome	GO:0045292	15	3	3.071	0.977	6.198e-01	7.922e-01	SORBI_3003G201800;SORBI_3003G201900;SORBI_3006G183800
response to bacterium	GO:0009617	15	3	3.071	0.977	6.198e-01	7.922e-01	SORBI_3001G512300;SORBI_3002G030500;SORBI_3010G147600
vesicle fusion	GO:0006906	15	3	3.071	0.977	6.198e-01	7.922e-01	SORBI_3001G360200;SORBI_3001G528000;SORBI_3010G090000
microtubule-based movement	GO:0007018	20	4	4.095	0.977	6.093e-01	7.922e-01	SORBI_3001G177900;SORBI_3002G004100;SORBI_3005G144600;SORBI_3010G165300
response to endoplasmic reticulum stress	GO:0034976	20	4	4.095	0.977	6.093e-01	7.922e-01	SORBI_3009G057800;SORBI_3009G057900;SORBI_3010G058300;SORBI_3010G171501
RNA modification	GO:0009451	117	23	23.956	0.960	6.239e-01	7.922e-01	SORBI_3001G001200;SORBI_3001G016300;SORBI_3001G052100;SORBI_3001G256400;SORBI_3001G292800;SORBI_3001G332700;SORBI_3001G436600;SORBI_3001G478900;SORBI_3002G111700;SORBI_3002G251800;SORBI_3003G237100;SORBI_3003G419800;SORBI_3004G051600;SORBI_3005G129201;SORBI_3008G028400;SORBI_3008G099900;SORBI_3008G100400;SORBI_3008G149200;SORBI_3008G179000;SORBI_3009G042500;SORBI_3010G032300;SORBI_3010G138700;SORBI_3010G153600
ethylene-activated signaling pathway	GO:0009873	41	8	8.395	0.953	6.225e-01	7.922e-01	SORBI_3001G536400;SORBI_3002G069166;SORBI_3002G069400;SORBI_3007G156700;SORBI_3009G111200;SORBI_3010G052600;SORBI_3010G071700;SORBI_3010G089700
recognition of pollen	GO:0048544	26	5	5.323	0.939	6.397e-01	8.088e-01	SORBI_3002G111900;SORBI_3005G226000;SORBI_3006G228200;SORBI_3009G019200;SORBI_3010G052100
regulation of cell cycle	GO:0051726	21	4	4.300	0.930	6.501e-01	8.119e-01	SORBI_3001G014200;SORBI_3002G227100;SORBI_3003G033000;SORBI_3009G010600
fucose metabolic process	GO:0006004	21	4	4.300	0.930	6.501e-01	8.119e-01	SORBI_3002G253900;SORBI_3004G054100;SORBI_3004G253500;SORBI_3010G118300
protein polyubiquitination	GO:0000209	21	4	4.300	0.930	6.501e-01	8.119e-01	SORBI_3001G136900;SORBI_3001G333100;SORBI_3001G395400;SORBI_3010G131900
defense response to bacterium	GO:0042742	73	14	14.947	0.937	6.544e-01	8.141e-01	SORBI_3001G032300;SORBI_3001G032400;SORBI_3001G303600;SORBI_3002G107900;SORBI_3002G115200;SORBI_3003G122000;SORBI_3008G101100;SORBI_3009G013300;SORBI_3009G082200;SORBI_3010G124700;SORBI_3010G124800;SORBI_3010G126800;SORBI_3010G127200;SORBI_3010G127300
cellulose biosynthetic process	GO:0030244	16	3	3.276	0.916	6.657e-01	8.148e-01	SORBI_3001G021500;SORBI_3004G051300;SORBI_3010G146000
nucleosome assembly	GO:0006334	16	3	3.276	0.916	6.657e-01	8.148e-01	SORBI_3001G156900;SORBI_3002G017900;SORBI_3002G263700
water transport	GO:0006833	16	3	3.276	0.916	6.657e-01	8.148e-01	SORBI_3004G222000;SORBI_3009G085900;SORBI_3010G146100
RNA metabolic process	GO:0016070	16	3	3.276	0.916	6.657e-01	8.148e-01	SORBI_3001G485600;SORBI_3006G216000;SORBI_3007G171800
cell wall biogenesis	GO:0042546	27	5	5.528	0.904	6.745e-01	8.224e-01	SORBI_3001G284600;SORBI_3001G538000;SORBI_3010G082201;SORBI_3010G082300;SORBI_3010G146300
regulation of transcription by RNA polymerase II	GO:0006357	227	44	46.478	0.947	6.860e-01	8.288e-01	SORBI_3001G014200;SORBI_3001G049800;SORBI_3001G106000;SORBI_3001G106200;SORBI_3001G127800;SORBI_3001G166700;SORBI_3001G180400;SORBI_3001G286700;SORBI_3001G478400;SORBI_3002G026500;SORBI_3002G027401;SORBI_3002G117100;SORBI_3002G232900;SORBI_3002G380200;SORBI_3003G033000;SORBI_3003G104000;SORBI_3003G166750;SORBI_3003G406800;SORBI_3003G407200;SORBI_3004G006600;SORBI_3004G051500;SORBI_3004G067100;SORBI_3004G138000;SORBI_3004G140501;SORBI_3004G184200;SORBI_3005G110538;SORBI_3005G204600;SORBI_3006G194400;SORBI_3006G213900;SORBI_3008G025600;SORBI_3008G072800;SORBI_3008G072900;SORBI_3009G010600;SORBI_3009G083800;SORBI_3009G125600;SORBI_3009G250000;SORBI_3010G029450;SORBI_3010G071600;SORBI_3010G078700;SORBI_3010G090200;SORBI_3010G146800;SORBI_3010G215300;SORBI_3010G221400;SORBI_3010G221500
auxin-activated signaling pathway	GO:0009734	59	11	12.080	0.911	6.870e-01	8.288e-01	SORBI_3001G160200;SORBI_3001G485400;SORBI_3002G257001;SORBI_3003G044900;SORBI_3004G276600;SORBI_3009G085100;SORBI_3010G052300;SORBI_3010G052700;SORBI_3010G073600;SORBI_3010G095100;SORBI_3010G146400
terpene biosynthetic process	GO:0046246	22	4	4.504	0.888	6.879e-01	8.288e-01	SORBI_3001G339000;SORBI_3002G065600;SORBI_3004G153900;SORBI_3009G009300
negative regulation of DNA-templated transcription	GO:0045892	44	8	9.009	0.888	7.050e-01	8.325e-01	SORBI_3001G106200;SORBI_3002G179200;SORBI_3003G324400;SORBI_3004G341700;SORBI_3008G042100;SORBI_3009G039800;SORBI_3009G082300;SORBI_3009G247500
cytokinin-activated signaling pathway	GO:0009736	28	5	5.733	0.872	7.071e-01	8.325e-01	SORBI_3001G227900;SORBI_3003G407300;SORBI_3008G071200;SORBI_3009G069500;SORBI_3010G116000
modification-dependent protein catabolic process	GO:0019941	17	3	3.481	0.862	7.074e-01	8.325e-01	SORBI_3001G036600;SORBI_3001G045300;SORBI_3005G099100
chlorophyll biosynthetic process	GO:0015995	17	3	3.481	0.862	7.074e-01	8.325e-01	SORBI_3001G041800;SORBI_3002G158800;SORBI_3003G122100
monoatomic cation transmembrane transport	GO:0098655	17	3	3.481	0.862	7.074e-01	8.325e-01	SORBI_3001G512400;SORBI_3003G086300;SORBI_3008G179200
photosynthetic electron transport chain	GO:0009767	17	3	3.481	0.862	7.074e-01	8.325e-01	SORBI_3002G004000;SORBI_3005G101200;SORBI_3010G139200
carbohydrate metabolic process	GO:0005975	251	48	51.392	0.934	7.287e-01	8.446e-01	SORBI_3001G026800;SORBI_3001G045400;SORBI_3001G099100;SORBI_3001G116500;SORBI_3001G187800;SORBI_3001G261600;SORBI_3001G269000;SORBI_3001G269100;SORBI_3001G284600;SORBI_3001G384100;SORBI_3001G384600;SORBI_3001G458400;SORBI_3001G538000;SORBI_3002G114700;SORBI_3002G233600;SORBI_3003G082700;SORBI_3003G083000;SORBI_3003G364600;SORBI_3003G374100;SORBI_3004G004800;SORBI_3004G028700;SORBI_3004G029400;SORBI_3004G047400;SORBI_3004G062000;SORBI_3004G093400;SORBI_3005G087900;SORBI_3005G098700;SORBI_3005G099000;SORBI_3005G211500;SORBI_3005G217000;SORBI_3005G224900;SORBI_3006G063600;SORBI_3006G117600;SORBI_3007G179900;SORBI_3007G180450;SORBI_3007G205700;SORBI_3008G080100;SORBI_3009G119400;SORBI_3009G130100;SORBI_3009G213100;SORBI_3010G097300;SORBI_3010G106900;SORBI_3010G146300;SORBI_3010G148932;SORBI_3010G152900;SORBI_3010G170300;SORBI_3010G190700;SORBI_3010G190800
protein folding	GO:0006457	113	21	23.137	0.908	7.272e-01	8.446e-01	SORBI_3001G041200;SORBI_3001G129000;SORBI_3001G189750;SORBI_3001G228200;SORBI_3001G293300;SORBI_3001G360900;SORBI_3002G278600;SORBI_3002G423500;SORBI_3003G155800;SORBI_3003G374200;SORBI_3004G004600;SORBI_3004G011700;SORBI_3004G018400;SORBI_3004G183800;SORBI_3005G043000;SORBI_3005G190700;SORBI_3007G216700;SORBI_3008G088200;SORBI_3008G097966;SORBI_3010G073700;SORBI_3010G134700
rRNA processing	GO:0006364	66	12	13.513	0.888	7.248e-01	8.446e-01	SORBI_3001G033000;SORBI_3001G056200;SORBI_3001G104300;SORBI_3001G157300;SORBI_3001G527800;SORBI_3002G116200;SORBI_3002G144966;SORBI_3004G061800;SORBI_3004G335700;SORBI_3007G137350;SORBI_3008G049100;SORBI_3010G151900
glutathione metabolic process	GO:0006749	34	6	6.961	0.862	7.240e-01	8.446e-01	SORBI_3001G012500;SORBI_3003G184600;SORBI_3006G216300;SORBI_3009G043600;SORBI_3009G043700;SORBI_3010G175800
post-embryonic development	GO:0009791	40	7	8.190	0.855	7.392e-01	8.503e-01	SORBI_3001G273500;SORBI_3003G069950;SORBI_3003G070025;SORBI_3004G111400;SORBI_3006G217900;SORBI_3010G130700;SORBI_3010G142900
cell wall modification	GO:0042545	29	5	5.938	0.842	7.373e-01	8.503e-01	SORBI_3001G252300;SORBI_3002G210700;SORBI_3005G217101;SORBI_3008G135901;SORBI_3009G111000
amino acid biosynthetic process	GO:0008652	67	12	13.718	0.875	7.446e-01	8.533e-01	SORBI_3001G056601;SORBI_3001G531800;SORBI_3002G111800;SORBI_3003G119900;SORBI_3004G275600;SORBI_3005G110541;SORBI_3006G016900;SORBI_3006G243400;SORBI_3007G171200;SORBI_3008G178800;SORBI_3010G147500;SORBI_3010G214100
protein transport	GO:0015031	223	42	45.659	0.920	7.553e-01	8.624e-01	SORBI_3001G041600;SORBI_3001G050200;SORBI_3001G114000;SORBI_3001G158300;SORBI_3001G180800;SORBI_3001G180900;SORBI_3001G212500;SORBI_3001G360200;SORBI_3001G467000;SORBI_3001G478300;SORBI_3001G528000;SORBI_3002G114900;SORBI_3002G223300;SORBI_3002G227500;SORBI_3002G380300;SORBI_3002G423200;SORBI_3003G155600;SORBI_3003G157200;SORBI_3004G004300;SORBI_3004G048000;SORBI_3004G088450;SORBI_3004G088501;SORBI_3004G106700;SORBI_3004G158100;SORBI_3004G184000;SORBI_3004G275700;SORBI_3004G334900;SORBI_3005G184200;SORBI_3006G217700;SORBI_3007G157000;SORBI_3007G171700;SORBI_3007G172400;SORBI_3008G043600;SORBI_3008G070500;SORBI_3008G103300;SORBI_3010G053800;SORBI_3010G072800;SORBI_3010G090000;SORBI_3010G130000;SORBI_3010G144000;SORBI_3010G147100;SORBI_3010G153100
lipid metabolic process	GO:0006629	256	48	52.416	0.916	7.785e-01	8.792e-01	SORBI_3001G041900;SORBI_3001G106400;SORBI_3001G117000;SORBI_3001G119400;SORBI_3001G120400;SORBI_3001G125800;SORBI_3001G157900;SORBI_3001G158200;SORBI_3001G213300;SORBI_3001G265300;SORBI_3001G269200;SORBI_3001G434700;SORBI_3001G434900;SORBI_3001G472800;SORBI_3001G483400;SORBI_3002G031800;SORBI_3002G111500;SORBI_3002G256900;SORBI_3003G107400;SORBI_3003G107600;SORBI_3003G109766;SORBI_3003G385900;SORBI_3003G389400;SORBI_3003G391000;SORBI_3003G412700;SORBI_3004G007500;SORBI_3004G197600;SORBI_3004G310000;SORBI_3004G341900;SORBI_3005G036200;SORBI_3005G087900;SORBI_3005G126701;SORBI_3005G161900;SORBI_3006G119700;SORBI_3006G214500;SORBI_3007G014100;SORBI_3007G158600;SORBI_3007G170700;SORBI_3008G025700;SORBI_3008G049000;SORBI_3008G078800;SORBI_3008G166050;SORBI_3009G125300;SORBI_3009G150900;SORBI_3010G055300;SORBI_3010G073500;SORBI_3010G134400;SORBI_3010G180400
positive regulation of DNA-templated transcription	GO:0045893	90	16	18.427	0.868	7.758e-01	8.792e-01	SORBI_3001G101700;SORBI_3001G261700;SORBI_3002G158700;SORBI_3002G380200;SORBI_3003G372700;SORBI_3003G406600;SORBI_3004G062100;SORBI_3004G115000;SORBI_3004G138000;SORBI_3006G190800;SORBI_3007G205200;SORBI_3007G205400;SORBI_3008G093200;SORBI_3009G152100;SORBI_3010G096300;SORBI_3010G152700
response to sucrose	GO:0009744	19	3	3.890	0.771	7.786e-01	8.792e-01	SORBI_3001G252000;SORBI_3001G295600;SORBI_3008G110400
defense response	GO:0006952	269	50	55.078	0.908	8.031e-01	8.969e-01	SORBI_3001G033400;SORBI_3001G041900;SORBI_3001G105900;SORBI_3001G157900;SORBI_3001G158200;SORBI_3001G271200;SORBI_3001G271300;SORBI_3001G273500;SORBI_3001G312300;SORBI_3001G400800;SORBI_3001G401200;SORBI_3001G439100;SORBI_3001G537700;SORBI_3002G023300;SORBI_3002G031800;SORBI_3002G115200;SORBI_3002G116700;SORBI_3002G117300;SORBI_3003G389400;SORBI_3003G392425;SORBI_3003G415600;SORBI_3003G415700;SORBI_3004G047500;SORBI_3004G048300;SORBI_3005G098700;SORBI_3005G099000;SORBI_3005G118600;SORBI_3005G118800;SORBI_3005G183500;SORBI_3005G190300;SORBI_3005G218600;SORBI_3005G220200;SORBI_3005G224900;SORBI_3006G198800;SORBI_3006G217900;SORBI_3007G157700;SORBI_3007G158600;SORBI_3008G024400;SORBI_3008G077600;SORBI_3008G101100;SORBI_3008G124100;SORBI_3008G166050;SORBI_3008G178901;SORBI_3009G011700;SORBI_3009G013300;SORBI_3009G082200;SORBI_3009G130100;SORBI_3009G220800;SORBI_3010G054900;SORBI_3010G170500
RNA splicing	GO:0008380	97	17	19.861	0.856	8.006e-01	8.969e-01	SORBI_3001G028200;SORBI_3001G191700;SORBI_3001G402300;SORBI_3001G440700;SORBI_3002G380100;SORBI_3002G380500;SORBI_3003G122000;SORBI_3003G201900;SORBI_3004G104250;SORBI_3004G115350;SORBI_3005G191200;SORBI_3006G183800;SORBI_3007G059700;SORBI_3007G216900;SORBI_3008G100100;SORBI_3010G053600;SORBI_3010G097100
response to salt stress	GO:0009651	37	6	7.576	0.792	7.984e-01	8.969e-01	SORBI_3003G324400;SORBI_3005G115600;SORBI_3006G163401;SORBI_3009G083300;SORBI_3009G125600;SORBI_3010G089500
regulation of flower development	GO:0009909	20	3	4.095	0.733	8.085e-01	8.996e-01	SORBI_3001G036800;SORBI_3006G036300;SORBI_3010G138000
SCF-dependent proteasomal ubiquitin-dependent protein catabolic process	GO:0031146	32	5	6.552	0.763	8.140e-01	9.025e-01	SORBI_3004G332600;SORBI_3004G332800;SORBI_3008G124500;SORBI_3009G043400;SORBI_3010G052300
proton transmembrane transport	GO:1902600	78	13	15.970	0.814	8.360e-01	9.130e-01	SORBI_3001G098800;SORBI_3001G230050;SORBI_3001G435400;SORBI_3002G156000;SORBI_3003G155000;SORBI_3003G184765;SORBI_3003G184800;SORBI_3003G416200;SORBI_3004G108100;SORBI_3007G109200;SORBI_3008G021200;SORBI_3008G192900;SORBI_3009G042700
response to auxin	GO:0009733	68	11	13.923	0.790	8.500e-01	9.130e-01	SORBI_3001G485400;SORBI_3003G044900;SORBI_3003G324400;SORBI_3003G409000;SORBI_3004G011566;SORBI_3006G216400;SORBI_3009G085100;SORBI_3010G052700;SORBI_3010G073600;SORBI_3010G146400;SORBI_3010G224501
tRNA processing	GO:0008033	45	7	9.214	0.760	8.431e-01	9.130e-01	SORBI_3001G187100;SORBI_3001G535100;SORBI_3003G077300;SORBI_3003G412000;SORBI_3009G092900;SORBI_3010G138900;SORBI_3010G151900
proteolysis involved in protein catabolic process	GO:0051603	46	7	9.418	0.743	8.593e-01	9.130e-01	SORBI_3002G257400;SORBI_3002G263800;SORBI_3002G279000;SORBI_3004G066800;SORBI_3004G131040;SORBI_3004G183800;SORBI_3010G054200
terpenoid biosynthetic process	GO:0016114	33	5	6.757	0.740	8.352e-01	9.130e-01	SORBI_3001G339000;SORBI_3002G065600;SORBI_3004G153900;SORBI_3009G009300;SORBI_3010G032900
regulation of intracellular signal transduction	GO:1902531	28	4	5.733	0.698	8.544e-01	9.130e-01	SORBI_3001G025700;SORBI_3001G512600;SORBI_3004G096300;SORBI_3006G192200
flower development	GO:0009908	28	4	5.733	0.698	8.544e-01	9.130e-01	SORBI_3001G183100;SORBI_3001G456000;SORBI_3003G420100;SORBI_3005G200800
lipid biosynthetic process	GO:0008610	21	3	4.300	0.698	8.349e-01	9.130e-01	SORBI_3004G008900;SORBI_3004G342000;SORBI_3008G076200
metal ion transport	GO:0030001	21	3	4.300	0.698	8.349e-01	9.130e-01	SORBI_3004G029900;SORBI_3009G057700;SORBI_3009G073100
tRNA aminoacylation for protein translation	GO:0006418	22	3	4.504	0.666	8.581e-01	9.130e-01	SORBI_3001G022500;SORBI_3004G276900;SORBI_3007G039400
embryo development ending in seed dormancy	GO:0009793	22	3	4.504	0.666	8.581e-01	9.130e-01	SORBI_3001G434900;SORBI_3002G112600;SORBI_3010G133000
isoprenoid biosynthetic process	GO:0008299	22	3	4.504	0.666	8.581e-01	9.130e-01	SORBI_3007G207600;SORBI_3008G088821;SORBI_3010G032900
regulation of translation	GO:0006417	29	4	5.938	0.674	8.732e-01	9.245e-01	SORBI_3002G179100;SORBI_3007G202600;SORBI_3008G100300;SORBI_3009G010300
cell surface receptor signaling pathway	GO:0007166	59	9	12.080	0.745	8.797e-01	9.250e-01	SORBI_3002G021900;SORBI_3002G166150;SORBI_3006G190300;SORBI_3006G243700;SORBI_3006G243800;SORBI_3007G215900;SORBI_3008G022300;SORBI_3010G055000;SORBI_3010G055100
diterpenoid biosynthetic process	GO:0016102	23	3	4.709	0.637	8.784e-01	9.250e-01	SORBI_3001G339000;SORBI_3004G153900;SORBI_3009G009300
phosphorelay signal transduction system	GO:0000160	30	4	6.142	0.651	8.898e-01	9.324e-01	SORBI_3001G227900;SORBI_3003G407300;SORBI_3008G071200;SORBI_3009G069500
mRNA processing	GO:0006397	149	25	30.508	0.819	8.929e-01	9.326e-01	SORBI_3001G028200;SORBI_3001G191700;SORBI_3001G357200;SORBI_3001G394800;SORBI_3001G402300;SORBI_3001G440700;SORBI_3001G528700;SORBI_3002G380100;SORBI_3002G380500;SORBI_3002G423100;SORBI_3003G122000;SORBI_3003G201900;SORBI_3004G104250;SORBI_3004G115350;SORBI_3004G183100;SORBI_3005G191200;SORBI_3006G183800;SORBI_3007G059700;SORBI_3007G171800;SORBI_3007G216900;SORBI_3008G100100;SORBI_3010G053600;SORBI_3010G097100;SORBI_3010G138200;SORBI_3010G139000
abscisic acid-activated signaling pathway	GO:0009738	49	7	10.033	0.698	8.998e-01	9.365e-01	SORBI_3001G168400;SORBI_3001G400800;SORBI_3001G401200;SORBI_3004G113800;SORBI_3006G190800;SORBI_3006G198800;SORBI_3009G152100
chloroplast organization	GO:0009658	44	6	9.009	0.666	9.115e-01	9.455e-01	SORBI_3001G032550;SORBI_3005G111000;SORBI_3006G118300;SORBI_3006G191500;SORBI_3009G119300;SORBI_3009G251000
photosynthesis	GO:0015979	81	12	16.585	0.724	9.250e-01	9.562e-01	SORBI_3001G041800;SORBI_3002G004000;SORBI_3002G026300;SORBI_3002G032700;SORBI_3002G159100;SORBI_3003G122100;SORBI_3004G106900;SORBI_3008G033600;SORBI_3009G238100;SORBI_3010G120300;SORBI_3010G134000;SORBI_3010G139200
regulation of DNA-templated transcription	GO:0006355	887	165	181.613	0.909	9.350e-01	9.633e-01	SORBI_3001G030800;SORBI_3001G031600;SORBI_3001G033200;SORBI_3001G034300;SORBI_3001G036800;SORBI_3001G037000;SORBI_3001G037500;SORBI_3001G106000;SORBI_3001G106200;SORBI_3001G116900;SORBI_3001G127800;SORBI_3001G157400;SORBI_3001G166700;SORBI_3001G183100;SORBI_3001G286700;SORBI_3001G290400;SORBI_3001G295600;SORBI_3001G313800;SORBI_3001G332500;SORBI_3001G333700;SORBI_3001G356300;SORBI_3001G357000;SORBI_3001G360300;SORBI_3001G384300;SORBI_3001G404400;SORBI_3001G423800;SORBI_3001G446500;SORBI_3001G450700;SORBI_3001G469100;SORBI_3001G478400;SORBI_3001G528200;SORBI_3001G529200;SORBI_3001G531100;SORBI_3001G534300;SORBI_3002G001500;SORBI_3002G035500;SORBI_3002G050700;SORBI_3002G069166;SORBI_3002G069400;SORBI_3002G096700;SORBI_3002G114200;SORBI_3002G117400;SORBI_3002G121600;SORBI_3002G128400;SORBI_3002G161700;SORBI_3002G161800;SORBI_3002G174200;SORBI_3002G221400;SORBI_3002G253000;SORBI_3002G271100;SORBI_3002G421800;SORBI_3002G423300;SORBI_3003G033500;SORBI_3003G041400;SORBI_3003G044900;SORBI_3003G077100;SORBI_3003G081000;SORBI_3003G083200;SORBI_3003G087600;SORBI_3003G088300;SORBI_3003G105800;SORBI_3003G157300;SORBI_3003G166200;SORBI_3003G186200;SORBI_3003G324400;SORBI_3003G324500;SORBI_3003G373000;SORBI_3003G385100;SORBI_3003G412600;SORBI_3003G417500;SORBI_3004G009600;SORBI_3004G017500;SORBI_3004G047500;SORBI_3004G067100;SORBI_3004G078800;SORBI_3004G080300;SORBI_3004G085600;SORBI_3004G102301;SORBI_3004G102500;SORBI_3004G112200;SORBI_3004G115000;SORBI_3004G181600;SORBI_3004G181700;SORBI_3004G184200;SORBI_3004G253300;SORBI_3006G118100;SORBI_3006G118150;SORBI_3006G118200;SORBI_3006G119400;SORBI_3006G120301;SORBI_3006G120400;SORBI_3006G184700;SORBI_3006G188900;SORBI_3006G190800;SORBI_3006G194300;SORBI_3006G213900;SORBI_3006G218300;SORBI_3007G139000;SORBI_3007G156700;SORBI_3007G159800;SORBI_3007G160400;SORBI_3007G173200;SORBI_3007G180300;SORBI_3007G181500;SORBI_3007G183050;SORBI_3007G183200;SORBI_3007G205200;SORBI_3007G205400;SORBI_3007G217700;SORBI_3008G028600;SORBI_3008G049200;SORBI_3008G071200;SORBI_3008G072800;SORBI_3008G072900;SORBI_3008G095200;SORBI_3008G100100;SORBI_3008G107500;SORBI_3008G108800;SORBI_3008G126200;SORBI_3008G149650;SORBI_3009G011300;SORBI_3009G016633;SORBI_3009G077100;SORBI_3009G083800;SORBI_3009G085100;SORBI_3009G086800;SORBI_3009G111200;SORBI_3009G152100;SORBI_3009G153400;SORBI_3009G184300;SORBI_3009G214700;SORBI_3009G238200;SORBI_3009G250000;SORBI_3010G032700;SORBI_3010G052600;SORBI_3010G052700;SORBI_3010G056000;SORBI_3010G071600;SORBI_3010G071700;SORBI_3010G073600;SORBI_3010G078700;SORBI_3010G089700;SORBI_3010G092100;SORBI_3010G108500;SORBI_3010G110100;SORBI_3010G111800;SORBI_3010G116000;SORBI_3010G116200;SORBI_3010G120350;SORBI_3010G123500;SORBI_3010G134900;SORBI_3010G138600;SORBI_3010G141700;SORBI_3010G146400;SORBI_3010G147000;SORBI_3010G148600;SORBI_3010G148800;SORBI_3010G151325;SORBI_3010G163900;SORBI_3010G164800;SORBI_3010G170600;SORBI_3010G190400;SORBI_3010G215100;SORBI_3010G221500;SORBI_3010G224200
ribosome biogenesis	GO:0042254	36	4	7.371	0.543	9.548e-01	9.804e-01	SORBI_3001G028100;SORBI_3001G440700;SORBI_3002G116200;SORBI_3003G407800
microtubule cytoskeleton organization	GO:0000226	31	3	6.347	0.473	9.674e-01	9.868e-01	SORBI_3004G053300;SORBI_3005G144600;SORBI_3007G091000
double-strand break repair via homologous recombination	GO:0000724	31	3	6.347	0.473	9.674e-01	9.868e-01	SORBI_3001G538500;SORBI_3008G101300;SORBI_3008G109000
ubiquitin-dependent protein catabolic process	GO:0006511	103	14	21.089	0.664	9.737e-01	9.889e-01	SORBI_3001G333100;SORBI_3001G395400;SORBI_3001G449400;SORBI_3002G147600;SORBI_3002G279000;SORBI_3003G105900;SORBI_3003G343600;SORBI_3003G393700;SORBI_3004G114200;SORBI_3004G332100;SORBI_3004G332500;SORBI_3008G004600;SORBI_3010G054200;SORBI_3010G157300
plant-type secondary cell wall biogenesis	GO:0009834	40	4	8.190	0.488	9.760e-01	9.889e-01	SORBI_3001G021500;SORBI_3003G410800;SORBI_3004G047600;SORBI_3010G146300
protein ubiquitination	GO:0016567	313	50	64.087	0.780	9.835e-01	9.899e-01	SORBI_3001G036600;SORBI_3001G039600;SORBI_3001G045300;SORBI_3001G158100;SORBI_3001G168800;SORBI_3001G189400;SORBI_3001G211700;SORBI_3001G293400;SORBI_3001G333100;SORBI_3001G449400;SORBI_3001G538100;SORBI_3002G020600;SORBI_3002G027901;SORBI_3002G028201;SORBI_3002G147600;SORBI_3002G233000;SORBI_3002G254000;SORBI_3003G343600;SORBI_3003G388000;SORBI_3004G005000;SORBI_3004G103000;SORBI_3004G147600;SORBI_3004G187800;SORBI_3004G253100;SORBI_3004G275800;SORBI_3005G015200;SORBI_3005G099100;SORBI_3005G189900;SORBI_3005G190000;SORBI_3005G190100;SORBI_3005G190200;SORBI_3005G190500;SORBI_3005G190600;SORBI_3005G190900;SORBI_3005G191000;SORBI_3006G120000;SORBI_3006G188700;SORBI_3006G192400;SORBI_3006G194700;SORBI_3007G037800;SORBI_3008G004600;SORBI_3008G105000;SORBI_3008G148400;SORBI_3009G173300;SORBI_3010G116300;SORBI_3010G131900;SORBI_3010G140500;SORBI_3010G222000;SORBI_3010G222200;SORBI_3010G222400
plant-type cell wall modification	GO:0009827	34	3	6.961	0.431	9.807e-01	9.899e-01	SORBI_3003G374100;SORBI_3004G093400;SORBI_3006G194900
regulation of gene expression	GO:0010468	51	5	10.442	0.479	9.871e-01	9.904e-01	SORBI_3001G454500;SORBI_3003G086600;SORBI_3005G145201;SORBI_3010G112100;SORBI_3010G190400
translation	GO:0006412	241	32	49.345	0.649	9.988e-01	9.988e-01	SORBI_3001G022500;SORBI_3001G031800;SORBI_3001G034200;SORBI_3001G039400;SORBI_3001G168900;SORBI_3001G177800;SORBI_3001G226500;SORBI_3001G259000;SORBI_3001G402500;SORBI_3001G493001;SORBI_3002G027800;SORBI_3002G144966;SORBI_3002G373800;SORBI_3003G113400;SORBI_3003G141700;SORBI_3003G224300;SORBI_3004G020000;SORBI_3004G103700;SORBI_3004G276900;SORBI_3004G334200;SORBI_3007G039400;SORBI_3007G197800;SORBI_3007G207200;SORBI_3008G082500;SORBI_3008G095500;SORBI_3008G098800;SORBI_3008G100000;SORBI_3008G101600;SORBI_3008G106000;SORBI_3009G077200;SORBI_3010G034100;SORBI_3010G150575
