"Lipid","Class","n_C","n_LI","median_CLR_C","median_CLR_LI","effect_CLR","effect_fc","direction","p_wilcox","p_adj_BH","significance","jackknife_stability"
"DG(18:1/2:0)","DG",394,363,0.0694,2.8818,2.8124,16.65,"LI > C","4.08e-125","1.85e-124","***",1
"SQDG(16:0/16:0)","SQDG",394,363,2.2349,-2.5394,-4.7743,0.01,"LI < C","4.08e-125","1.85e-124","***",1
"SQDG(16:0/18:1)","SQDG",394,363,-0.9216,1.8619,2.7836,16.18,"LI > C","4.08e-125","1.85e-124","***",1
"SQDG(16:0/18:2)","SQDG",394,363,0.1477,-1.8563,-2.004,0.13,"LI < C","4.08e-125","1.85e-124","***",1
"SQDG(16:0/18:3)","SQDG",394,363,3.3749,-0.1537,-3.5285,0.03,"LI < C","4.08e-125","1.85e-124","***",1
"SQDG(16:1/18:3)","SQDG",394,363,-1.5228,2.7581,4.2809,72.31,"LI > C","4.08e-125","1.85e-124","***",1
"SQDG(18:0/18:3)","SQDG",394,363,0.308,-1.514,-1.822,0.16,"LI < C","4.08e-125","1.85e-124","***",1
"SQDG(18:3/18:3)","SQDG",394,363,2.7647,0.1467,-2.618,0.07,"LI < C","4.08e-125","1.85e-124","***",1
"TG(14:0/18:1/18:3)","TG",394,363,-2.6996,-0.5649,2.1347,8.45,"LI > C","4.08e-125","1.85e-124","***",1
"TG(16:0/18:0/18:2)","TG",394,363,-0.0038,-3.0723,-3.0685,0.05,"LI < C","4.08e-125","1.85e-124","***",1
"TG(16:0/18:1/18:2)","TG",394,363,0.5967,-3.7684,-4.3651,0.01,"LI < C","4.08e-125","1.85e-124","***",1
"TG(16:0/18:1/18:3)","TG",394,363,0.9884,-0.5231,-1.5115,0.22,"LI < C","4.14e-125","1.85e-124","***",1
"TG(16:0/18:2/18:3)","TG",394,363,1.3172,-1.6686,-2.9858,0.05,"LI < C","4.08e-125","1.85e-124","***",1
"TG(16:0/18:3/18:3)","TG",394,363,0.9915,-2.9721,-3.9637,0.02,"LI < C","4.08e-125","1.85e-124","***",1
"TG(16:1/20:1/20:2)","TG",394,363,-2.9992,3.3148,6.314,552.25,"LI > C","4.08e-125","1.85e-124","***",1
"TG(18:0/18:2/18:2)","TG",394,363,0.028,-4.3035,-4.3315,0.01,"LI < C","4.08e-125","1.85e-124","***",1
"TG(18:0/18:2/20:1)","TG",394,363,-4.0755,1.0683,5.1438,171.37,"LI > C","4.08e-125","1.85e-124","***",1
"TG(18:1/18:1/20:3)","TG",394,363,-2.7922,0.5945,3.3867,29.57,"LI > C","4.08e-125","1.85e-124","***",1
"TG(18:2/18:2/18:4)","TG",394,363,1.2423,-3.8782,-5.1206,0.01,"LI < C","4.08e-125","1.85e-124","***",1
"TG(18:2/18:2/22:1)","TG",394,363,-4.626,2.7551,7.3811,1605.35,"LI > C","4.08e-125","1.85e-124","***",1
"TG(18:2/18:3/20:3)","TG",394,363,-3.4299,-0.3674,3.0625,21.38,"LI > C","4.08e-125","1.85e-124","***",1
"TG(18:3/18:3/18:3)","TG",394,363,0.4055,-3.6528,-4.0583,0.02,"LI < C","4.08e-125","1.85e-124","***",1
"PC(16:0/20:4)","PC",394,363,3.5859,0.8954,-2.6905,0.07,"LI < C","4.08e-125","1.85e-124","***",1
"PC(16:1/18:2)","PC",394,363,-0.4123,3.5922,4.0046,54.85,"LI > C","4.08e-125","1.85e-124","***",1
"PC(18:0/18:1)","PC",394,363,-0.4511,3.2443,3.6954,40.26,"LI > C","4.08e-125","1.85e-124","***",1
"PC(18:0/20:2)","PC",394,363,-0.9472,0.923,1.8702,6.49,"LI > C","4.08e-125","1.85e-124","***",1
"PC(18:0/20:3)","PC",394,363,-1.0534,-3.7255,-2.6721,0.07,"LI < C","4.08e-125","1.85e-124","***",1
"PC(18:1/18:2)","PC",394,363,1.1948,-1.845,-3.0398,0.05,"LI < C","4.08e-125","1.85e-124","***",1
"PC(18:2/20:0)","PC",394,363,-1.0308,2.6786,3.7094,40.83,"LI > C","4.08e-125","1.85e-124","***",1
"PE(14:0/22:6)","PE",394,363,-0.7371,2.3139,3.051,21.14,"LI > C","4.08e-125","1.85e-124","***",1
"PE(16:0/18:1)","PE",394,363,2.5082,0.072,-2.4362,0.09,"LI < C","4.08e-125","1.85e-124","***",1
"PE(16:0/18:3)","PE",394,363,1.867,3.6528,1.7858,5.96,"LI > C","4.08e-125","1.85e-124","***",1
"PE(18:0/18:2)","PE",394,363,0.2126,2.253,2.0404,7.69,"LI > C","4.08e-125","1.85e-124","***",1
"PS(18:0/18:2)","PS",394,363,-2.4249,-0.155,2.2699,9.68,"LI > C","4.11e-125","1.85e-124","***",1
"PC(18:1/20:1)","PC",394,363,-0.7895,1.0655,1.855,6.39,"LI > C","4.55e-125","1.98e-124","***",1
"SQDG(18:2/18:3)","SQDG",394,363,0.5161,-0.8477,-1.3638,0.26,"LI < C","5.01e-125","2.05e-124","***",1
"TG(16:0/18:1/20:2)","TG",394,363,-0.4853,-2.4995,-2.0142,0.13,"LI < C","5.13e-125","2.05e-124","***",1
"PE(18:2/18:3)","PE",394,363,1.5316,0.2862,-1.2453,0.29,"LI < C","5.09e-125","2.05e-124","***",1
"TG(12:0/16:0/18:3)","TG",394,363,-3.3911,-1.1895,2.2016,9.04,"LI > C","6.99e-125","2.72e-124","***",1
"PC(16:0/22:5)","PC",394,363,-1.7159,-3.6659,-1.95,0.14,"LI < C","1.14e-124","4.34e-124","***",1
"PE(16:0/18:2)","PE",394,363,4.1152,3.2767,-0.8385,0.43,"LI < C","2.70e-124","1.00e-123","***",1
"TG(12:0/14:0/16:0)","TG",394,363,-1.1249,-3.5249,-2.4,0.09,"LI < C","3.29e-124","1.19e-123","***",1
"PE(16:0/18:0)","PE",394,363,-1.2442,-2.5912,-1.347,0.26,"LI < C","3.95e-124","1.40e-123","***",1
"TG(18:1/18:2/18:2)","TG",394,363,0.2096,-2.1188,-2.3284,0.1,"LI < C","4.97e-124","1.72e-123","***",1
"TG(12:0/18:2/18:3)","TG",394,363,-2.5917,-4.855,-2.2633,0.1,"LI < C","1.87e-123","6.31e-123","***",1
"MG(18:2)","MG",394,363,-0.0502,-0.8777,-0.8275,0.44,"LI < C","8.46e-123","2.79e-122","***",1
"PC(18:1/20:4)","PC",394,363,-1.1906,-3.0627,-1.8721,0.15,"LI < C","9.37e-123","3.03e-122","***",1
"TG(12:0/12:0/12:0)","TG",394,363,-0.4872,-2.5098,-2.0226,0.13,"LI < C","1.30e-122","4.12e-122","***",1
"PE(16:0/20:5)","PE",394,363,1.4975,2.5096,1.0121,2.75,"LI > C","1.67e-122","5.19e-122","***",1
"TG(12:0/14:0/18:1)","TG",394,363,-4.0656,-1.1747,2.8908,18.01,"LI > C","2.91e-121","8.85e-121","***",1
"PC(18:1/18:1)","PC",394,363,1.3711,0.2767,-1.0944,0.33,"LI < C","3.89e-121","1.16e-120","***",1
"TG(12:0/12:0/18:1)","TG",394,363,-4.0134,-1.0054,3.008,20.25,"LI > C","5.88e-120","1.72e-119","***",1
"TG(16:0/16:0/20:1)","TG",394,363,-1.7449,-0.3508,1.3941,4.03,"LI > C","8.73e-120","2.50e-119","***",1
"DG(16:0/18:3)","DG",394,363,1.8143,2.6682,0.8539,2.35,"LI > C","1.06e-119","2.98e-119","***",1
"MG(16:0)","MG",394,363,0.926,0.3925,-0.5335,0.59,"LI < C","1.04e-117","2.87e-117","***",1
"TG(16:0/18:1/22:0)","TG",394,363,-2.756,-1.1436,1.6124,5.01,"LI > C","4.20e-115","1.14e-114","***",1
"PC(18:1/16:0)","PC",394,363,3.2484,2.5027,-0.7457,0.47,"LI < C","8.76e-112","2.34e-111","***",1
"PG(16:0/16:0)","PG",394,363,1.0093,0.4631,-0.5462,0.58,"LI < C","2.44e-111","6.40e-111","***",1
"AEG(o-15:2/15:0)","AEG",394,363,-4.0966,-2.4373,1.6593,5.26,"LI > C","5.98e-111","1.54e-110","***",1
"PC(14:0/22:5)","PC",394,363,-0.0227,-1.828,-1.8053,0.16,"LI < C","3.95e-108","1.00e-107","***",1
"TG(16:0/18:1/20:0)","TG",394,363,-2.7271,-3.8691,-1.142,0.32,"LI < C","3.28e-105","8.18e-105","***",1
"LPE(16:0)","LPE",394,363,-2.0037,-1.2808,0.7229,2.06,"LI > C","9.78e-104","2.40e-103","***",1
"PC(16:0/20:3)","PC",394,363,2.4085,1.7668,-0.6417,0.53,"LI < C","1.22e-100","2.94e-100","***",1
"TG(16:1/16:1/22:5)","TG",394,363,2.3805,1.6271,-0.7534,0.47,"LI < C","4.07e-100","9.66e-100","***",1
"PC(16:0/18:1)","PC",394,363,3.7635,3.1333,-0.6302,0.53,"LI < C"," 3.16e-99"," 7.38e-99","***",1
"TG(18:1/18:2/18:3)","TG",394,363,0.9863,1.7614,0.7751,2.17,"LI > C"," 3.74e-97"," 8.62e-97","***",1
"AEG(o-18:3/16:1)","AEG",394,363,-1.0377,-2.2985,-1.2609,0.28,"LI < C"," 7.78e-97"," 1.76e-96","***",1
"TG(18:2/20:3/22:0)","TG",394,363,-3.621,-4.9751,-1.3541,0.26,"LI < C"," 1.47e-96"," 3.27e-96","***",1
"TG(14:0/18:1/18:2)","TG",394,363,-0.5626,0.1504,0.713,2.04,"LI > C"," 1.48e-95"," 3.25e-95","***",1
"PC(16:1/16:1)","PC",394,363,-1.2159,-0.4061,0.8098,2.25,"LI > C"," 3.49e-94"," 7.57e-94","***",1
"AEG(o-18:4/16:1)","AEG",394,363,1.8476,1.4136,-0.434,0.65,"LI < C"," 3.23e-90"," 6.92e-90","***",1
"PC(18:0/18:2)","PC",394,363,2.4344,1.9185,-0.5158,0.6,"LI < C"," 5.56e-89"," 1.17e-88","***",1
"PC(18:0/18:3)","PC",394,363,0.9605,1.7041,0.7436,2.1,"LI > C"," 7.71e-89"," 1.61e-88","***",1
"DG(18:1/18:2)","DG",394,363,-0.0864,0.4154,0.5018,1.65,"LI > C"," 6.10e-88"," 1.25e-87","***",1
"TG(10:0/10:0/10:0)","TG",394,363,-3.2042,-1.5685,1.6357,5.13,"LI > C"," 5.96e-84"," 1.21e-83","***",1
"MGDG(16:0/18:3)","MGDG",394,363,3.6691,3.2619,-0.4072,0.67,"LI < C"," 6.92e-83"," 1.38e-82","***",1
"PE(16:0/20:4)","PE",394,363,2.6914,2.1955,-0.4959,0.61,"LI < C"," 1.85e-81"," 3.65e-81","***",1
"TG(18:0/18:2/22:0)","TG",394,363,-4.2808,-3.3207,0.9601,2.61,"LI > C"," 2.82e-81"," 5.49e-81","***",1
"PC(16:0/16:0)","PC",394,363,0.138,0.7811,0.6431,1.9,"LI > C"," 4.62e-79"," 8.88e-79","***",1
"GalCer(d18:2/18:1)","GalCer",394,363,0.2322,0.5389,0.3067,1.36,"LI > C"," 3.56e-77"," 6.76e-77","***",1
"PC(18:0/20:4)","PC",394,363,-1.5559,-2.2068,-0.6509,0.52,"LI < C"," 1.25e-75"," 2.35e-75","***",1
"SQDG(18:1/18:3)","SQDG",394,363,-0.2966,0.0651,0.3618,1.44,"LI > C"," 8.19e-70"," 1.52e-69","***",1
"Cer(24:1)","Cer",394,363,-2.9279,-1.8622,1.0657,2.9,"LI > C"," 1.17e-69"," 2.13e-69","***",1
"PC(16:0/18:2)","PC",394,363,5.3117,4.8924,-0.4193,0.66,"LI < C"," 5.76e-69"," 1.04e-68","***",1
"TG(16:0/16:0/18:1)","TG",394,363,-1.0549,-0.6824,0.3725,1.45,"LI > C"," 1.73e-67"," 3.09e-67","***",1
"PC(16:0/22:6)","PC",394,363,-0.5514,-1.2657,-0.7143,0.49,"LI < C"," 1.19e-62"," 2.10e-62","***",1
"Oxo fatty acid (18:3)","Oxo",394,363,-0.4624,0.2337,0.696,2.01,"LI > C"," 9.96e-61"," 1.74e-60","***",1
"MGDG(16:0/18:1)","MGDG",394,363,-1.2287,-1.7662,-0.5375,0.58,"LI < C"," 3.71e-60"," 6.40e-60","***",1
"PC(18:1/24:1)","PC",394,363,-0.9579,-1.718,-0.7601,0.47,"LI < C"," 3.17e-58"," 5.41e-58","***",1
"AEG(o-18:4/18:2)","AEG",394,363,-1.0013,-1.7317,-0.7304,0.48,"LI < C"," 5.33e-58"," 9.00e-58","***",1
"TG(10:0/16:0/16:0)","TG",394,363,-2.5912,-1.4857,1.1055,3.02,"LI > C"," 4.61e-54"," 7.70e-54","***",1
"LPC(18:3)","LPC",394,363,-0.6985,-0.0592,0.6392,1.89,"LI > C"," 1.16e-52"," 1.92e-52","***",1
"DGDG(18:0/18:3)","DGDG",394,363,2.3493,2.615,0.2657,1.3,"LI > C"," 2.42e-52"," 3.95e-52","***",1
"TG(14:0/16:0/18:1)","TG",394,363,-2.4415,-3.1691,-0.7276,0.48,"LI < C"," 1.27e-51"," 2.06e-51","***",1
"TG(12:0/18:1/18:3)","TG",394,363,-3.8529,-4.4032,-0.5503,0.58,"LI < C"," 3.25e-51"," 5.21e-51","***",1
"DG(18:2/18:2)","DG",394,363,1.7089,1.4037,-0.3052,0.74,"LI < C"," 3.54e-49"," 5.61e-49","***",1
"PC(14:0/18:3)","PC",394,363,-2.1765,-1.4312,0.7453,2.11,"LI > C"," 4.98e-48"," 7.81e-48","***",1
"PE(18:3/18:3)","PE",394,363,1.1344,1.4026,0.2682,1.31,"LI > C"," 7.20e-46"," 1.12e-45","***",1
"DG(18:1/18:3)","DG",394,363,1.4322,1.1496,-0.2826,0.75,"LI < C"," 1.06e-45"," 1.63e-45","***",1
"8(9)-Epoxy-5Z,11Z,14Z-eicosatrienoic acid, methyl ester",NA,394,363,1.9343,1.7488,-0.1855,0.83,"LI < C"," 1.68e-45"," 2.55e-45","***",1
"TG(16:0/16:0/16:0)","TG",394,363,2.2978,2.095,-0.2027,0.82,"LI < C"," 1.32e-44"," 1.99e-44","***",1
"AEG(o-16:3/16:0)","AEG",394,363,1.697,1.9321,0.2351,1.27,"LI > C"," 4.14e-43"," 6.17e-43","***",1
"PC(16:0/20:5)","PC",394,363,3.6605,3.3091,-0.3514,0.7,"LI < C"," 7.88e-40"," 1.16e-39","***",1
"DGDG(16:0/18:3)","DGDG",394,363,4.2973,4.1065,-0.1908,0.83,"LI < C"," 2.18e-39"," 3.19e-39","***",1
"DG(16:0/18:2)","DG",394,363,2.5974,2.3914,-0.2059,0.81,"LI < C"," 9.36e-38"," 1.36e-37","***",1
"TG(14:0/18:3/18:3)","TG",394,363,-3.5697,-3.1647,0.405,1.5,"LI > C"," 4.28e-37"," 6.13e-37","***",1
"MG(18:3)","MG",394,363,2.7001,2.5446,-0.1554,0.86,"LI < C"," 1.84e-36"," 2.61e-36","***",1
"MGDG(18:2/18:3)","MGDG",394,363,3.5473,3.2988,-0.2485,0.78,"LI < C"," 2.20e-36"," 3.09e-36","***",1
"DG(16:1/18:3)","DG",394,363,-1.8955,-1.4995,0.3959,1.49,"LI > C"," 4.99e-34"," 6.96e-34","***",1
"DGDG(18:2/18:3)","DGDG",394,363,0.9941,1.2143,0.2202,1.25,"LI > C"," 1.40e-33"," 1.94e-33","***",1
"SQDG(16:0/14:0)","SQDG",394,363,-2.3723,-2.1247,0.2477,1.28,"LI > C"," 1.03e-32"," 1.39e-32","***",1
"GalCer(d18:2/20:1)","GalCer",394,363,0.1797,0.3611,0.1814,1.2,"LI > C"," 1.03e-32"," 1.39e-32","***",1
"TG(12:0/16:0/16:0)","TG",394,363,-3.0663,-3.4591,-0.3928,0.68,"LI < C"," 1.93e-32"," 2.59e-32","***",1
"TG(18:1/18:3/22:0)","TG",394,363,-4.6699,-4.1551,0.5148,1.67,"LI > C"," 1.56e-31"," 2.08e-31","***",1
"TG(14:0/14:0/18:0)","TG",394,363,-2.404,-2.7659,-0.3619,0.7,"LI < C"," 2.55e-30"," 3.37e-30","***",1
"DG(18:0/18:2)","DG",394,363,-0.9756,-0.7405,0.2351,1.27,"LI > C"," 9.76e-29"," 1.28e-28","***",1
"AEG(o-16:2/16:0)","AEG",394,363,1.3484,1.1744,-0.174,0.84,"LI < C"," 5.06e-28"," 6.57e-28","***",1
"PE(18:2/18:2)","PE",394,363,2.324,2.1089,-0.2151,0.81,"LI < C"," 3.96e-27"," 5.11e-27","***",1
"LPC(16:0)","LPC",394,363,0.409,0.6477,0.2387,1.27,"LI > C"," 8.26e-26"," 1.06e-25","***",1
"TG(10:0/12:0/14:0)","TG",394,363,-0.9051,-1.4501,-0.545,0.58,"LI < C"," 4.22e-25"," 5.35e-25","***",1
"DG(18:1/18:1)","DG",394,363,0.8262,0.7028,-0.1235,0.88,"LI < C"," 2.54e-24"," 3.17e-24","***",1
"MG(18:1)","MG",394,363,1.5194,1.3959,-0.1235,0.88,"LI < C"," 2.54e-24"," 3.17e-24","***",1
"MGDG(18:3/18:3)","MGDG",394,363,6.4453,6.3333,-0.112,0.89,"LI < C"," 3.62e-24"," 4.48e-24","***",1
"PC(14:0/18:0)","PC",394,363,0.7063,0.947,0.2407,1.27,"LI > C"," 8.98e-23"," 1.10e-22","***",1
"MGDG(18:2/18:2)","MGDG",394,363,2.6701,2.4544,-0.2157,0.81,"LI < C"," 1.49e-20"," 1.82e-20","***",1
"TG(14:0/18:2/18:3)","TG",394,363,-2.9725,-2.7426,0.2299,1.26,"LI > C"," 2.71e-20"," 3.27e-20","***",1
"DGDG(16:0/18:1)","DGDG",394,363,0.8328,0.6626,-0.1702,0.84,"LI < C"," 1.49e-17"," 1.78e-17","***",1
"PC(16:0/18:0)","PC",394,363,4.3497,4.5341,0.1844,1.2,"LI > C"," 1.65e-17"," 1.96e-17","***",1
"AEG(o-16:2/18:2)","AEG",394,363,1.7066,1.5746,-0.132,0.88,"LI < C"," 1.78e-16"," 2.10e-16","***",1
"PE(12:0/12:0)","PE",394,363,0.2966,0.1866,-0.11,0.9,"LI < C"," 1.74e-15"," 2.03e-15","***",1
"TG(10:0/14:0/16:0)","TG",394,363,-1.3935,-1.6986,-0.305,0.74,"LI < C"," 6.12e-15"," 7.11e-15","***",1
"DGDG(18:0/18:2)","DGDG",394,363,0.0962,0.2668,0.1706,1.19,"LI > C"," 1.64e-14"," 1.89e-14","***",1
"DG(12:0/12:0)","DG",394,363,2.5096,2.4427,-0.0669,0.94,"LI < C"," 1.02e-10"," 1.16e-10","***",1
"DG(18:3/18:3)","DG",394,363,5.4283,5.3558,-0.0725,0.93,"LI < C"," 2.66e-10"," 3.02e-10","***",1
"DG(16:0/18:1)","DG",394,363,1.4937,1.4025,-0.0912,0.91,"LI < C"," 8.17e-09"," 9.20e-09","***",1
"PC(16:0/18:3)","PC",394,363,3.8117,3.6878,-0.1239,0.88,"LI < C"," 1.06e-08"," 1.19e-08","***",1
"TG(14:0/14:0/16:1)","TG",394,363,-3.3724,-3.5578,-0.1854,0.83,"LI < C"," 4.32e-08"," 4.79e-08","***",1
"TG(12:0/16:0/18:1)","TG",394,363,-2.2324,-2.3727,-0.1403,0.87,"LI < C"," 7.30e-08"," 8.04e-08","***",1
"MG(12:0)","MG",394,363,1.2338,1.156,-0.0778,0.93,"LI < C"," 5.23e-07"," 5.72e-07","***",1
"PA(16:0/18:2)","PA",394,363,-1.1451,-0.965,0.1802,1.2,"LI > C"," 1.28e-06"," 1.39e-06","***",1
"FA(22:1)","FA",394,363,-1.6024,-1.7451,-0.1427,0.87,"LI < C"," 2.45e-06"," 2.65e-06","***",1
"TG(18:1/20:3/22:0)","TG",394,363,-4.1686,-3.9931,0.1756,1.19,"LI > C"," 1.28e-04"," 1.36e-04","***",1
"TG(18:2/20:2/22:2)","TG",394,363,-4.4375,-4.5041,-0.0666,0.94,"LI < C"," 2.52e-03"," 2.68e-03","**",1
"PC(14:0/22:6)","PC",394,363,2.0552,1.9926,-0.0626,0.94,"LI < C"," 4.98e-03"," 5.25e-03","**",1
"DGDG(18:2/18:4)","DGDG",394,363,5.1372,5.1193,-0.018,0.98,"LI < C"," 6.25e-03"," 6.55e-03","**",1
"PG(16:0/18:1)","PG",394,363,1.6014,1.6636,0.0623,1.06,"LI > C"," 6.69e-03"," 6.97e-03","**",1
"TG(10:0/12:0/16:0)","TG",394,363,-1.4743,-1.1317,0.3426,1.41,"LI > C"," 8.84e-03"," 9.14e-03","**",1
"PC(14:0/14:0)","PC",394,363,-2.9686,-3.1246,-0.1561,0.86,"LI < C"," 9.83e-03"," 1.01e-02","*",1
"DG(18:2/18:3)","DG",394,363,1.2713,1.3149,0.0436,1.04,"LI > C"," 1.13e-02"," 1.15e-02","*",1
"DGDG(16:0/18:2)","DGDG",394,363,1.6671,1.7329,0.0658,1.07,"LI > C"," 2.07e-02"," 2.10e-02","*",1
"PC(14:0/18:2)","PC",394,363,-1.7953,-1.8359,-0.0406,0.96,"LI < C"," 5.87e-01"," 5.90e-01","ns",1
"TG(12:0/12:0/14:0)","TG",394,363,-0.7811,-0.6517,0.1294,1.14,"LI > C"," 7.76e-01"," 7.76e-01","ns",1
