trait,condition,layer,SNP,chr,ps,p_wald,gene,r2
TG(18:1_20:1_22:1),CTL,individual,7:22894447,7,22894447,9.831385e-11,SORBI_3007G099400,0.884299
TG(18:1_20:1_22:1),CTL,individual,7:22894447,7,22894447,9.831385e-11,SORBI_3007G099500,0.871412
TG(18:1_20:1_22:1),CTL,individual,10:53724956,10,53724956,1.931837e-10,SORBI_3010G194700,0.86051
TG(18:1_20:1_22:1),CTL,individual,10:53724961,10,53724961,1.931837e-10,SORBI_3010G194700,0.86051
TG(18:1_20:1_22:1),CTL,individual,10:53724956,10,53724956,1.931837e-10,SORBI_3010G194700,0.853714
TG(18:1_20:1_22:1),CTL,individual,10:53724961,10,53724961,1.931837e-10,SORBI_3010G194700,0.853714
TG(18:1_20:1_22:1),CTL,individual,10:53724956,10,53724956,1.931837e-10,SORBI_3010G194700,0.76093
TG(18:1_20:1_22:1),CTL,individual,10:53724961,10,53724961,1.931837e-10,SORBI_3010G194700,0.76093
TG(18:1_20:1_22:1),CTL,individual,10:53724956,10,53724956,1.931837e-10,SORBI_3010G194700,0.755913
TG(18:1_20:1_22:1),CTL,individual,10:53724961,10,53724961,1.931837e-10,SORBI_3010G194700,0.755913
TG(18:1_20:1_22:1),CTL,individual,10:53724956,10,53724956,1.931837e-10,SORBI_3010G194700,0.746626
TG(18:1_20:1_22:1),CTL,individual,10:53724961,10,53724961,1.931837e-10,SORBI_3010G194700,0.746626
TG(18:1_20:1_22:1),CTL,individual,10:53724956,10,53724956,1.931837e-10,SORBI_3010G194700,0.634592
TG(18:1_20:1_22:1),CTL,individual,10:53724961,10,53724961,1.931837e-10,SORBI_3010G194700,0.634592
TG(18:1_20:1_22:1),CTL,individual,10:53724956,10,53724956,1.931837e-10,SORBI_3010G194600,0.634537
TG(18:1_20:1_22:1),CTL,individual,10:53724961,10,53724961,1.931837e-10,SORBI_3010G194600,0.634537
TG(18:1_20:1_22:1),CTL,individual,10:53724956,10,53724956,1.931837e-10,SORBI_3010G194900,0.629563
TG(18:1_20:1_22:1),CTL,individual,10:53724956,10,53724956,1.931837e-10,SORBI_3010G195000,0.629563
TG(18:1_20:1_22:1),CTL,individual,10:53724961,10,53724961,1.931837e-10,SORBI_3010G194900,0.629563
TG(18:1_20:1_22:1),CTL,individual,10:53724961,10,53724961,1.931837e-10,SORBI_3010G195000,0.629563
TG(18:1_20:1_22:1),CTL,individual,10:53724956,10,53724956,1.931837e-10,SORBI_3010G194001,0.620287
TG(18:1_20:1_22:1),CTL,individual,10:53724961,10,53724961,1.931837e-10,SORBI_3010G194001,0.620287
TG(18:1_20:1_22:1),CTL,individual,10:53724956,10,53724956,1.931837e-10,SORBI_3010G194600,0.616931
TG(18:1_20:1_22:1),CTL,individual,10:53724961,10,53724961,1.931837e-10,SORBI_3010G194600,0.616931
TG(18:1_20:1_22:1),CTL,individual,10:53724956,10,53724956,1.931837e-10,SORBI_3010G195000,0.615726
TG(18:1_20:1_22:1),CTL,individual,10:53724961,10,53724961,1.931837e-10,SORBI_3010G195000,0.615726
TG(18:1_20:1_22:1),CTL,individual,10:53724956,10,53724956,1.931837e-10,SORBI_3010G194500,0.579955
TG(18:1_20:1_22:1),CTL,individual,10:53724961,10,53724961,1.931837e-10,SORBI_3010G194500,0.579955
TG(18:1_20:1_22:1),CTL,individual,10:53724956,10,53724956,1.931837e-10,SORBI_3010G195200,0.549647
TG(18:1_20:1_22:1),CTL,individual,10:53724961,10,53724961,1.931837e-10,SORBI_3010G195200,0.549647
TG(18:1_20:1_22:1),CTL,individual,10:53724956,10,53724956,1.931837e-10,SORBI_3010G193300,0.54757
TG(18:1_20:1_22:1),CTL,individual,10:53724961,10,53724961,1.931837e-10,SORBI_3010G193300,0.54757
TG(18:1_20:1_22:1),CTL,individual,10:53724956,10,53724956,1.931837e-10,SORBI_3010G193300,0.539133
TG(18:1_20:1_22:1),CTL,individual,10:53724961,10,53724961,1.931837e-10,SORBI_3010G193300,0.539133
TG(18:1_20:1_22:1),CTL,individual,10:53724956,10,53724956,1.931837e-10,SORBI_3010G194700,0.535817
TG(18:1_20:1_22:1),CTL,individual,10:53724961,10,53724961,1.931837e-10,SORBI_3010G194700,0.535817
TG(18:1_20:1_22:1),CTL,individual,10:53724956,10,53724956,1.931837e-10,SORBI_3010G194700,0.529922
TG(18:1_20:1_22:1),CTL,individual,10:53724961,10,53724961,1.931837e-10,SORBI_3010G194700,0.529922
TG(18:1_20:1_22:1),CTL,individual,10:53724956,10,53724956,1.931837e-10,SORBI_3010G192600,0.496365
TG(18:1_20:1_22:1),CTL,individual,10:53724961,10,53724961,1.931837e-10,SORBI_3010G192600,0.496365
TG(18:1_20:1_22:1),CTL,individual,10:53724956,10,53724956,1.931837e-10,SORBI_3010G194500,0.489221
TG(18:1_20:1_22:1),CTL,individual,10:53724961,10,53724961,1.931837e-10,SORBI_3010G194500,0.489221
TG(18:1_20:1_22:1),CTL,individual,10:53724956,10,53724956,1.931837e-10,SORBI_3010G192600,0.488312
TG(18:1_20:1_22:1),CTL,individual,10:53724961,10,53724961,1.931837e-10,SORBI_3010G192600,0.488312
TG(18:1_20:1_22:1),CTL,individual,10:53724956,10,53724956,1.931837e-10,SORBI_3010G192600,0.475113
TG(18:1_20:1_22:1),CTL,individual,10:53724961,10,53724961,1.931837e-10,SORBI_3010G192600,0.475113
TG(18:1_20:1_22:1),CTL,individual,10:53724956,10,53724956,1.931837e-10,SORBI_3010G194500,0.47219
TG(18:1_20:1_22:1),CTL,individual,10:53724961,10,53724961,1.931837e-10,SORBI_3010G194500,0.47219
TG(18:1_20:1_22:1),CTL,individual,10:53724956,10,53724956,1.931837e-10,SORBI_3010G194500,0.450468
TG(18:1_20:1_22:1),CTL,individual,10:53724961,10,53724961,1.931837e-10,SORBI_3010G194500,0.450468
TG(18:1_20:1_22:1),CTL,individual,10:53724956,10,53724956,1.931837e-10,SORBI_3010G194500,0.430902
TG(18:1_20:1_22:1),CTL,individual,10:53724961,10,53724961,1.931837e-10,SORBI_3010G194500,0.430902
TG(18:1_20:1_22:1),CTL,individual,10:53724956,10,53724956,1.931837e-10,SORBI_3010G194700,0.427778
TG(18:1_20:1_22:1),CTL,individual,10:53724961,10,53724961,1.931837e-10,SORBI_3010G194700,0.427778
TG(18:1_20:1_22:1),CTL,individual,10:53724956,10,53724956,1.931837e-10,SORBI_3010G194500,0.41277
TG(18:1_20:1_22:1),CTL,individual,10:53724961,10,53724961,1.931837e-10,SORBI_3010G194500,0.41277
TG(18:1_20:1_22:1),CTL,individual,10:53724956,10,53724956,1.931837e-10,SORBI_3010G194500,0.411818
TG(18:1_20:1_22:1),CTL,individual,10:53724961,10,53724961,1.931837e-10,SORBI_3010G194500,0.411818
TG(18:1_20:1_22:1),CTL,individual,10:53724956,10,53724956,1.931837e-10,SORBI_3010G192800,0.406522
TG(18:1_20:1_22:1),CTL,individual,10:53724961,10,53724961,1.931837e-10,SORBI_3010G192800,0.406522
TG(18:1_20:1_22:1),CTL,individual,2:9594361,2,9594361,4.402201e-10,SORBI_3002G092300,1
TG(18:1_20:1_22:1),CTL,individual,2:9594361,2,9594361,4.402201e-10,SORBI_3002G092300,1
TG(18:1_20:1_22:1),CTL,individual,2:9594361,2,9594361,4.402201e-10,SORBI_3002G092300,0.973684
TG(18:1_20:1_22:1),CTL,individual,2:9594361,2,9594361,4.402201e-10,SORBI_3002G091700,0.949875
TG(18:1_20:1_22:1),CTL,individual,2:9594361,2,9594361,4.402201e-10,SORBI_3002G091900,0.949875
TG(18:1_20:1_22:1),CTL,individual,2:9594361,2,9594361,4.402201e-10,SORBI_3002G092050,0.949875
TG(18:1_20:1_22:1),CTL,individual,2:9594361,2,9594361,4.402201e-10,SORBI_3002G091700,0.938088
TG(18:1_20:1_22:1),CTL,individual,2:9594361,2,9594361,4.402201e-10,SORBI_3002G091700,0.935682
TG(18:1_20:1_22:1),CTL,individual,2:9594361,2,9594361,4.402201e-10,SORBI_3002G091700,0.935673
TG(18:1_20:1_22:1),CTL,individual,2:9594361,2,9594361,4.402201e-10,SORBI_3002G091700,0.92361
TG(18:1_20:1_22:1),CTL,individual,2:9594361,2,9594361,4.402201e-10,SORBI_3002G091700,0.921764
TG(18:1_20:1_22:1),CTL,individual,2:9594361,2,9594361,4.402201e-10,SORBI_3002G092050,0.921764
TG(18:1_20:1_22:1),CTL,individual,2:9594361,2,9594361,4.402201e-10,SORBI_3002G091400,0.7322
TG(18:1_20:1_22:1),CTL,individual,2:9594361,2,9594361,4.402201e-10,SORBI_3002G091400,0.715071
TG(18:1_20:1_22:1),CTL,individual,2:9594361,2,9594361,4.402201e-10,SORBI_3002G091400,0.697991
TG(18:1_20:1_22:1),CTL,individual,2:9594361,2,9594361,4.402201e-10,SORBI_3002G091600,0.692599
TG(18:1_20:1_22:1),CTL,individual,2:9594361,2,9594361,4.402201e-10,SORBI_3002G091200,0.681271
TG(18:1_20:1_22:1),CTL,individual,2:9594361,2,9594361,4.402201e-10,SORBI_3002G091600,0.673321
TG(18:1_20:1_22:1),CTL,individual,2:9594361,2,9594361,4.402201e-10,SORBI_3002G091300,0.664408
TG(18:1_20:1_22:1),CTL,individual,2:9594361,2,9594361,4.402201e-10,SORBI_3002G091200,0.574376
TG(18:1_20:1_22:1),CTL,individual,2:9594361,2,9594361,4.402201e-10,SORBI_3002G091500,0.467195
TG(18:1_20:1_22:1),CTL,individual,4:26002242,4,26002242,4.563684e-10,SORBI_3004G134900,0.432478
TG(18:1_20:1_22:1),CTL,individual,2:9553117,2,9553117,4.747864e-10,SORBI_3002G091700,1
TG(18:1_20:1_22:1),CTL,individual,2:9553117,2,9553117,4.747864e-10,SORBI_3002G091700,1
TG(18:1_20:1_22:1),CTL,individual,2:9553117,2,9553117,4.747864e-10,SORBI_3002G091700,0.987599
TG(18:1_20:1_22:1),CTL,individual,2:9553117,2,9553117,4.747864e-10,SORBI_3002G091900,0.987599
TG(18:1_20:1_22:1),CTL,individual,2:9553117,2,9553117,4.747864e-10,SORBI_3002G092050,0.987599
TG(18:1_20:1_22:1),CTL,individual,2:9553117,2,9553117,4.747864e-10,SORBI_3002G091700,0.975344
TG(18:1_20:1_22:1),CTL,individual,2:9553117,2,9553117,4.747864e-10,SORBI_3002G091700,0.961566
TG(18:1_20:1_22:1),CTL,individual,2:9553117,2,9553117,4.747864e-10,SORBI_3002G091700,0.960971
TG(18:1_20:1_22:1),CTL,individual,2:9553117,2,9553117,4.747864e-10,SORBI_3002G092050,0.960971
TG(18:1_20:1_22:1),CTL,individual,2:9553117,2,9553117,4.747864e-10,SORBI_3002G092300,0.935682
TG(18:1_20:1_22:1),CTL,individual,2:9553117,2,9553117,4.747864e-10,SORBI_3002G092300,0.90966
TG(18:1_20:1_22:1),CTL,individual,2:9553117,2,9553117,4.747864e-10,SORBI_3002G091400,0.7623
TG(18:1_20:1_22:1),CTL,individual,2:9553117,2,9553117,4.747864e-10,SORBI_3002G091400,0.745517
TG(18:1_20:1_22:1),CTL,individual,2:9553117,2,9553117,4.747864e-10,SORBI_3002G091400,0.728794
TG(18:1_20:1_22:1),CTL,individual,2:9553117,2,9553117,4.747864e-10,SORBI_3002G091600,0.720105
TG(18:1_20:1_22:1),CTL,individual,2:9553117,2,9553117,4.747864e-10,SORBI_3002G091600,0.700062
TG(18:1_20:1_22:1),CTL,individual,2:9553117,2,9553117,4.747864e-10,SORBI_3002G091300,0.692705
TG(18:1_20:1_22:1),CTL,individual,2:9553117,2,9553117,4.747864e-10,SORBI_3002G091200,0.632439
TG(18:1_20:1_22:1),CTL,individual,2:9553117,2,9553117,4.747864e-10,SORBI_3002G091200,0.52788
TG(18:1_20:1_22:1),CTL,individual,2:9553117,2,9553117,4.747864e-10,SORBI_3002G091500,0.48575
TG(18:1_20:1_22:1),CTL,individual,2:9553117,2,9553117,4.747864e-10,SORBI_3002G091700,0.401627
TG(18:1_20:1_22:1),CTL,individual,2:9550492,2,9550492,4.820261e-10,SORBI_3002G091700,1
TG(18:1_20:1_22:1),CTL,individual,2:9550492,2,9550492,4.820261e-10,SORBI_3002G091700,1
TG(18:1_20:1_22:1),CTL,individual,2:9550492,2,9550492,4.820261e-10,SORBI_3002G091700,0.987597
TG(18:1_20:1_22:1),CTL,individual,2:9550492,2,9550492,4.820261e-10,SORBI_3002G091900,0.987597
TG(18:1_20:1_22:1),CTL,individual,2:9550492,2,9550492,4.820261e-10,SORBI_3002G092050,0.987597
TG(18:1_20:1_22:1),CTL,individual,2:9550492,2,9550492,4.820261e-10,SORBI_3002G091700,0.975341
TG(18:1_20:1_22:1),CTL,individual,2:9550492,2,9550492,4.820261e-10,SORBI_3002G091700,0.961566
TG(18:1_20:1_22:1),CTL,individual,2:9550492,2,9550492,4.820261e-10,SORBI_3002G091700,0.960965
TG(18:1_20:1_22:1),CTL,individual,2:9550492,2,9550492,4.820261e-10,SORBI_3002G092050,0.960965
TG(18:1_20:1_22:1),CTL,individual,2:9550492,2,9550492,4.820261e-10,SORBI_3002G092300,0.935673
TG(18:1_20:1_22:1),CTL,individual,2:9550492,2,9550492,4.820261e-10,SORBI_3002G092300,0.909648
TG(18:1_20:1_22:1),CTL,individual,2:9550492,2,9550492,4.820261e-10,SORBI_3002G091400,0.762267
TG(18:1_20:1_22:1),CTL,individual,2:9550492,2,9550492,4.820261e-10,SORBI_3002G091400,0.745482
TG(18:1_20:1_22:1),CTL,individual,2:9550492,2,9550492,4.820261e-10,SORBI_3002G091400,0.728757
TG(18:1_20:1_22:1),CTL,individual,2:9550492,2,9550492,4.820261e-10,SORBI_3002G091600,0.720067
TG(18:1_20:1_22:1),CTL,individual,2:9550492,2,9550492,4.820261e-10,SORBI_3002G091600,0.700021
TG(18:1_20:1_22:1),CTL,individual,2:9550492,2,9550492,4.820261e-10,SORBI_3002G091300,0.692663
TG(18:1_20:1_22:1),CTL,individual,2:9550492,2,9550492,4.820261e-10,SORBI_3002G091200,0.632391
TG(18:1_20:1_22:1),CTL,individual,2:9550492,2,9550492,4.820261e-10,SORBI_3002G091200,0.527826
TG(18:1_20:1_22:1),CTL,individual,2:9550492,2,9550492,4.820261e-10,SORBI_3002G091500,0.48568
TG(18:1_20:1_22:1),CTL,individual,2:9550492,2,9550492,4.820261e-10,SORBI_3002G091700,0.401545
TG(18:1_20:1_22:1),CTL,individual,10:53732326,10,53732326,5.317541e-10,SORBI_3010G194700,0.862944
TG(18:1_20:1_22:1),CTL,individual,10:53732326,10,53732326,5.317541e-10,SORBI_3010G194700,0.856174
TG(18:1_20:1_22:1),CTL,individual,10:53732326,10,53732326,5.317541e-10,SORBI_3010G194700,0.632958
TG(18:1_20:1_22:1),CTL,individual,10:53732326,10,53732326,5.317541e-10,SORBI_3010G194700,0.63051
TG(18:1_20:1_22:1),CTL,individual,10:53732326,10,53732326,5.317541e-10,SORBI_3010G194700,0.628431
TG(18:1_20:1_22:1),CTL,individual,10:53732326,10,53732326,5.317541e-10,SORBI_3010G194600,0.619498
TG(18:1_20:1_22:1),CTL,individual,10:53732326,10,53732326,5.317541e-10,SORBI_3010G194500,0.55506
TG(18:1_20:1_22:1),CTL,individual,10:53732326,10,53732326,5.317541e-10,SORBI_3010G194700,0.532497
TG(18:1_20:1_22:1),CTL,individual,10:53732326,10,53732326,5.317541e-10,SORBI_3010G194700,0.526097
TG(18:1_20:1_22:1),CTL,individual,10:53732326,10,53732326,5.317541e-10,SORBI_3010G194700,0.498465
TG(18:1_20:1_22:1),CTL,individual,10:53732326,10,53732326,5.317541e-10,SORBI_3010G194600,0.498392
TG(18:1_20:1_22:1),CTL,individual,10:53732326,10,53732326,5.317541e-10,SORBI_3010G195000,0.455854
TG(18:1_20:1_22:1),CTL,individual,10:53732326,10,53732326,5.317541e-10,SORBI_3010G194900,0.454356
TG(18:1_20:1_22:1),CTL,individual,10:53732326,10,53732326,5.317541e-10,SORBI_3010G195000,0.454356
TG(18:1_20:1_22:1),CTL,individual,10:53732326,10,53732326,5.317541e-10,SORBI_3010G194001,0.447204
TG(18:1_20:1_22:1),CTL,individual,10:53732326,10,53732326,5.317541e-10,SORBI_3010G194700,0.443934
TG(18:1_20:1_22:1),CTL,individual,10:53732326,10,53732326,5.317541e-10,SORBI_3010G193300,0.410938
TG(18:1_20:1_22:1),CTL,individual,10:53732326,10,53732326,5.317541e-10,SORBI_3010G193300,0.404344
TG(18:1_20:1_22:1),CTL,individual,2:9597995,2,9597995,5.32354e-10,SORBI_3002G092300,0.987013
TG(18:1_20:1_22:1),CTL,individual,2:9597995,2,9597995,5.32354e-10,SORBI_3002G092300,0.960971
TG(18:1_20:1_22:1),CTL,individual,2:9597995,2,9597995,5.32354e-10,SORBI_3002G091700,0.937408
TG(18:1_20:1_22:1),CTL,individual,2:9597995,2,9597995,5.32354e-10,SORBI_3002G091900,0.937408
TG(18:1_20:1_22:1),CTL,individual,2:9597995,2,9597995,5.32354e-10,SORBI_3002G092050,0.937408
TG(18:1_20:1_22:1),CTL,individual,2:9597995,2,9597995,5.32354e-10,SORBI_3002G091700,0.925712
TG(18:1_20:1_22:1),CTL,individual,2:9597995,2,9597995,5.32354e-10,SORBI_3002G091700,0.923398
TG(18:1_20:1_22:1),CTL,individual,2:9597995,2,9597995,5.32354e-10,SORBI_3002G091700,0.923388
TG(18:1_20:1_22:1),CTL,individual,2:9597995,2,9597995,5.32354e-10,SORBI_3002G091700,0.911418
TG(18:1_20:1_22:1),CTL,individual,2:9597995,2,9597995,5.32354e-10,SORBI_3002G091700,0.90966
TG(18:1_20:1_22:1),CTL,individual,2:9597995,2,9597995,5.32354e-10,SORBI_3002G092050,0.90966
TG(18:1_20:1_22:1),CTL,individual,2:9597995,2,9597995,5.32354e-10,SORBI_3002G091400,0.722011
TG(18:1_20:1_22:1),CTL,individual,2:9597995,2,9597995,5.32354e-10,SORBI_3002G091600,0.720105
TG(18:1_20:1_22:1),CTL,individual,2:9597995,2,9597995,5.32354e-10,SORBI_3002G091400,0.705102
TG(18:1_20:1_22:1),CTL,individual,2:9597995,2,9597995,5.32354e-10,SORBI_3002G091600,0.700062
TG(18:1_20:1_22:1),CTL,individual,2:9597995,2,9597995,5.32354e-10,SORBI_3002G091400,0.688243
TG(18:1_20:1_22:1),CTL,individual,2:9597995,2,9597995,5.32354e-10,SORBI_3002G091200,0.671845
TG(18:1_20:1_22:1),CTL,individual,2:9597995,2,9597995,5.32354e-10,SORBI_3002G091300,0.654996
TG(18:1_20:1_22:1),CTL,individual,2:9597995,2,9597995,5.32354e-10,SORBI_3002G091200,0.566401
TG(18:1_20:1_22:1),CTL,individual,2:9597995,2,9597995,5.32354e-10,SORBI_3002G091500,0.459708
TG(18:1_20:1_22:1),CTL,individual,3:70110851,3,70110851,6.358479e-10,SORBI_3003G389800,1
TG(18:1_20:1_22:1),CTL,individual,3:70110851,3,70110851,6.358479e-10,SORBI_3003G389800,1
TG(18:1_20:1_22:1),CTL,individual,2:9572317,2,9572317,6.361308e-10,SORBI_3002G091700,0.974871
TG(18:1_20:1_22:1),CTL,individual,2:9572317,2,9572317,6.361308e-10,SORBI_3002G091900,0.974871
TG(18:1_20:1_22:1),CTL,individual,2:9572317,2,9572317,6.361308e-10,SORBI_3002G092050,0.974871
TG(18:1_20:1_22:1),CTL,individual,2:9572317,2,9572317,6.361308e-10,SORBI_3002G092050,0.974464
TG(18:1_20:1_22:1),CTL,individual,2:9572317,2,9572317,6.361308e-10,SORBI_3002G091700,0.962709
TG(18:1_20:1_22:1),CTL,individual,2:9572317,2,9572317,6.361308e-10,SORBI_3002G091700,0.961571
TG(18:1_20:1_22:1),CTL,individual,2:9572317,2,9572317,6.361308e-10,SORBI_3002G091700,0.961566
TG(18:1_20:1_22:1),CTL,individual,2:9572317,2,9572317,6.361308e-10,SORBI_3002G091700,0.949104
TG(18:1_20:1_22:1),CTL,individual,2:9572317,2,9572317,6.361308e-10,SORBI_3002G091700,0.948583
TG(18:1_20:1_22:1),CTL,individual,2:9572317,2,9572317,6.361308e-10,SORBI_3002G092300,0.92362
TG(18:1_20:1_22:1),CTL,individual,2:9572317,2,9572317,6.361308e-10,SORBI_3002G092300,0.897866
TG(18:1_20:1_22:1),CTL,individual,2:9572317,2,9572317,6.361308e-10,SORBI_3002G091400,0.751889
TG(18:1_20:1_22:1),CTL,individual,2:9572317,2,9572317,6.361308e-10,SORBI_3002G091600,0.747942
TG(18:1_20:1_22:1),CTL,individual,2:9572317,2,9572317,6.361308e-10,SORBI_3002G091400,0.735319
TG(18:1_20:1_22:1),CTL,individual,2:9572317,2,9572317,6.361308e-10,SORBI_3002G091600,0.727124
TG(18:1_20:1_22:1),CTL,individual,2:9572317,2,9572317,6.361308e-10,SORBI_3002G091400,0.718808
TG(18:1_20:1_22:1),CTL,individual,2:9572317,2,9572317,6.361308e-10,SORBI_3002G091300,0.683078
TG(18:1_20:1_22:1),CTL,individual,2:9572317,2,9572317,6.361308e-10,SORBI_3002G091200,0.623724
TG(18:1_20:1_22:1),CTL,individual,2:9572317,2,9572317,6.361308e-10,SORBI_3002G091200,0.558629
TG(18:1_20:1_22:1),CTL,individual,2:9572317,2,9572317,6.361308e-10,SORBI_3002G091500,0.478114
TG(18:1_20:1_22:1),CTL,individual,2:9578763,2,9578763,7.637262e-10,SORBI_3002G092050,1
TG(18:1_20:1_22:1),CTL,individual,2:9578763,2,9578763,7.637262e-10,SORBI_3002G092050,1
TG(18:1_20:1_22:1),CTL,individual,2:9578763,2,9578763,7.637262e-10,SORBI_3002G091700,0.975547
TG(18:1_20:1_22:1),CTL,individual,2:9578763,2,9578763,7.637262e-10,SORBI_3002G091900,0.975547
TG(18:1_20:1_22:1),CTL,individual,2:9578763,2,9578763,7.637262e-10,SORBI_3002G092050,0.975547
TG(18:1_20:1_22:1),CTL,individual,2:9578763,2,9578763,7.637262e-10,SORBI_3002G091700,0.97446
TG(18:1_20:1_22:1),CTL,individual,2:9578763,2,9578763,7.637262e-10,SORBI_3002G091700,0.963442
TG(18:1_20:1_22:1),CTL,individual,2:9578763,2,9578763,7.637262e-10,SORBI_3002G091700,0.960971
TG(18:1_20:1_22:1),CTL,individual,2:9578763,2,9578763,7.637262e-10,SORBI_3002G091700,0.960965
TG(18:1_20:1_22:1),CTL,individual,2:9578763,2,9578763,7.637262e-10,SORBI_3002G091700,0.946676
TG(18:1_20:1_22:1),CTL,individual,2:9578763,2,9578763,7.637262e-10,SORBI_3002G092300,0.921764
TG(18:1_20:1_22:1),CTL,individual,2:9578763,2,9578763,7.637262e-10,SORBI_3002G092300,0.920562
TG(18:1_20:1_22:1),CTL,individual,2:9578763,2,9578763,7.637262e-10,SORBI_3002G091400,0.77279
TG(18:1_20:1_22:1),CTL,individual,2:9578763,2,9578763,7.637262e-10,SORBI_3002G091400,0.755259
TG(18:1_20:1_22:1),CTL,individual,2:9578763,2,9578763,7.637262e-10,SORBI_3002G091400,0.737785
TG(18:1_20:1_22:1),CTL,individual,2:9578763,2,9578763,7.637262e-10,SORBI_3002G091600,0.711318
TG(18:1_20:1_22:1),CTL,individual,2:9578763,2,9578763,7.637262e-10,SORBI_3002G091300,0.701832
TG(18:1_20:1_22:1),CTL,individual,2:9578763,2,9578763,7.637262e-10,SORBI_3002G091600,0.691519
TG(18:1_20:1_22:1),CTL,individual,2:9578763,2,9578763,7.637262e-10,SORBI_3002G091200,0.618984
TG(18:1_20:1_22:1),CTL,individual,2:9578763,2,9578763,7.637262e-10,SORBI_3002G091200,0.549851
TG(18:1_20:1_22:1),CTL,individual,2:9578763,2,9578763,7.637262e-10,SORBI_3002G091500,0.479822
TG(18:1_20:1_22:1),CTL,individual,10:53732632,10,53732632,8.747701e-10,SORBI_3010G194700,0.850436
TG(18:1_20:1_22:1),CTL,individual,10:53732632,10,53732632,8.747701e-10,SORBI_3010G194700,0.840399
TG(18:1_20:1_22:1),CTL,individual,10:53732632,10,53732632,8.747701e-10,SORBI_3010G194700,0.659141
TG(18:1_20:1_22:1),CTL,individual,10:53732632,10,53732632,8.747701e-10,SORBI_3010G194700,0.65447
TG(18:1_20:1_22:1),CTL,individual,10:53732632,10,53732632,8.747701e-10,SORBI_3010G194700,0.650255
TG(18:1_20:1_22:1),CTL,individual,10:53732632,10,53732632,8.747701e-10,SORBI_3010G194600,0.600544
TG(18:1_20:1_22:1),CTL,individual,10:53732632,10,53732632,8.747701e-10,SORBI_3010G194700,0.577801
TG(18:1_20:1_22:1),CTL,individual,10:53732632,10,53732632,8.747701e-10,SORBI_3010G194600,0.577738
TG(18:1_20:1_22:1),CTL,individual,10:53732632,10,53732632,8.747701e-10,SORBI_3010G194500,0.553519
TG(18:1_20:1_22:1),CTL,individual,10:53732632,10,53732632,8.747701e-10,SORBI_3010G195000,0.543967
TG(18:1_20:1_22:1),CTL,individual,10:53732632,10,53732632,8.747701e-10,SORBI_3010G194900,0.538881
TG(18:1_20:1_22:1),CTL,individual,10:53732632,10,53732632,8.747701e-10,SORBI_3010G195000,0.538881
TG(18:1_20:1_22:1),CTL,individual,10:53732632,10,53732632,8.747701e-10,SORBI_3010G194001,0.530657
TG(18:1_20:1_22:1),CTL,individual,10:53732632,10,53732632,8.747701e-10,SORBI_3010G194700,0.468691
TG(18:1_20:1_22:1),CTL,individual,10:53732632,10,53732632,8.747701e-10,SORBI_3010G194700,0.465221
TG(18:1_20:1_22:1),CTL,individual,10:53732632,10,53732632,8.747701e-10,SORBI_3010G195200,0.438053
TG(18:1_20:1_22:1),CTL,individual,10:53732632,10,53732632,8.747701e-10,SORBI_3010G193300,0.43462
TG(18:1_20:1_22:1),CTL,individual,10:53732632,10,53732632,8.747701e-10,SORBI_3010G193300,0.427596
TG(18:1_20:1_22:1),CTL,individual,10:53732632,10,53732632,8.747701e-10,SORBI_3010G194700,0.40583
TG(18:1_20:1_22:1),CTL,individual,2:9595892,2,9595892,1.157277e-09,SORBI_3002G092300,1
TG(18:1_20:1_22:1),CTL,individual,2:9595892,2,9595892,1.157277e-09,SORBI_3002G092300,1
TG(18:1_20:1_22:1),CTL,individual,2:9595892,2,9595892,1.157277e-09,SORBI_3002G092300,0.973684
TG(18:1_20:1_22:1),CTL,individual,2:9595892,2,9595892,1.157277e-09,SORBI_3002G091700,0.938156
TG(18:1_20:1_22:1),CTL,individual,2:9595892,2,9595892,1.157277e-09,SORBI_3002G091700,0.924746
TG(18:1_20:1_22:1),CTL,individual,2:9595892,2,9595892,1.157277e-09,SORBI_3002G091900,0.924746
TG(18:1_20:1_22:1),CTL,individual,2:9595892,2,9595892,1.157277e-09,SORBI_3002G092050,0.924746
TG(18:1_20:1_22:1),CTL,individual,2:9595892,2,9595892,1.157277e-09,SORBI_3002G091700,0.92304
TG(18:1_20:1_22:1),CTL,individual,2:9595892,2,9595892,1.157277e-09,SORBI_3002G092050,0.920562
TG(18:1_20:1_22:1),CTL,individual,2:9595892,2,9595892,1.157277e-09,SORBI_3002G091700,0.90966
TG(18:1_20:1_22:1),CTL,individual,2:9595892,2,9595892,1.157277e-09,SORBI_3002G091700,0.909648
TG(18:1_20:1_22:1),CTL,individual,2:9595892,2,9595892,1.157277e-09,SORBI_3002G091700,0.894814
TG(18:1_20:1_22:1),CTL,individual,2:9595892,2,9595892,1.157277e-09,SORBI_3002G091400,0.731472
TG(18:1_20:1_22:1),CTL,individual,2:9595892,2,9595892,1.157277e-09,SORBI_3002G091400,0.713826
TG(18:1_20:1_22:1),CTL,individual,2:9595892,2,9595892,1.157277e-09,SORBI_3002G091400,0.696228
TG(18:1_20:1_22:1),CTL,individual,2:9595892,2,9595892,1.157277e-09,SORBI_3002G091600,0.673539
TG(18:1_20:1_22:1),CTL,individual,2:9595892,2,9595892,1.157277e-09,SORBI_3002G091300,0.663171
TG(18:1_20:1_22:1),CTL,individual,2:9595892,2,9595892,1.157277e-09,SORBI_3002G091200,0.658716
TG(18:1_20:1_22:1),CTL,individual,2:9595892,2,9595892,1.157277e-09,SORBI_3002G091600,0.654743
TG(18:1_20:1_22:1),CTL,individual,2:9595892,2,9595892,1.157277e-09,SORBI_3002G091200,0.549851
TG(18:1_20:1_22:1),CTL,individual,2:9595892,2,9595892,1.157277e-09,SORBI_3002G091500,0.453464
TG(18:1_20:1_22:1),CTL,individual,2:9592487,2,9592487,1.252631e-09,SORBI_3002G092300,0.921754
TG(18:1_20:1_22:1),CTL,individual,2:9592487,2,9592487,1.252631e-09,SORBI_3002G092300,0.920552
TG(18:1_20:1_22:1),CTL,individual,2:9592487,2,9592487,1.252631e-09,SORBI_3002G091700,0.875287
TG(18:1_20:1_22:1),CTL,individual,2:9592487,2,9592487,1.252631e-09,SORBI_3002G091900,0.875287
TG(18:1_20:1_22:1),CTL,individual,2:9592487,2,9592487,1.252631e-09,SORBI_3002G092050,0.875287
TG(18:1_20:1_22:1),CTL,individual,2:9592487,2,9592487,1.252631e-09,SORBI_3002G091700,0.872996
TG(18:1_20:1_22:1),CTL,individual,2:9592487,2,9592487,1.252631e-09,SORBI_3002G092050,0.869413
TG(18:1_20:1_22:1),CTL,individual,2:9592487,2,9592487,1.252631e-09,SORBI_3002G091700,0.864297
TG(18:1_20:1_22:1),CTL,individual,2:9592487,2,9592487,1.252631e-09,SORBI_3002G091700,0.859738
TG(18:1_20:1_22:1),CTL,individual,2:9592487,2,9592487,1.252631e-09,SORBI_3002G091700,0.85972
TG(18:1_20:1_22:1),CTL,individual,2:9592487,2,9592487,1.252631e-09,SORBI_3002G091700,0.844392
TG(18:1_20:1_22:1),CTL,individual,2:9592487,2,9592487,1.252631e-09,SORBI_3002G091400,0.691248
TG(18:1_20:1_22:1),CTL,individual,2:9592487,2,9592487,1.252631e-09,SORBI_3002G091400,0.673519
TG(18:1_20:1_22:1),CTL,individual,2:9592487,2,9592487,1.252631e-09,SORBI_3002G091400,0.65583
TG(18:1_20:1_22:1),CTL,individual,2:9592487,2,9592487,1.252631e-09,SORBI_3002G091600,0.636742
TG(18:1_20:1_22:1),CTL,individual,2:9592487,2,9592487,1.252631e-09,SORBI_3002G091300,0.625555
TG(18:1_20:1_22:1),CTL,individual,2:9592487,2,9592487,1.252631e-09,SORBI_3002G091200,0.618935
TG(18:1_20:1_22:1),CTL,individual,2:9592487,2,9592487,1.252631e-09,SORBI_3002G091600,0.61892
TG(18:1_20:1_22:1),CTL,individual,2:9592487,2,9592487,1.252631e-09,SORBI_3002G091200,0.511154
TG(18:1_20:1_22:1),CTL,individual,2:9592487,2,9592487,1.252631e-09,SORBI_3002G091500,0.479752
TG(18:1_20:1_22:1),CTL,individual,2:9549671,2,9549671,1.539869e-09,SORBI_3002G091700,1
TG(18:1_20:1_22:1),CTL,individual,2:9549671,2,9549671,1.539869e-09,SORBI_3002G091700,1
TG(18:1_20:1_22:1),CTL,individual,2:9549671,2,9549671,1.539869e-09,SORBI_3002G091900,1
TG(18:1_20:1_22:1),CTL,individual,2:9549671,2,9549671,1.539869e-09,SORBI_3002G092050,1
TG(18:1_20:1_22:1),CTL,individual,2:9560842,2,9560842,1.539869e-09,SORBI_3002G091700,1
TG(18:1_20:1_22:1),CTL,individual,2:9560842,2,9560842,1.539869e-09,SORBI_3002G091900,1
TG(18:1_20:1_22:1),CTL,individual,2:9560842,2,9560842,1.539869e-09,SORBI_3002G092050,1
TG(18:1_20:1_22:1),CTL,individual,2:9562004,2,9562004,1.539869e-09,SORBI_3002G091700,1
TG(18:1_20:1_22:1),CTL,individual,2:9562004,2,9562004,1.539869e-09,SORBI_3002G091900,1
TG(18:1_20:1_22:1),CTL,individual,2:9562004,2,9562004,1.539869e-09,SORBI_3002G092050,1
TG(18:1_20:1_22:1),CTL,individual,2:9564426,2,9564426,1.539869e-09,SORBI_3002G091700,1
TG(18:1_20:1_22:1),CTL,individual,2:9564426,2,9564426,1.539869e-09,SORBI_3002G091900,1
TG(18:1_20:1_22:1),CTL,individual,2:9564426,2,9564426,1.539869e-09,SORBI_3002G092050,1
TG(18:1_20:1_22:1),CTL,individual,2:9575980,2,9575980,1.539869e-09,SORBI_3002G091700,1
TG(18:1_20:1_22:1),CTL,individual,2:9575980,2,9575980,1.539869e-09,SORBI_3002G091900,1
TG(18:1_20:1_22:1),CTL,individual,2:9575980,2,9575980,1.539869e-09,SORBI_3002G091900,1
TG(18:1_20:1_22:1),CTL,individual,2:9575980,2,9575980,1.539869e-09,SORBI_3002G092050,1
TG(18:1_20:1_22:1),CTL,individual,2:9579114,2,9579114,1.539869e-09,SORBI_3002G091700,1
TG(18:1_20:1_22:1),CTL,individual,2:9579114,2,9579114,1.539869e-09,SORBI_3002G091900,1
TG(18:1_20:1_22:1),CTL,individual,2:9579114,2,9579114,1.539869e-09,SORBI_3002G092050,1
TG(18:1_20:1_22:1),CTL,individual,2:9579114,2,9579114,1.539869e-09,SORBI_3002G092050,1
TG(18:1_20:1_22:1),CTL,individual,2:9585479,2,9585479,1.539869e-09,SORBI_3002G091700,1
TG(18:1_20:1_22:1),CTL,individual,2:9585479,2,9585479,1.539869e-09,SORBI_3002G091900,1
TG(18:1_20:1_22:1),CTL,individual,2:9585479,2,9585479,1.539869e-09,SORBI_3002G092050,1
TG(18:1_20:1_22:1),CTL,individual,2:9549671,2,9549671,1.539869e-09,SORBI_3002G091700,0.987599
TG(18:1_20:1_22:1),CTL,individual,2:9560842,2,9560842,1.539869e-09,SORBI_3002G091700,0.987599
TG(18:1_20:1_22:1),CTL,individual,2:9562004,2,9562004,1.539869e-09,SORBI_3002G091700,0.987599
TG(18:1_20:1_22:1),CTL,individual,2:9564426,2,9564426,1.539869e-09,SORBI_3002G091700,0.987599
TG(18:1_20:1_22:1),CTL,individual,2:9575980,2,9575980,1.539869e-09,SORBI_3002G091700,0.987599
TG(18:1_20:1_22:1),CTL,individual,2:9579114,2,9579114,1.539869e-09,SORBI_3002G091700,0.987599
TG(18:1_20:1_22:1),CTL,individual,2:9585479,2,9585479,1.539869e-09,SORBI_3002G091700,0.987599
TG(18:1_20:1_22:1),CTL,individual,2:9549671,2,9549671,1.539869e-09,SORBI_3002G091700,0.987597
TG(18:1_20:1_22:1),CTL,individual,2:9560842,2,9560842,1.539869e-09,SORBI_3002G091700,0.987597
TG(18:1_20:1_22:1),CTL,individual,2:9562004,2,9562004,1.539869e-09,SORBI_3002G091700,0.987597
TG(18:1_20:1_22:1),CTL,individual,2:9564426,2,9564426,1.539869e-09,SORBI_3002G091700,0.987597
TG(18:1_20:1_22:1),CTL,individual,2:9575980,2,9575980,1.539869e-09,SORBI_3002G091700,0.987597
TG(18:1_20:1_22:1),CTL,individual,2:9579114,2,9579114,1.539869e-09,SORBI_3002G091700,0.987597
TG(18:1_20:1_22:1),CTL,individual,2:9585479,2,9585479,1.539869e-09,SORBI_3002G091700,0.987597
TG(18:1_20:1_22:1),CTL,individual,2:9549671,2,9549671,1.539869e-09,SORBI_3002G091700,0.987592
TG(18:1_20:1_22:1),CTL,individual,2:9560842,2,9560842,1.539869e-09,SORBI_3002G091700,0.987592
TG(18:1_20:1_22:1),CTL,individual,2:9562004,2,9562004,1.539869e-09,SORBI_3002G091700,0.987592
TG(18:1_20:1_22:1),CTL,individual,2:9564426,2,9564426,1.539869e-09,SORBI_3002G091700,0.987592
TG(18:1_20:1_22:1),CTL,individual,2:9575980,2,9575980,1.539869e-09,SORBI_3002G091700,0.987592
TG(18:1_20:1_22:1),CTL,individual,2:9579114,2,9579114,1.539869e-09,SORBI_3002G091700,0.987592
TG(18:1_20:1_22:1),CTL,individual,2:9585479,2,9585479,1.539869e-09,SORBI_3002G091700,0.987592
TG(18:1_20:1_22:1),CTL,individual,2:9549671,2,9549671,1.539869e-09,SORBI_3002G091700,0.975547
TG(18:1_20:1_22:1),CTL,individual,2:9549671,2,9549671,1.539869e-09,SORBI_3002G092050,0.975547
TG(18:1_20:1_22:1),CTL,individual,2:9560842,2,9560842,1.539869e-09,SORBI_3002G091700,0.975547
TG(18:1_20:1_22:1),CTL,individual,2:9560842,2,9560842,1.539869e-09,SORBI_3002G092050,0.975547
TG(18:1_20:1_22:1),CTL,individual,2:9562004,2,9562004,1.539869e-09,SORBI_3002G091700,0.975547
TG(18:1_20:1_22:1),CTL,individual,2:9562004,2,9562004,1.539869e-09,SORBI_3002G092050,0.975547
TG(18:1_20:1_22:1),CTL,individual,2:9564426,2,9564426,1.539869e-09,SORBI_3002G091700,0.975547
TG(18:1_20:1_22:1),CTL,individual,2:9564426,2,9564426,1.539869e-09,SORBI_3002G092050,0.975547
TG(18:1_20:1_22:1),CTL,individual,2:9575980,2,9575980,1.539869e-09,SORBI_3002G091700,0.975547
TG(18:1_20:1_22:1),CTL,individual,2:9575980,2,9575980,1.539869e-09,SORBI_3002G092050,0.975547
TG(18:1_20:1_22:1),CTL,individual,2:9579114,2,9579114,1.539869e-09,SORBI_3002G091700,0.975547
TG(18:1_20:1_22:1),CTL,individual,2:9579114,2,9579114,1.539869e-09,SORBI_3002G092050,0.975547
TG(18:1_20:1_22:1),CTL,individual,2:9585479,2,9585479,1.539869e-09,SORBI_3002G091700,0.975547
TG(18:1_20:1_22:1),CTL,individual,2:9585479,2,9585479,1.539869e-09,SORBI_3002G092050,0.975547
TG(18:1_20:1_22:1),CTL,individual,2:9549671,2,9549671,1.539869e-09,SORBI_3002G091700,0.974868
TG(18:1_20:1_22:1),CTL,individual,2:9560842,2,9560842,1.539869e-09,SORBI_3002G091700,0.974868
TG(18:1_20:1_22:1),CTL,individual,2:9562004,2,9562004,1.539869e-09,SORBI_3002G091700,0.974868
TG(18:1_20:1_22:1),CTL,individual,2:9564426,2,9564426,1.539869e-09,SORBI_3002G091700,0.974868
TG(18:1_20:1_22:1),CTL,individual,2:9575980,2,9575980,1.539869e-09,SORBI_3002G091700,0.974868
TG(18:1_20:1_22:1),CTL,individual,2:9579114,2,9579114,1.539869e-09,SORBI_3002G091700,0.974868
TG(18:1_20:1_22:1),CTL,individual,2:9585479,2,9585479,1.539869e-09,SORBI_3002G091700,0.974868
TG(18:1_20:1_22:1),CTL,individual,2:9549671,2,9549671,1.539869e-09,SORBI_3002G092300,0.949875
TG(18:1_20:1_22:1),CTL,individual,2:9560842,2,9560842,1.539869e-09,SORBI_3002G092300,0.949875
TG(18:1_20:1_22:1),CTL,individual,2:9562004,2,9562004,1.539869e-09,SORBI_3002G092300,0.949875
TG(18:1_20:1_22:1),CTL,individual,2:9564426,2,9564426,1.539869e-09,SORBI_3002G092300,0.949875
TG(18:1_20:1_22:1),CTL,individual,2:9575980,2,9575980,1.539869e-09,SORBI_3002G092300,0.949875
TG(18:1_20:1_22:1),CTL,individual,2:9579114,2,9579114,1.539869e-09,SORBI_3002G092300,0.949875
TG(18:1_20:1_22:1),CTL,individual,2:9585479,2,9585479,1.539869e-09,SORBI_3002G092300,0.949875
TG(18:1_20:1_22:1),CTL,individual,2:9549671,2,9549671,1.539869e-09,SORBI_3002G092300,0.924746
TG(18:1_20:1_22:1),CTL,individual,2:9560842,2,9560842,1.539869e-09,SORBI_3002G092300,0.924746
TG(18:1_20:1_22:1),CTL,individual,2:9562004,2,9562004,1.539869e-09,SORBI_3002G092300,0.924746
TG(18:1_20:1_22:1),CTL,individual,2:9564426,2,9564426,1.539869e-09,SORBI_3002G092300,0.924746
TG(18:1_20:1_22:1),CTL,individual,2:9575980,2,9575980,1.539869e-09,SORBI_3002G092300,0.924746
TG(18:1_20:1_22:1),CTL,individual,2:9579114,2,9579114,1.539869e-09,SORBI_3002G092300,0.924746
TG(18:1_20:1_22:1),CTL,individual,2:9585479,2,9585479,1.539869e-09,SORBI_3002G092300,0.924746
TG(18:1_20:1_22:1),CTL,individual,2:9549671,2,9549671,1.539869e-09,SORBI_3002G091400,0.772857
TG(18:1_20:1_22:1),CTL,individual,2:9560842,2,9560842,1.539869e-09,SORBI_3002G091400,0.772857
TG(18:1_20:1_22:1),CTL,individual,2:9562004,2,9562004,1.539869e-09,SORBI_3002G091400,0.772857
TG(18:1_20:1_22:1),CTL,individual,2:9564426,2,9564426,1.539869e-09,SORBI_3002G091400,0.772857
TG(18:1_20:1_22:1),CTL,individual,2:9575980,2,9575980,1.539869e-09,SORBI_3002G091400,0.772857
TG(18:1_20:1_22:1),CTL,individual,2:9579114,2,9579114,1.539869e-09,SORBI_3002G091400,0.772857
TG(18:1_20:1_22:1),CTL,individual,2:9585479,2,9585479,1.539869e-09,SORBI_3002G091400,0.772857
TG(18:1_20:1_22:1),CTL,individual,2:9549671,2,9549671,1.539869e-09,SORBI_3002G091400,0.756855
TG(18:1_20:1_22:1),CTL,individual,2:9560842,2,9560842,1.539869e-09,SORBI_3002G091400,0.756855
TG(18:1_20:1_22:1),CTL,individual,2:9562004,2,9562004,1.539869e-09,SORBI_3002G091400,0.756855
TG(18:1_20:1_22:1),CTL,individual,2:9564426,2,9564426,1.539869e-09,SORBI_3002G091400,0.756855
TG(18:1_20:1_22:1),CTL,individual,2:9575980,2,9575980,1.539869e-09,SORBI_3002G091400,0.756855
TG(18:1_20:1_22:1),CTL,individual,2:9579114,2,9579114,1.539869e-09,SORBI_3002G091400,0.756855
TG(18:1_20:1_22:1),CTL,individual,2:9585479,2,9585479,1.539869e-09,SORBI_3002G091400,0.756855
TG(18:1_20:1_22:1),CTL,individual,2:9549671,2,9549671,1.539869e-09,SORBI_3002G091400,0.740923
TG(18:1_20:1_22:1),CTL,individual,2:9560842,2,9560842,1.539869e-09,SORBI_3002G091400,0.740923
TG(18:1_20:1_22:1),CTL,individual,2:9562004,2,9562004,1.539869e-09,SORBI_3002G091400,0.740923
TG(18:1_20:1_22:1),CTL,individual,2:9564426,2,9564426,1.539869e-09,SORBI_3002G091400,0.740923
TG(18:1_20:1_22:1),CTL,individual,2:9575980,2,9575980,1.539869e-09,SORBI_3002G091400,0.740923
TG(18:1_20:1_22:1),CTL,individual,2:9579114,2,9579114,1.539869e-09,SORBI_3002G091400,0.740923
TG(18:1_20:1_22:1),CTL,individual,2:9585479,2,9585479,1.539869e-09,SORBI_3002G091400,0.740923
TG(18:1_20:1_22:1),CTL,individual,2:9549671,2,9549671,1.539869e-09,SORBI_3002G091600,0.729148
TG(18:1_20:1_22:1),CTL,individual,2:9560842,2,9560842,1.539869e-09,SORBI_3002G091600,0.729148
TG(18:1_20:1_22:1),CTL,individual,2:9562004,2,9562004,1.539869e-09,SORBI_3002G091600,0.729148
TG(18:1_20:1_22:1),CTL,individual,2:9564426,2,9564426,1.539869e-09,SORBI_3002G091600,0.729148
TG(18:1_20:1_22:1),CTL,individual,2:9575980,2,9575980,1.539869e-09,SORBI_3002G091600,0.729148
TG(18:1_20:1_22:1),CTL,individual,2:9579114,2,9579114,1.539869e-09,SORBI_3002G091600,0.729148
TG(18:1_20:1_22:1),CTL,individual,2:9585479,2,9585479,1.539869e-09,SORBI_3002G091600,0.729148
TG(18:1_20:1_22:1),CTL,individual,2:9549671,2,9549671,1.539869e-09,SORBI_3002G091600,0.708853
TG(18:1_20:1_22:1),CTL,individual,2:9560842,2,9560842,1.539869e-09,SORBI_3002G091600,0.708853
TG(18:1_20:1_22:1),CTL,individual,2:9562004,2,9562004,1.539869e-09,SORBI_3002G091600,0.708853
TG(18:1_20:1_22:1),CTL,individual,2:9564426,2,9564426,1.539869e-09,SORBI_3002G091600,0.708853
TG(18:1_20:1_22:1),CTL,individual,2:9575980,2,9575980,1.539869e-09,SORBI_3002G091600,0.708853
TG(18:1_20:1_22:1),CTL,individual,2:9579114,2,9579114,1.539869e-09,SORBI_3002G091600,0.708853
TG(18:1_20:1_22:1),CTL,individual,2:9585479,2,9585479,1.539869e-09,SORBI_3002G091600,0.708853
TG(18:1_20:1_22:1),CTL,individual,2:9549671,2,9549671,1.539869e-09,SORBI_3002G091300,0.703248
TG(18:1_20:1_22:1),CTL,individual,2:9560842,2,9560842,1.539869e-09,SORBI_3002G091300,0.703248
TG(18:1_20:1_22:1),CTL,individual,2:9562004,2,9562004,1.539869e-09,SORBI_3002G091300,0.703248
TG(18:1_20:1_22:1),CTL,individual,2:9564426,2,9564426,1.539869e-09,SORBI_3002G091300,0.703248
TG(18:1_20:1_22:1),CTL,individual,2:9575980,2,9575980,1.539869e-09,SORBI_3002G091300,0.703248
TG(18:1_20:1_22:1),CTL,individual,2:9579114,2,9579114,1.539869e-09,SORBI_3002G091300,0.703248
TG(18:1_20:1_22:1),CTL,individual,2:9585479,2,9585479,1.539869e-09,SORBI_3002G091300,0.703248
TG(18:1_20:1_22:1),CTL,individual,2:9549671,2,9549671,1.539869e-09,SORBI_3002G091200,0.646007
TG(18:1_20:1_22:1),CTL,individual,2:9560842,2,9560842,1.539869e-09,SORBI_3002G091200,0.646007
TG(18:1_20:1_22:1),CTL,individual,2:9562004,2,9562004,1.539869e-09,SORBI_3002G091200,0.646007
TG(18:1_20:1_22:1),CTL,individual,2:9564426,2,9564426,1.539869e-09,SORBI_3002G091200,0.646007
TG(18:1_20:1_22:1),CTL,individual,2:9575980,2,9575980,1.539869e-09,SORBI_3002G091200,0.646007
TG(18:1_20:1_22:1),CTL,individual,2:9579114,2,9579114,1.539869e-09,SORBI_3002G091200,0.646007
TG(18:1_20:1_22:1),CTL,individual,2:9585479,2,9585479,1.539869e-09,SORBI_3002G091200,0.646007
TG(18:1_20:1_22:1),CTL,individual,2:9549671,2,9549671,1.539869e-09,SORBI_3002G091200,0.544591
TG(18:1_20:1_22:1),CTL,individual,2:9560842,2,9560842,1.539869e-09,SORBI_3002G091200,0.544591
TG(18:1_20:1_22:1),CTL,individual,2:9562004,2,9562004,1.539869e-09,SORBI_3002G091200,0.544591
TG(18:1_20:1_22:1),CTL,individual,2:9564426,2,9564426,1.539869e-09,SORBI_3002G091200,0.544591
TG(18:1_20:1_22:1),CTL,individual,2:9575980,2,9575980,1.539869e-09,SORBI_3002G091200,0.544591
TG(18:1_20:1_22:1),CTL,individual,2:9579114,2,9579114,1.539869e-09,SORBI_3002G091200,0.544591
TG(18:1_20:1_22:1),CTL,individual,2:9585479,2,9585479,1.539869e-09,SORBI_3002G091200,0.544591
TG(18:1_20:1_22:1),CTL,individual,2:9549671,2,9549671,1.539869e-09,SORBI_3002G091500,0.49185
TG(18:1_20:1_22:1),CTL,individual,2:9560842,2,9560842,1.539869e-09,SORBI_3002G091500,0.49185
TG(18:1_20:1_22:1),CTL,individual,2:9562004,2,9562004,1.539869e-09,SORBI_3002G091500,0.49185
TG(18:1_20:1_22:1),CTL,individual,2:9564426,2,9564426,1.539869e-09,SORBI_3002G091500,0.49185
TG(18:1_20:1_22:1),CTL,individual,2:9575980,2,9575980,1.539869e-09,SORBI_3002G091500,0.49185
TG(18:1_20:1_22:1),CTL,individual,2:9579114,2,9579114,1.539869e-09,SORBI_3002G091500,0.49185
TG(18:1_20:1_22:1),CTL,individual,2:9585479,2,9585479,1.539869e-09,SORBI_3002G091500,0.49185
TG(18:1_20:1_22:1),CTL,individual,2:9549671,2,9549671,1.539869e-09,SORBI_3002G091700,0.415866
TG(18:1_20:1_22:1),CTL,individual,2:9560842,2,9560842,1.539869e-09,SORBI_3002G091700,0.415866
TG(18:1_20:1_22:1),CTL,individual,2:9562004,2,9562004,1.539869e-09,SORBI_3002G091700,0.415866
TG(18:1_20:1_22:1),CTL,individual,2:9564426,2,9564426,1.539869e-09,SORBI_3002G091700,0.415866
TG(18:1_20:1_22:1),CTL,individual,2:9575980,2,9575980,1.539869e-09,SORBI_3002G091700,0.415866
TG(18:1_20:1_22:1),CTL,individual,2:9579114,2,9579114,1.539869e-09,SORBI_3002G091700,0.415866
TG(18:1_20:1_22:1),CTL,individual,2:9585479,2,9585479,1.539869e-09,SORBI_3002G091700,0.415866
TG(18:1_20:1_22:1),CTL,individual,10:38506143,10,38506143,1.668343e-09,SORBI_3010G143700,0.883761
TG(18:1_20:1_22:1),CTL,individual,10:38506143,10,38506143,1.668343e-09,SORBI_3010G143800,0.883761
TG(18:1_20:1_22:1),CTL,individual,10:38506143,10,38506143,1.668343e-09,SORBI_3010G143800,0.880302
TG(18:1_20:1_22:1),CTL,individual,10:38506143,10,38506143,1.668343e-09,SORBI_3010G143800,0.840089
TG(18:1_20:1_22:1),CTL,individual,10:38506143,10,38506143,1.668343e-09,SORBI_3010G143800,0.826317
TG(18:1_20:1_22:1),CTL,individual,10:38506143,10,38506143,1.668343e-09,SORBI_3010G143800,0.825999
TG(18:1_20:1_22:1),CTL,individual,10:38506143,10,38506143,1.668343e-09,SORBI_3010G143800,0.822518
TG(18:1_20:1_22:1),CTL,individual,10:38506143,10,38506143,1.668343e-09,SORBI_3010G143800,0.818743
TG(18:1_20:1_22:1),CTL,individual,10:38506143,10,38506143,1.668343e-09,SORBI_3010G143800,0.77523
TG(18:1_20:1_22:1),CTL,individual,10:38506143,10,38506143,1.668343e-09,SORBI_3010G143800,0.765054
TG(18:1_20:1_22:1),CTL,individual,10:38506143,10,38506143,1.668343e-09,SORBI_3010G143700,0.732645
TG(18:1_20:1_22:1),CTL,individual,10:38506143,10,38506143,1.668343e-09,SORBI_3010G143800,0.732645
TG(18:1_20:1_22:1),CTL,individual,10:38506143,10,38506143,1.668343e-09,SORBI_3010G143800,0.726279
TG(18:1_20:1_22:1),CTL,individual,10:38506143,10,38506143,1.668343e-09,SORBI_3010G143800,0.722697
TG(18:1_20:1_22:1),CTL,individual,10:38506143,10,38506143,1.668343e-09,SORBI_3010G143800,0.413401
TG(18:1_20:1_22:1),CTL,individual,2:9564070,2,9564070,2.263048e-09,SORBI_3002G091700,1
TG(18:1_20:1_22:1),CTL,individual,2:9564070,2,9564070,2.263048e-09,SORBI_3002G091700,0.974871
TG(18:1_20:1_22:1),CTL,individual,2:9564070,2,9564070,2.263048e-09,SORBI_3002G091900,0.974871
TG(18:1_20:1_22:1),CTL,individual,2:9564070,2,9564070,2.263048e-09,SORBI_3002G092050,0.974871
TG(18:1_20:1_22:1),CTL,individual,2:9564070,2,9564070,2.263048e-09,SORBI_3002G092050,0.974464
TG(18:1_20:1_22:1),CTL,individual,2:9564070,2,9564070,2.263048e-09,SORBI_3002G091700,0.962709
TG(18:1_20:1_22:1),CTL,individual,2:9564070,2,9564070,2.263048e-09,SORBI_3002G091700,0.961571
TG(18:1_20:1_22:1),CTL,individual,2:9564070,2,9564070,2.263048e-09,SORBI_3002G091700,0.961566
TG(18:1_20:1_22:1),CTL,individual,2:9564070,2,9564070,2.263048e-09,SORBI_3002G091700,0.948583
TG(18:1_20:1_22:1),CTL,individual,2:9564070,2,9564070,2.263048e-09,SORBI_3002G092300,0.92362
TG(18:1_20:1_22:1),CTL,individual,2:9564070,2,9564070,2.263048e-09,SORBI_3002G092300,0.92305
TG(18:1_20:1_22:1),CTL,individual,2:9564070,2,9564070,2.263048e-09,SORBI_3002G091400,0.772198
TG(18:1_20:1_22:1),CTL,individual,2:9564070,2,9564070,2.263048e-09,SORBI_3002G091400,0.755702
TG(18:1_20:1_22:1),CTL,individual,2:9564070,2,9564070,2.263048e-09,SORBI_3002G091400,0.739271
TG(18:1_20:1_22:1),CTL,individual,2:9564070,2,9564070,2.263048e-09,SORBI_3002G091600,0.710085
TG(18:1_20:1_22:1),CTL,individual,2:9564070,2,9564070,2.263048e-09,SORBI_3002G091300,0.702096
TG(18:1_20:1_22:1),CTL,individual,2:9564070,2,9564070,2.263048e-09,SORBI_3002G091600,0.690272
TG(18:1_20:1_22:1),CTL,individual,2:9564070,2,9564070,2.263048e-09,SORBI_3002G091200,0.643044
TG(18:1_20:1_22:1),CTL,individual,2:9564070,2,9564070,2.263048e-09,SORBI_3002G091200,0.520571
TG(18:1_20:1_22:1),CTL,individual,2:9564070,2,9564070,2.263048e-09,SORBI_3002G091500,0.478114
TG(18:1_20:1_22:1),CTL,individual,2:9550240,2,9550240,2.296271e-09,SORBI_3002G091700,1
TG(18:1_20:1_22:1),CTL,individual,2:9550240,2,9550240,2.296271e-09,SORBI_3002G091700,1
TG(18:1_20:1_22:1),CTL,individual,2:9550240,2,9550240,2.296271e-09,SORBI_3002G091700,0.974868
TG(18:1_20:1_22:1),CTL,individual,2:9550240,2,9550240,2.296271e-09,SORBI_3002G091900,0.974868
TG(18:1_20:1_22:1),CTL,individual,2:9550240,2,9550240,2.296271e-09,SORBI_3002G092050,0.974868
TG(18:1_20:1_22:1),CTL,individual,2:9550240,2,9550240,2.296271e-09,SORBI_3002G092050,0.97446
TG(18:1_20:1_22:1),CTL,individual,2:9550240,2,9550240,2.296271e-09,SORBI_3002G091700,0.962704
TG(18:1_20:1_22:1),CTL,individual,2:9550240,2,9550240,2.296271e-09,SORBI_3002G091700,0.961566
TG(18:1_20:1_22:1),CTL,individual,2:9550240,2,9550240,2.296271e-09,SORBI_3002G091700,0.948576
TG(18:1_20:1_22:1),CTL,individual,2:9550240,2,9550240,2.296271e-09,SORBI_3002G092300,0.92361
TG(18:1_20:1_22:1),CTL,individual,2:9550240,2,9550240,2.296271e-09,SORBI_3002G092300,0.92304
TG(18:1_20:1_22:1),CTL,individual,2:9550240,2,9550240,2.296271e-09,SORBI_3002G091400,0.772166
TG(18:1_20:1_22:1),CTL,individual,2:9550240,2,9550240,2.296271e-09,SORBI_3002G091400,0.755668
TG(18:1_20:1_22:1),CTL,individual,2:9550240,2,9550240,2.296271e-09,SORBI_3002G091400,0.739234
TG(18:1_20:1_22:1),CTL,individual,2:9550240,2,9550240,2.296271e-09,SORBI_3002G091600,0.710044
TG(18:1_20:1_22:1),CTL,individual,2:9550240,2,9550240,2.296271e-09,SORBI_3002G091300,0.702054
TG(18:1_20:1_22:1),CTL,individual,2:9550240,2,9550240,2.296271e-09,SORBI_3002G091600,0.690228
TG(18:1_20:1_22:1),CTL,individual,2:9550240,2,9550240,2.296271e-09,SORBI_3002G091200,0.642997
TG(18:1_20:1_22:1),CTL,individual,2:9550240,2,9550240,2.296271e-09,SORBI_3002G091200,0.520514
TG(18:1_20:1_22:1),CTL,individual,2:9550240,2,9550240,2.296271e-09,SORBI_3002G091500,0.47804
TG(18:1_20:1_22:1),CTL,individual,2:9554956,2,9554956,2.661386e-09,SORBI_3002G091700,1
TG(18:1_20:1_22:1),CTL,individual,2:9554956,2,9554956,2.661386e-09,SORBI_3002G091700,1
TG(18:1_20:1_22:1),CTL,individual,2:9554956,2,9554956,2.661386e-09,SORBI_3002G091700,0.987592
TG(18:1_20:1_22:1),CTL,individual,2:9554956,2,9554956,2.661386e-09,SORBI_3002G091900,0.987592
TG(18:1_20:1_22:1),CTL,individual,2:9554956,2,9554956,2.661386e-09,SORBI_3002G092050,0.987592
TG(18:1_20:1_22:1),CTL,individual,2:9554956,2,9554956,2.661386e-09,SORBI_3002G091700,0.975344
TG(18:1_20:1_22:1),CTL,individual,2:9554956,2,9554956,2.661386e-09,SORBI_3002G091700,0.975341
TG(18:1_20:1_22:1),CTL,individual,2:9554956,2,9554956,2.661386e-09,SORBI_3002G091700,0.963442
TG(18:1_20:1_22:1),CTL,individual,2:9554956,2,9554956,2.661386e-09,SORBI_3002G092050,0.963442
TG(18:1_20:1_22:1),CTL,individual,2:9554956,2,9554956,2.661386e-09,SORBI_3002G091700,0.962704
TG(18:1_20:1_22:1),CTL,individual,2:9554956,2,9554956,2.661386e-09,SORBI_3002G092300,0.938156
TG(18:1_20:1_22:1),CTL,individual,2:9554956,2,9554956,2.661386e-09,SORBI_3002G092300,0.938088
TG(18:1_20:1_22:1),CTL,individual,2:9554956,2,9554956,2.661386e-09,SORBI_3002G091400,0.762687
TG(18:1_20:1_22:1),CTL,individual,2:9554956,2,9554956,2.661386e-09,SORBI_3002G091400,0.746882
TG(18:1_20:1_22:1),CTL,individual,2:9554956,2,9554956,2.661386e-09,SORBI_3002G091400,0.731145
TG(18:1_20:1_22:1),CTL,individual,2:9554956,2,9554956,2.661386e-09,SORBI_3002G091600,0.719368
TG(18:1_20:1_22:1),CTL,individual,2:9554956,2,9554956,2.661386e-09,SORBI_3002G091600,0.699297
TG(18:1_20:1_22:1),CTL,individual,2:9554956,2,9554956,2.661386e-09,SORBI_3002G091300,0.693831
TG(18:1_20:1_22:1),CTL,individual,2:9554956,2,9554956,2.661386e-09,SORBI_3002G091200,0.637438
TG(18:1_20:1_22:1),CTL,individual,2:9554956,2,9554956,2.661386e-09,SORBI_3002G091200,0.537341
TG(18:1_20:1_22:1),CTL,individual,2:9554956,2,9554956,2.661386e-09,SORBI_3002G091500,0.484386
TG(18:1_20:1_22:1),CTL,individual,2:9554956,2,9554956,2.661386e-09,SORBI_3002G091700,0.409059
TG(18:1_20:1_22:1),CTL,individual,2:9592455,2,9592455,3.150234e-09,SORBI_3002G092300,0.935682
TG(18:1_20:1_22:1),CTL,individual,2:9592455,2,9592455,3.150234e-09,SORBI_3002G092300,0.935139
TG(18:1_20:1_22:1),CTL,individual,2:9592455,2,9592455,3.150234e-09,SORBI_3002G091700,0.888527
TG(18:1_20:1_22:1),CTL,individual,2:9592455,2,9592455,3.150234e-09,SORBI_3002G091900,0.888527
TG(18:1_20:1_22:1),CTL,individual,2:9592455,2,9592455,3.150234e-09,SORBI_3002G092050,0.888527
TG(18:1_20:1_22:1),CTL,individual,2:9592455,2,9592455,3.150234e-09,SORBI_3002G091700,0.886847
TG(18:1_20:1_22:1),CTL,individual,2:9592455,2,9592455,3.150234e-09,SORBI_3002G092050,0.884532
TG(18:1_20:1_22:1),CTL,individual,2:9592455,2,9592455,3.150234e-09,SORBI_3002G091700,0.877376
TG(18:1_20:1_22:1),CTL,individual,2:9592455,2,9592455,3.150234e-09,SORBI_3002G091700,0.874026
TG(18:1_20:1_22:1),CTL,individual,2:9592455,2,9592455,3.150234e-09,SORBI_3002G091700,0.87401
TG(18:1_20:1_22:1),CTL,individual,2:9592455,2,9592455,3.150234e-09,SORBI_3002G091700,0.859757
TG(18:1_20:1_22:1),CTL,individual,2:9592455,2,9592455,3.150234e-09,SORBI_3002G091400,0.702277
TG(18:1_20:1_22:1),CTL,individual,2:9592455,2,9592455,3.150234e-09,SORBI_3002G091400,0.685317
TG(18:1_20:1_22:1),CTL,individual,2:9592455,2,9592455,3.150234e-09,SORBI_3002G091400,0.668403
TG(18:1_20:1_22:1),CTL,individual,2:9592455,2,9592455,3.150234e-09,SORBI_3002G091600,0.646448
TG(18:1_20:1_22:1),CTL,individual,2:9592455,2,9592455,3.150234e-09,SORBI_3002G091300,0.636537
TG(18:1_20:1_22:1),CTL,individual,2:9592455,2,9592455,3.150234e-09,SORBI_3002G091200,0.632439
TG(18:1_20:1_22:1),CTL,individual,2:9592455,2,9592455,3.150234e-09,SORBI_3002G091600,0.628361
TG(18:1_20:1_22:1),CTL,individual,2:9592455,2,9592455,3.150234e-09,SORBI_3002G091200,0.52788
TG(18:1_20:1_22:1),CTL,individual,2:9592455,2,9592455,3.150234e-09,SORBI_3002G091500,0.48575
TG(18:1_20:1_22:1),CTL,individual,10:53724911,10,53724911,4.11293e-09,SORBI_3010G194700,0.895003
TG(18:1_20:1_22:1),CTL,individual,10:53724911,10,53724911,4.11293e-09,SORBI_3010G194700,0.887951
TG(18:1_20:1_22:1),CTL,individual,10:53724911,10,53724911,4.11293e-09,SORBI_3010G194700,0.761901
TG(18:1_20:1_22:1),CTL,individual,10:53724911,10,53724911,4.11293e-09,SORBI_3010G194700,0.755203
TG(18:1_20:1_22:1),CTL,individual,10:53724911,10,53724911,4.11293e-09,SORBI_3010G194700,0.750975
TG(18:1_20:1_22:1),CTL,individual,10:53724911,10,53724911,4.11293e-09,SORBI_3010G194700,0.657232
TG(18:1_20:1_22:1),CTL,individual,10:53724911,10,53724911,4.11293e-09,SORBI_3010G194600,0.65718
TG(18:1_20:1_22:1),CTL,individual,10:53724911,10,53724911,4.11293e-09,SORBI_3010G194600,0.641949
TG(18:1_20:1_22:1),CTL,individual,10:53724911,10,53724911,4.11293e-09,SORBI_3010G194900,0.619884
TG(18:1_20:1_22:1),CTL,individual,10:53724911,10,53724911,4.11293e-09,SORBI_3010G195000,0.619884
TG(18:1_20:1_22:1),CTL,individual,10:53724911,10,53724911,4.11293e-09,SORBI_3010G195000,0.609333
TG(18:1_20:1_22:1),CTL,individual,10:53724911,10,53724911,4.11293e-09,SORBI_3010G194500,0.606216
TG(18:1_20:1_22:1),CTL,individual,10:53724911,10,53724911,4.11293e-09,SORBI_3010G194001,0.57592
TG(18:1_20:1_22:1),CTL,individual,10:53724911,10,53724911,4.11293e-09,SORBI_3010G194700,0.572707
TG(18:1_20:1_22:1),CTL,individual,10:53724911,10,53724911,4.11293e-09,SORBI_3010G194700,0.567992
TG(18:1_20:1_22:1),CTL,individual,10:53724911,10,53724911,4.11293e-09,SORBI_3010G193300,0.514043
TG(18:1_20:1_22:1),CTL,individual,10:53724911,10,53724911,4.11293e-09,SORBI_3010G195200,0.512874
TG(18:1_20:1_22:1),CTL,individual,10:53724911,10,53724911,4.11293e-09,SORBI_3010G193300,0.50601
TG(18:1_20:1_22:1),CTL,individual,10:53724911,10,53724911,4.11293e-09,SORBI_3010G194700,0.474705
TG(18:1_20:1_22:1),CTL,individual,10:53724911,10,53724911,4.11293e-09,SORBI_3010G192600,0.469853
TG(18:1_20:1_22:1),CTL,individual,10:53724911,10,53724911,4.11293e-09,SORBI_3010G192600,0.46213
TG(18:1_20:1_22:1),CTL,individual,10:53724911,10,53724911,4.11293e-09,SORBI_3010G194500,0.455966
TG(18:1_20:1_22:1),CTL,individual,10:53724911,10,53724911,4.11293e-09,SORBI_3010G192600,0.449638
TG(18:1_20:1_22:1),CTL,individual,10:53724911,10,53724911,4.11293e-09,SORBI_3010G194500,0.439989
TG(18:1_20:1_22:1),CTL,individual,10:53724911,10,53724911,4.11293e-09,SORBI_3010G194500,0.419552
TG(18:1_20:1_22:1),CTL,individual,10:53724911,10,53724911,4.11293e-09,SORBI_3010G194500,0.400366
TG(18:1_20:1_22:1),CTL,individual,2:9566186,2,9566186,4.526456e-09,SORBI_3002G091700,0.975547
TG(18:1_20:1_22:1),CTL,individual,2:9566186,2,9566186,4.526456e-09,SORBI_3002G091900,0.975547
TG(18:1_20:1_22:1),CTL,individual,2:9566186,2,9566186,4.526456e-09,SORBI_3002G092050,0.975547
TG(18:1_20:1_22:1),CTL,individual,2:9566186,2,9566186,4.526456e-09,SORBI_3002G091700,0.97446
TG(18:1_20:1_22:1),CTL,individual,2:9566186,2,9566186,4.526456e-09,SORBI_3002G092050,0.973156
TG(18:1_20:1_22:1),CTL,individual,2:9566186,2,9566186,4.526456e-09,SORBI_3002G091700,0.963442
TG(18:1_20:1_22:1),CTL,individual,2:9566186,2,9566186,4.526456e-09,SORBI_3002G091700,0.960971
TG(18:1_20:1_22:1),CTL,individual,2:9566186,2,9566186,4.526456e-09,SORBI_3002G091700,0.960965
TG(18:1_20:1_22:1),CTL,individual,2:9566186,2,9566186,4.526456e-09,SORBI_3002G091700,0.946676
TG(18:1_20:1_22:1),CTL,individual,2:9566186,2,9566186,4.526456e-09,SORBI_3002G092300,0.921764
TG(18:1_20:1_22:1),CTL,individual,2:9566186,2,9566186,4.526456e-09,SORBI_3002G092300,0.920562
TG(18:1_20:1_22:1),CTL,individual,2:9566186,2,9566186,4.526456e-09,SORBI_3002G091400,0.77279
TG(18:1_20:1_22:1),CTL,individual,2:9566186,2,9566186,4.526456e-09,SORBI_3002G091400,0.755259
TG(18:1_20:1_22:1),CTL,individual,2:9566186,2,9566186,4.526456e-09,SORBI_3002G091400,0.737785
TG(18:1_20:1_22:1),CTL,individual,2:9566186,2,9566186,4.526456e-09,SORBI_3002G091600,0.711318
TG(18:1_20:1_22:1),CTL,individual,2:9566186,2,9566186,4.526456e-09,SORBI_3002G091300,0.701832
TG(18:1_20:1_22:1),CTL,individual,2:9566186,2,9566186,4.526456e-09,SORBI_3002G091600,0.691519
TG(18:1_20:1_22:1),CTL,individual,2:9566186,2,9566186,4.526456e-09,SORBI_3002G091200,0.618984
TG(18:1_20:1_22:1),CTL,individual,2:9566186,2,9566186,4.526456e-09,SORBI_3002G091200,0.511209
TG(18:1_20:1_22:1),CTL,individual,2:9566186,2,9566186,4.526456e-09,SORBI_3002G091500,0.479822
TG(18:1_20:1_22:1),CTL,individual,2:9566186,2,9566186,4.526456e-09,SORBI_3002G091700,0.403388
TG(18:1_20:1_22:1),CTL,individual,10:53732316,10,53732316,5.832184e-09,SORBI_3010G194700,0.722891
TG(18:1_20:1_22:1),CTL,individual,10:53732316,10,53732316,5.832184e-09,SORBI_3010G194700,0.717093
TG(18:1_20:1_22:1),CTL,individual,10:53732316,10,53732316,5.832184e-09,SORBI_3010G194700,0.587349
TG(18:1_20:1_22:1),CTL,individual,10:53732316,10,53732316,5.832184e-09,SORBI_3010G194600,0.587288
TG(18:1_20:1_22:1),CTL,individual,10:53732316,10,53732316,5.832184e-09,SORBI_3010G194700,0.575281
TG(18:1_20:1_22:1),CTL,individual,10:53732316,10,53732316,5.832184e-09,SORBI_3010G194700,0.574009
TG(18:1_20:1_22:1),CTL,individual,10:53732316,10,53732316,5.832184e-09,SORBI_3010G194700,0.555573
TG(18:1_20:1_22:1),CTL,individual,10:53732316,10,53732316,5.832184e-09,SORBI_3010G195000,0.54357
TG(18:1_20:1_22:1),CTL,individual,10:53732316,10,53732316,5.832184e-09,SORBI_3010G194600,0.542575
TG(18:1_20:1_22:1),CTL,individual,10:53732316,10,53732316,5.832184e-09,SORBI_3010G194900,0.540529
TG(18:1_20:1_22:1),CTL,individual,10:53732316,10,53732316,5.832184e-09,SORBI_3010G195000,0.540529
TG(18:1_20:1_22:1),CTL,individual,10:53732316,10,53732316,5.832184e-09,SORBI_3010G194001,0.51372
TG(18:1_20:1_22:1),CTL,individual,10:53732316,10,53732316,5.832184e-09,SORBI_3010G193300,0.494281
TG(18:1_20:1_22:1),CTL,individual,10:53732316,10,53732316,5.832184e-09,SORBI_3010G193300,0.486653
TG(18:1_20:1_22:1),CTL,individual,10:53732316,10,53732316,5.832184e-09,SORBI_3010G194700,0.484049
TG(18:1_20:1_22:1),CTL,individual,10:53732316,10,53732316,5.832184e-09,SORBI_3010G194500,0.482507
TG(18:1_20:1_22:1),CTL,individual,10:53732316,10,53732316,5.832184e-09,SORBI_3010G192600,0.478008
TG(18:1_20:1_22:1),CTL,individual,10:53732316,10,53732316,5.832184e-09,SORBI_3010G195200,0.465738
TG(18:1_20:1_22:1),CTL,individual,10:53732316,10,53732316,5.832184e-09,SORBI_3010G192600,0.457604
TG(18:1_20:1_22:1),CTL,individual,10:53732316,10,53732316,5.832184e-09,SORBI_3010G194700,0.456803
TG(18:1_20:1_22:1),CTL,individual,10:53732316,10,53732316,5.832184e-09,SORBI_3010G194700,0.450277
TG(18:1_20:1_22:1),CTL,individual,10:53732316,10,53732316,5.832184e-09,SORBI_3010G194500,0.414173
TG(18:1_20:1_22:1),CTL,individual,2:9573983,2,9573983,6.50051e-09,SORBI_3002G091700,0.757905
TG(18:1_20:1_22:1),CTL,individual,2:9573983,2,9573983,6.50051e-09,SORBI_3002G091900,0.757905
TG(18:1_20:1_22:1),CTL,individual,2:9573983,2,9573983,6.50051e-09,SORBI_3002G092050,0.757905
TG(18:1_20:1_22:1),CTL,individual,2:9573983,2,9573983,6.50051e-09,SORBI_3002G091700,0.748505
TG(18:1_20:1_22:1),CTL,individual,2:9573983,2,9573983,6.50051e-09,SORBI_3002G091700,0.74847
TG(18:1_20:1_22:1),CTL,individual,2:9573983,2,9573983,6.50051e-09,SORBI_3002G091700,0.74784
TG(18:1_20:1_22:1),CTL,individual,2:9573983,2,9573983,6.50051e-09,SORBI_3002G091700,0.73937
TG(18:1_20:1_22:1),CTL,individual,2:9573983,2,9573983,6.50051e-09,SORBI_3002G092050,0.73937
TG(18:1_20:1_22:1),CTL,individual,2:9573983,2,9573983,6.50051e-09,SORBI_3002G091700,0.738153
TG(18:1_20:1_22:1),CTL,individual,2:9573983,2,9573983,6.50051e-09,SORBI_3002G092300,0.71991
TG(18:1_20:1_22:1),CTL,individual,2:9573983,2,9573983,6.50051e-09,SORBI_3002G092300,0.700198
TG(18:1_20:1_22:1),CTL,individual,2:9573983,2,9573983,6.50051e-09,SORBI_3002G091500,0.661725
TG(18:1_20:1_22:1),CTL,individual,2:9573983,2,9573983,6.50051e-09,SORBI_3002G091400,0.579851
TG(18:1_20:1_22:1),CTL,individual,2:9573983,2,9573983,6.50051e-09,SORBI_3002G091400,0.567697
TG(18:1_20:1_22:1),CTL,individual,2:9573983,2,9573983,6.50051e-09,SORBI_3002G091700,0.556787
TG(18:1_20:1_22:1),CTL,individual,2:9573983,2,9573983,6.50051e-09,SORBI_3002G091400,0.555595
TG(18:1_20:1_22:1),CTL,individual,2:9573983,2,9573983,6.50051e-09,SORBI_3002G091600,0.545184
TG(18:1_20:1_22:1),CTL,individual,2:9573983,2,9573983,6.50051e-09,SORBI_3002G091600,0.529517
TG(18:1_20:1_22:1),CTL,individual,2:9573983,2,9573983,6.50051e-09,SORBI_3002G091300,0.525961
TG(18:1_20:1_22:1),CTL,individual,2:9573983,2,9573983,6.50051e-09,SORBI_3002G091200,0.483972
TG(18:1_20:1_22:1),CTL,individual,2:9573983,2,9573983,6.50051e-09,SORBI_3002G091200,0.407716
TG(18:1_20:1_22:1),CTL,individual,7:56918274,7,56918274,7.347585e-09,SORBI_3007G140050,0.710655
TG(18:1_20:1_22:1),CTL,individual,10:41642990,10,41642990,8.044348e-09,SORBI_3010G146400,0.890757
TG(18:1_20:1_22:1),CTL,individual,10:41642990,10,41642990,8.044348e-09,SORBI_3010G146350,0.889101
TG(18:1_20:1_22:1),CTL,individual,10:41642990,10,41642990,8.044348e-09,SORBI_3010G146350,0.885921
TG(18:1_20:1_22:1),CTL,individual,10:41642990,10,41642990,8.044348e-09,SORBI_3010G146350,0.860635
TG(18:1_20:1_22:1),CTL,individual,10:41642990,10,41642990,8.044348e-09,SORBI_3010G146350,0.85953
TG(18:1_20:1_22:1),CTL,individual,10:41642990,10,41642990,8.044348e-09,SORBI_3010G146350,0.737386
TG(18:1_20:1_22:1),CTL,individual,10:41642990,10,41642990,8.044348e-09,SORBI_3010G146200,0.735839
TG(18:1_20:1_22:1),CTL,individual,10:41642990,10,41642990,8.044348e-09,SORBI_3010G146350,0.735714
TG(18:1_20:1_22:1),CTL,individual,10:41642990,10,41642990,8.044348e-09,SORBI_3010G146350,0.730271
TG(18:1_20:1_22:1),CTL,individual,10:41642990,10,41642990,8.044348e-09,SORBI_3010G146350,0.723565
TG(18:1_20:1_22:1),CTL,individual,10:41642990,10,41642990,8.044348e-09,SORBI_3010G146500,0.710425
TG(18:1_20:1_22:1),CTL,individual,10:41642990,10,41642990,8.044348e-09,SORBI_3010G146100,0.681965
TG(18:1_20:1_22:1),CTL,individual,10:41642990,10,41642990,8.044348e-09,SORBI_3010G146350,0.666713
TG(18:1_20:1_22:1),CTL,individual,10:41642990,10,41642990,8.044348e-09,SORBI_3010G146350,0.589999
