"Phenotype","PhenotypeClean","N_SNPs","Min_P","Lambda","N_GenomeWide","N_Suggestive"
"TG(16:0_16:0_20:1)_mod_sub_Final_control_all_lipids_BLUPs.part22_SAP_bialleles_MAF_0.05_2.assoc.txt","TG_16_0_16_0_20_1_mod_sub_Final_control_all_lipids_BLUPs_part22_SAP_bialleles_MAF_0_05_2_assoc_txt",6106358,1.264418e-19,0.522433121192612,859,7691
"TG(16:0_18:1_18:1)_mod_sub_Final_control_all_lipids_BLUPs.part24_SAP_bialleles_MAF_0.05_2.assoc.txt","TG_16_0_18_1_18_1_mod_sub_Final_control_all_lipids_BLUPs_part24_SAP_bialleles_MAF_0_05_2_assoc_txt",6106358,1.376945e-19,0.536038364724182,949,7567
"TG(16:0_18:1_20:0)_mod_sub_Final_control_all_lipids_BLUPs.part2_SAP_bialleles_MAF_0.05_2.assoc.txt","TG_16_0_18_1_20_0_mod_sub_Final_control_all_lipids_BLUPs_part2_SAP_bialleles_MAF_0_05_2_assoc_txt",6106358,3.115343e-18,0.655147486539099,821,6185
"TG(18:0_18:2_18:2)_mod_sub_Final_control_all_lipids_BLUPs.part14_SAP_bialleles_MAF_0.05_2.assoc.txt","TG_18_0_18_2_18_2_mod_sub_Final_control_all_lipids_BLUPs_part14_SAP_bialleles_MAF_0_05_2_assoc_txt",6106358,4.135084e-18,0.568694843722888,607,6855
"TG(16:1_18:1_18:1)_mod_sub_Final_control_all_lipids_BLUPs.part10_SAP_bialleles_MAF_0.05_2.assoc.txt","TG_16_1_18_1_18_1_mod_sub_Final_control_all_lipids_BLUPs_part10_SAP_bialleles_MAF_0_05_2_assoc_txt",6106358,6.802645e-18,0.586670015638143,525,5378
"TG(16:0_18:1_20:1)_mod_sub_Final_control_all_lipids_BLUPs.part3_SAP_bialleles_MAF_0.05_2.assoc.txt","TG_16_0_18_1_20_1_mod_sub_Final_control_all_lipids_BLUPs_part3_SAP_bialleles_MAF_0_05_2_assoc_txt",6106358,2.124376e-17,0.59307598902397,571,6429
"TG(16:0_18:0_18:2)_mod_sub_Final_control_all_lipids_BLUPs.part23_SAP_bialleles_MAF_0.05_2.assoc.txt","TG_16_0_18_0_18_2_mod_sub_Final_control_all_lipids_BLUPs_part23_SAP_bialleles_MAF_0_05_2_assoc_txt",6106358,8.569078e-17,0.607517680113821,547,5635
"TG(16:0_16:0_18:1)_mod_sub_Final_control_all_lipids_BLUPs.part20_SAP_bialleles_MAF_0.05_2.assoc.txt","TG_16_0_16_0_18_1_mod_sub_Final_control_all_lipids_BLUPs_part20_SAP_bialleles_MAF_0_05_2_assoc_txt",6106358,1.551627e-16,0.646096266900198,439,4342
"TG(16:0_18:1_18:2)_mod_sub_Final_control_all_lipids_BLUPs.part25_SAP_bialleles_MAF_0.05_2.assoc.txt","TG_16_0_18_1_18_2_mod_sub_Final_control_all_lipids_BLUPs_part25_SAP_bialleles_MAF_0_05_2_assoc_txt",6106358,2.200127e-16,0.720458142454455,655,7653
"TG(16:0_18:1_20:2)_mod_sub_Final_control_all_lipids_BLUPs.part4_SAP_bialleles_MAF_0.05_2.assoc.txt","TG_16_0_18_1_20_2_mod_sub_Final_control_all_lipids_BLUPs_part4_SAP_bialleles_MAF_0_05_2_assoc_txt",6106358,2.303187e-14,0.751910544952683,386,3397
"TG(18:1_18:2_18:2)_mod_sub_Final_control_all_lipids_BLUPs.part18_SAP_bialleles_MAF_0.05_2.assoc.txt","TG_18_1_18_2_18_2_mod_sub_Final_control_all_lipids_BLUPs_part18_SAP_bialleles_MAF_0_05_2_assoc_txt",6106358,4.478893e-14,0.956939188796944,384,5237
"gibberellic acid_mod_sub_Final_control_all_lipids_BLUPs.part24_SAP_bialleles_MAF_0.05_2.assoc.txt","gibberellic_acid_mod_sub_Final_control_all_lipids_BLUPs_part24_SAP_bialleles_MAF_0_05_2_assoc_txt",6106358,9.610667e-14,0.928040760845297,139,1106
"TG(12:0_12:0_16:1)_mod_sub_Final_control_all_lipids_BLUPs.part21_SAP_bialleles_MAF_0.05_2.assoc.txt","TG_12_0_12_0_16_1_mod_sub_Final_control_all_lipids_BLUPs_part21_SAP_bialleles_MAF_0_05_2_assoc_txt",6106358,2.148128e-13,1.01180385068849,57,599
"TG(12:0_14:0_18:3)_mod_sub_Final_control_all_lipids_BLUPs.part1_SAP_bialleles_MAF_0.05_2.assoc.txt","TG_12_0_14_0_18_3_mod_sub_Final_control_all_lipids_BLUPs_part1_SAP_bialleles_MAF_0_05_2_assoc_txt",6106358,2.540662e-13,1.18799017327803,205,2447
"PC(22:1_22:1)_mod_sub_Final_control_all_lipids_BLUPs.part3_SAP_bialleles_MAF_0.05_2.assoc.txt","PC_22_1_22_1_mod_sub_Final_control_all_lipids_BLUPs_part3_SAP_bialleles_MAF_0_05_2_assoc_txt",6106358,4.189005e-13,1.02770506679134,54,1499
"TG(10:0_16:1_18:1)_mod_sub_Final_control_all_lipids_BLUPs.part18_SAP_bialleles_MAF_0.05_2.assoc.txt","TG_10_0_16_1_18_1_mod_sub_Final_control_all_lipids_BLUPs_part18_SAP_bialleles_MAF_0_05_2_assoc_txt",6106358,8.676143e-13,1.09533405699493,102,1776
"TG(10:0_10:0_10:0)_mod_sub_Final_control_all_lipids_BLUPs.part13_SAP_bialleles_MAF_0.05_2.assoc.txt","TG_10_0_10_0_10_0_mod_sub_Final_control_all_lipids_BLUPs_part13_SAP_bialleles_MAF_0_05_2_assoc_txt",6106358,2.509358e-12,1.21009319469447,167,2070
"TG(18:3_18:3_18:3)_mod_sub_Final_control_all_lipids_BLUPs.part7_SAP_bialleles_MAF_0.05_2.assoc.txt","TG_18_3_18_3_18_3_mod_sub_Final_control_all_lipids_BLUPs_part7_SAP_bialleles_MAF_0_05_2_assoc_txt",6106358,2.510115e-12,1.05596608818241,31,897
"TG(8:0_16:1_18:1)_mod_sub_Final_control_all_lipids_BLUPs.part8_SAP_bialleles_MAF_0.05_2.assoc.txt","TG_8_0_16_1_18_1_mod_sub_Final_control_all_lipids_BLUPs_part8_SAP_bialleles_MAF_0_05_2_assoc_txt",6106358,3.416925e-12,0.945220157634171,20,515
"TG(12:0_12:0_18:2)_mod_sub_Final_control_all_lipids_BLUPs.part23_SAP_bialleles_MAF_0.05_2.assoc.txt","TG_12_0_12_0_18_2_mod_sub_Final_control_all_lipids_BLUPs_part23_SAP_bialleles_MAF_0_05_2_assoc_txt",6106358,3.416932e-12,0.945220381623671,20,515
"TG(18:2_22:0_22:3)_mod_sub_Final_control_all_lipids_BLUPs.part6_SAP_bialleles_MAF_0.05_2.assoc.txt","TG_18_2_22_0_22_3_mod_sub_Final_control_all_lipids_BLUPs_part6_SAP_bialleles_MAF_0_05_2_assoc_txt",6106358,3.496251e-12,0.914979327267235,99,874
"Oxo fatty acid (18:3)_mod_sub_Final_control_all_lipids_BLUPs.part13_SAP_bialleles_MAF_0.05_2.assoc.txt","Oxo_fatty_acid_18_3_mod_sub_Final_control_all_lipids_BLUPs_part13_SAP_bialleles_MAF_0_05_2_assoc_txt",6106358,4.244709e-12,0.947099195780928,227,4511
"TG(16:0_18:1_22:1)_mod_sub_Final_control_all_lipids_BLUPs.part6_SAP_bialleles_MAF_0.05_2.assoc.txt","TG_16_0_18_1_22_1_mod_sub_Final_control_all_lipids_BLUPs_part6_SAP_bialleles_MAF_0_05_2_assoc_txt",6106358,4.428764e-12,0.734208716801568,17,406
"TG(18:2_18:2_18:4)_mod_sub_Final_control_all_lipids_BLUPs.part24_SAP_bialleles_MAF_0.05_2.assoc.txt","TG_18_2_18_2_18_4_mod_sub_Final_control_all_lipids_BLUPs_part24_SAP_bialleles_MAF_0_05_2_assoc_txt",6106358,6.626427e-12,0.997803350176951,25,778
"9,12,13,TriHODE_mod_sub_Final_control_all_lipids_BLUPs.part11_SAP_bialleles_MAF_0.05_2.assoc.txt","9_12_13_TriHODE_mod_sub_Final_control_all_lipids_BLUPs_part11_SAP_bialleles_MAF_0_05_2_assoc_txt",6106358,1.055351e-11,0.982075944228334,174,3212
"MG(20:4)_mod_sub_Final_control_all_lipids_BLUPs.part20_SAP_bialleles_MAF_0.05_2.assoc.txt","MG_20_4_mod_sub_Final_control_all_lipids_BLUPs_part20_SAP_bialleles_MAF_0_05_2_assoc_txt",6106358,1.362591e-11,1.029562318111,17,291
"PC(14:0_14:0)_mod_sub_Final_control_all_lipids_BLUPs.part15_SAP_bialleles_MAF_0.05_2.assoc.txt","PC_14_0_14_0_mod_sub_Final_control_all_lipids_BLUPs_part15_SAP_bialleles_MAF_0_05_2_assoc_txt",6106358,1.502745e-11,1.14264579519416,74,276
"TG(18:1_20:0_22:1)_mod_sub_Final_control_all_lipids_BLUPs.part21_SAP_bialleles_MAF_0.05_2.assoc.txt","TG_18_1_20_0_22_1_mod_sub_Final_control_all_lipids_BLUPs_part21_SAP_bialleles_MAF_0_05_2_assoc_txt",6106358,2.618204e-11,0.847243095002319,26,537
"PA(16:0_18:2)_mod_sub_Final_control_all_lipids_BLUPs.part14_SAP_bialleles_MAF_0.05_2.assoc.txt","PA_16_0_18_2_mod_sub_Final_control_all_lipids_BLUPs_part14_SAP_bialleles_MAF_0_05_2_assoc_txt",6106358,2.813435e-11,0.996008829057953,193,2965
"trans-EKODE-(E)-Ib_mod_sub_Final_control_all_lipids_BLUPs.part14_SAP_bialleles_MAF_0.05_2.assoc.txt","trans-EKODE-_E_-Ib_mod_sub_Final_control_all_lipids_BLUPs_part14_SAP_bialleles_MAF_0_05_2_assoc_txt",6106358,4.237993e-11,1.12908874554349,238,4146
"TG(16:0_16:0_18:2)_mod_sub_Final_control_all_lipids_BLUPs.part21_SAP_bialleles_MAF_0.05_2.assoc.txt","TG_16_0_16_0_18_2_mod_sub_Final_control_all_lipids_BLUPs_part21_SAP_bialleles_MAF_0_05_2_assoc_txt",6106358,6.128868e-11,0.937019905088695,87,4370
"TG(12:0_18:1_18:2)_mod_sub_Final_control_all_lipids_BLUPs.part7_SAP_bialleles_MAF_0.05_2.assoc.txt","TG_12_0_18_1_18_2_mod_sub_Final_control_all_lipids_BLUPs_part7_SAP_bialleles_MAF_0_05_2_assoc_txt",6106358,8.700391e-11,1.21075550900881,77,1228
"TG(18:1_20:1_22:1)_mod_sub_Final_control_all_lipids_BLUPs.part22_SAP_bialleles_MAF_0.05_2.assoc.txt","TG_18_1_20_1_22_1_mod_sub_Final_control_all_lipids_BLUPs_part22_SAP_bialleles_MAF_0_05_2_assoc_txt",6106358,9.831385e-11,0.825307993738439,96,600
"TG(12:0_18:1_18:1)_mod_sub_Final_control_all_lipids_BLUPs.part6_SAP_bialleles_MAF_0.05_2.assoc.txt","TG_12_0_18_1_18_1_mod_sub_Final_control_all_lipids_BLUPs_part6_SAP_bialleles_MAF_0_05_2_assoc_txt",6106358,1.171955e-10,0.984644589926264,15,297
"gamma-sitosterol_mod_sub_Final_control_all_lipids_BLUPs.part13_SAP_bialleles_MAF_0.05_2.assoc.txt","gamma-sitosterol_mod_sub_Final_control_all_lipids_BLUPs_part13_SAP_bialleles_MAF_0_05_2_assoc_txt",6106358,1.384693e-10,0.958855932113362,5,167
"PC(16:1_16:1)_mod_sub_Final_control_all_lipids_BLUPs.part7_SAP_bialleles_MAF_0.05_2.assoc.txt","PC_16_1_16_1_mod_sub_Final_control_all_lipids_BLUPs_part7_SAP_bialleles_MAF_0_05_2_assoc_txt",6106358,2.013734e-10,0.912718883366268,191,4648
"SPHINGANINE_mod_sub_Final_control_all_lipids_BLUPs.part11_SAP_bialleles_MAF_0.05_2.assoc.txt","SPHINGANINE_mod_sub_Final_control_all_lipids_BLUPs_part11_SAP_bialleles_MAF_0_05_2_assoc_txt",6106358,2.040889e-10,1.12784969926072,13,325
"SPB 18:0_mod_sub_Final_control_all_lipids_BLUPs.part10_SAP_bialleles_MAF_0.05_2.assoc.txt","SPB_18_0_mod_sub_Final_control_all_lipids_BLUPs_part10_SAP_bialleles_MAF_0_05_2_assoc_txt",6106358,2.04089e-10,1.12784867905379,13,325
"TG(18:2_20:3_21:0)_mod_sub_Final_control_all_lipids_BLUPs.part4_SAP_bialleles_MAF_0.05_2.assoc.txt","TG_18_2_20_3_21_0_mod_sub_Final_control_all_lipids_BLUPs_part4_SAP_bialleles_MAF_0_05_2_assoc_txt",6106358,2.054052e-10,0.880092110667466,30,915
"AEG(o-15:2_15:0)_mod_sub_Final_control_all_lipids_BLUPs.part1_SAP_bialleles_MAF_0.05_2.assoc.txt","AEG_o-15_2_15_0_mod_sub_Final_control_all_lipids_BLUPs_part1_SAP_bialleles_MAF_0_05_2_assoc_txt",6106358,3.164879e-10,0.864544216424898,17,379
"TG(16:0_18:3_18:3)_mod_sub_Final_control_all_lipids_BLUPs.part8_SAP_bialleles_MAF_0.05_2.assoc.txt","TG_16_0_18_3_18_3_mod_sub_Final_control_all_lipids_BLUPs_part8_SAP_bialleles_MAF_0_05_2_assoc_txt",6106358,4.041888e-10,1.13595783709365,10,396
"TG(12:0_16:0_18:2)_mod_sub_Final_control_all_lipids_BLUPs.part4_SAP_bialleles_MAF_0.05_2.assoc.txt","TG_12_0_16_0_18_2_mod_sub_Final_control_all_lipids_BLUPs_part4_SAP_bialleles_MAF_0_05_2_assoc_txt",6106358,4.2112e-10,1.10465764899451,40,495
"PC(18:1_22:1)_mod_sub_Final_control_all_lipids_BLUPs.part21_SAP_bialleles_MAF_0.05_2.assoc.txt","PC_18_1_22_1_mod_sub_Final_control_all_lipids_BLUPs_part21_SAP_bialleles_MAF_0_05_2_assoc_txt",6106358,5.215378e-10,0.828044336241675,3,124
"FA(22:1)_mod_sub_Final_control_all_lipids_BLUPs.part12_SAP_bialleles_MAF_0.05_2.assoc.txt","FA_22_1_mod_sub_Final_control_all_lipids_BLUPs_part12_SAP_bialleles_MAF_0_05_2_assoc_txt",6106358,5.457882e-10,1.10805552277725,5,433
"TG(14:0_18:2_18:3)_mod_sub_Final_control_all_lipids_BLUPs.part17_SAP_bialleles_MAF_0.05_2.assoc.txt","TG_14_0_18_2_18_3_mod_sub_Final_control_all_lipids_BLUPs_part17_SAP_bialleles_MAF_0_05_2_assoc_txt",6106358,6.61494e-10,0.816419393613303,7,88
"PC(18:2_0:0)_mod_sub_Final_control_all_lipids_BLUPs.part24_SAP_bialleles_MAF_0.05_2.assoc.txt","PC_18_2_0_0_mod_sub_Final_control_all_lipids_BLUPs_part24_SAP_bialleles_MAF_0_05_2_assoc_txt",6106358,7.169849e-10,0.90819657116765,34,467
"PC(14:0_18:3)_mod_sub_Final_control_all_lipids_BLUPs.part18_SAP_bialleles_MAF_0.05_2.assoc.txt","PC_14_0_18_3_mod_sub_Final_control_all_lipids_BLUPs_part18_SAP_bialleles_MAF_0_05_2_assoc_txt",6106358,7.31007e-10,0.781717925456368,23,473
"LPC(16:0)_mod_sub_Final_control_all_lipids_BLUPs.part11_SAP_bialleles_MAF_0.05_2.assoc.txt","LPC_16_0_mod_sub_Final_control_all_lipids_BLUPs_part11_SAP_bialleles_MAF_0_05_2_assoc_txt",6106358,7.592768e-10,1.05217175910475,4,36
"TG(12:0_12:0_18:1)_mod_sub_Final_control_all_lipids_BLUPs.part22_SAP_bialleles_MAF_0.05_2.assoc.txt","TG_12_0_12_0_18_1_mod_sub_Final_control_all_lipids_BLUPs_part22_SAP_bialleles_MAF_0_05_2_assoc_txt",6106358,9.241096e-10,0.959195425539398,13,247
"SQDG(16:0_18:2)_mod_sub_Final_control_all_lipids_BLUPs.part6_SAP_bialleles_MAF_0.05_2.assoc.txt","SQDG_16_0_18_2_mod_sub_Final_control_all_lipids_BLUPs_part6_SAP_bialleles_MAF_0_05_2_assoc_txt",6106358,9.955219e-10,1.08773053624315,12,517
"TG(12:0_18:1_18:3)_mod_sub_Final_control_all_lipids_BLUPs.part8_SAP_bialleles_MAF_0.05_2.assoc.txt","TG_12_0_18_1_18_3_mod_sub_Final_control_all_lipids_BLUPs_part8_SAP_bialleles_MAF_0_05_2_assoc_txt",6106358,1.149624e-09,0.842953736912856,8,137
"TG(18:2_18:3_20:3)_mod_sub_Final_control_all_lipids_BLUPs.part2_SAP_bialleles_MAF_0.05_2.assoc.txt","TG_18_2_18_3_20_3_mod_sub_Final_control_all_lipids_BLUPs_part2_SAP_bialleles_MAF_0_05_2_assoc_txt",6106358,1.278294e-09,0.983762784744083,4,207
"TG(12:0_16:0_18:1)_mod_sub_Final_control_all_lipids_BLUPs.part3_SAP_bialleles_MAF_0.05_2.assoc.txt","TG_12_0_16_0_18_1_mod_sub_Final_control_all_lipids_BLUPs_part3_SAP_bialleles_MAF_0_05_2_assoc_txt",6106358,1.558348e-09,0.947374001454153,13,397
"TG(10:0_12:0_14:0)_mod_sub_Final_control_all_lipids_BLUPs.part14_SAP_bialleles_MAF_0.05_2.assoc.txt","TG_10_0_12_0_14_0_mod_sub_Final_control_all_lipids_BLUPs_part14_SAP_bialleles_MAF_0_05_2_assoc_txt",6106358,1.682928e-09,0.847338912583201,2,120
"PE(18:1_18:2)_mod_sub_Final_control_all_lipids_BLUPs.part15_SAP_bialleles_MAF_0.05_2.assoc.txt","PE_18_1_18_2_mod_sub_Final_control_all_lipids_BLUPs_part15_SAP_bialleles_MAF_0_05_2_assoc_txt",6106358,1.779491e-09,0.936667576266382,3,108
"TG(18:1_18:3_22:0)_mod_sub_Final_control_all_lipids_BLUPs.part20_SAP_bialleles_MAF_0.05_2.assoc.txt","TG_18_1_18_3_22_0_mod_sub_Final_control_all_lipids_BLUPs_part20_SAP_bialleles_MAF_0_05_2_assoc_txt",6106358,1.814564e-09,0.893418385311213,10,836
"DG(16:0_18:0)_mod_sub_Final_control_all_lipids_BLUPs.part17_SAP_bialleles_MAF_0.05_2.assoc.txt","DG_16_0_18_0_mod_sub_Final_control_all_lipids_BLUPs_part17_SAP_bialleles_MAF_0_05_2_assoc_txt",6106358,1.962411e-09,1.07140856998354,21,257
"PG(18:0_16:0)_mod_sub_Final_control_all_lipids_BLUPs.part21_SAP_bialleles_MAF_0.05_2.assoc.txt","PG_18_0_16_0_mod_sub_Final_control_all_lipids_BLUPs_part21_SAP_bialleles_MAF_0_05_2_assoc_txt",6106358,2.089619e-09,0.941947919685046,5,91
"PC(18:1_20:4)_mod_sub_Final_control_all_lipids_BLUPs.part20_SAP_bialleles_MAF_0.05_2.assoc.txt","PC_18_1_20_4_mod_sub_Final_control_all_lipids_BLUPs_part20_SAP_bialleles_MAF_0_05_2_assoc_txt",6106358,2.324257e-09,0.649696929970268,1,10
"DGDG(16:0_18:2)_mod_sub_Final_control_all_lipids_BLUPs.part7_SAP_bialleles_MAF_0.05_2.assoc.txt","DGDG_16_0_18_2_mod_sub_Final_control_all_lipids_BLUPs_part7_SAP_bialleles_MAF_0_05_2_assoc_txt",6106358,2.664867e-09,0.836035811244864,8,141
"TG(12:0_12:0_14:0)_mod_sub_Final_control_all_lipids_BLUPs.part20_SAP_bialleles_MAF_0.05_2.assoc.txt","TG_12_0_12_0_14_0_mod_sub_Final_control_all_lipids_BLUPs_part20_SAP_bialleles_MAF_0_05_2_assoc_txt",6106358,2.854549e-09,0.863784975606002,4,85
"TG(10:0_12:0_16:0)_mod_sub_Final_control_all_lipids_BLUPs.part15_SAP_bialleles_MAF_0.05_2.assoc.txt","TG_10_0_12_0_16_0_mod_sub_Final_control_all_lipids_BLUPs_part15_SAP_bialleles_MAF_0_05_2_assoc_txt",6106358,2.854561e-09,0.863785395992599,4,85
"TG(18:2_20:3_22:0)_mod_sub_Final_control_all_lipids_BLUPs.part5_SAP_bialleles_MAF_0.05_2.assoc.txt","TG_18_2_20_3_22_0_mod_sub_Final_control_all_lipids_BLUPs_part5_SAP_bialleles_MAF_0_05_2_assoc_txt",6106358,3.217842e-09,0.892392012497135,6,200
"TG(18:0_18:2_20:1)_mod_sub_Final_control_all_lipids_BLUPs.part15_SAP_bialleles_MAF_0.05_2.assoc.txt","TG_18_0_18_2_20_1_mod_sub_Final_control_all_lipids_BLUPs_part15_SAP_bialleles_MAF_0_05_2_assoc_txt",6106358,3.334927e-09,0.896602591318147,20,431
"TG(18:1_20:3_22:0)_mod_sub_Final_control_all_lipids_BLUPs.part23_SAP_bialleles_MAF_0.05_2.assoc.txt","TG_18_1_20_3_22_0_mod_sub_Final_control_all_lipids_BLUPs_part23_SAP_bialleles_MAF_0_05_2_assoc_txt",6106358,3.344313e-09,0.92850068627758,10,318
"MG(16:1)_mod_sub_Final_control_all_lipids_BLUPs.part15_SAP_bialleles_MAF_0.05_2.assoc.txt","MG_16_1_mod_sub_Final_control_all_lipids_BLUPs_part15_SAP_bialleles_MAF_0_05_2_assoc_txt",6106358,3.418016e-09,0.95557905948115,4,39
"TG(14:0_18:1_18:3)_mod_sub_Final_control_all_lipids_BLUPs.part16_SAP_bialleles_MAF_0.05_2.assoc.txt","TG_14_0_18_1_18_3_mod_sub_Final_control_all_lipids_BLUPs_part16_SAP_bialleles_MAF_0_05_2_assoc_txt",6106358,3.619792e-09,0.842312220767934,3,175
"PC(14:0_18:2)_mod_sub_Final_control_all_lipids_BLUPs.part17_SAP_bialleles_MAF_0.05_2.assoc.txt","PC_14_0_18_2_mod_sub_Final_control_all_lipids_BLUPs_part17_SAP_bialleles_MAF_0_05_2_assoc_txt",6106358,4.812199e-09,0.97171976245645,42,2013
"PC(18:1_18:1)_mod_sub_Final_control_all_lipids_BLUPs.part17_SAP_bialleles_MAF_0.05_2.assoc.txt","PC_18_1_18_1_mod_sub_Final_control_all_lipids_BLUPs_part17_SAP_bialleles_MAF_0_05_2_assoc_txt",6106358,4.880471e-09,0.699503593853693,1,30
"Panaxcerol B_mod_sub_Final_control_all_lipids_BLUPs.part1_SAP_bialleles_MAF_0.05_2.assoc.txt","Panaxcerol_B_mod_sub_Final_control_all_lipids_BLUPs_part1_SAP_bialleles_MAF_0_05_2_assoc_txt",6106358,4.896015e-09,0.875194515721154,8,249
"DG(18:0_18:2)_mod_sub_Final_control_all_lipids_BLUPs.part10_SAP_bialleles_MAF_0.05_2.assoc.txt","DG_18_0_18_2_mod_sub_Final_control_all_lipids_BLUPs_part10_SAP_bialleles_MAF_0_05_2_assoc_txt",6106358,5.615897e-09,0.734584158455715,3,17
"PC(18:1_18:2)_mod_sub_Final_control_all_lipids_BLUPs.part18_SAP_bialleles_MAF_0.05_2.assoc.txt","PC_18_1_18_2_mod_sub_Final_control_all_lipids_BLUPs_part18_SAP_bialleles_MAF_0_05_2_assoc_txt",6106358,5.813503e-09,1.05980437385869,2,87
"Phytosphingosine_mod_sub_Final_control_all_lipids_BLUPs.part8_SAP_bialleles_MAF_0.05_2.assoc.txt","Phytosphingosine_mod_sub_Final_control_all_lipids_BLUPs_part8_SAP_bialleles_MAF_0_05_2_assoc_txt",6106358,5.93214e-09,0.821132946642889,3,92
"SQDG(16:1_18:3)_mod_sub_Final_control_all_lipids_BLUPs.part8_SAP_bialleles_MAF_0.05_2.assoc.txt","SQDG_16_1_18_3_mod_sub_Final_control_all_lipids_BLUPs_part8_SAP_bialleles_MAF_0_05_2_assoc_txt",6106358,6.126064e-09,0.784425182558556,1,8
"PE(18:0_18:2)_mod_sub_Final_control_all_lipids_BLUPs.part14_SAP_bialleles_MAF_0.05_2.assoc.txt","PE_18_0_18_2_mod_sub_Final_control_all_lipids_BLUPs_part14_SAP_bialleles_MAF_0_05_2_assoc_txt",6106358,6.207082e-09,0.802818380983692,1,83
"TG(14:0_14:0_16:0)_mod_sub_Final_control_all_lipids_BLUPs.part10_SAP_bialleles_MAF_0.05_2.assoc.txt","TG_14_0_14_0_16_0_mod_sub_Final_control_all_lipids_BLUPs_part10_SAP_bialleles_MAF_0_05_2_assoc_txt",6106358,7.897948e-09,0.892643849871168,1,45
"TG(12:0_16:0_16:0)_mod_sub_Final_control_all_lipids_BLUPs.part2_SAP_bialleles_MAF_0.05_2.assoc.txt","TG_12_0_16_0_16_0_mod_sub_Final_control_all_lipids_BLUPs_part2_SAP_bialleles_MAF_0_05_2_assoc_txt",6106358,7.89795e-09,0.892644280037516,1,45
"Cycloartenol acetate_mod_sub_Final_control_all_lipids_BLUPs.part23_SAP_bialleles_MAF_0.05_2.assoc.txt","Cycloartenol_acetate_mod_sub_Final_control_all_lipids_BLUPs_part23_SAP_bialleles_MAF_0_05_2_assoc_txt",6106358,7.90392e-09,1.14010146632964,6,43
"PC(18:0_18:2)_mod_sub_Final_control_all_lipids_BLUPs.part10_SAP_bialleles_MAF_0.05_2.assoc.txt","PC_18_0_18_2_mod_sub_Final_control_all_lipids_BLUPs_part10_SAP_bialleles_MAF_0_05_2_assoc_txt",6106358,8.093734e-09,0.698899725604648,1,30
"TG(14:0_14:0_16:1)_mod_sub_Final_control_all_lipids_BLUPs.part11_SAP_bialleles_MAF_0.05_2.assoc.txt","TG_14_0_14_0_16_1_mod_sub_Final_control_all_lipids_BLUPs_part11_SAP_bialleles_MAF_0_05_2_assoc_txt",6106358,8.168454e-09,0.940183517041012,8,252
"TG(12:0_14:0_18:1)_mod_sub_Final_control_all_lipids_BLUPs.part25_SAP_bialleles_MAF_0.05_2.assoc.txt","TG_12_0_14_0_18_1_mod_sub_Final_control_all_lipids_BLUPs_part25_SAP_bialleles_MAF_0_05_2_assoc_txt",6106358,8.168458e-09,0.940182847632914,8,252
"PC(14:0_22:5)_mod_sub_Final_control_all_lipids_BLUPs.part20_SAP_bialleles_MAF_0.05_2.assoc.txt","PC_14_0_22_5_mod_sub_Final_control_all_lipids_BLUPs_part20_SAP_bialleles_MAF_0_05_2_assoc_txt",6106358,9.405992e-09,0.974325816673656,5,175
"TG(18:0_18:0_20:1)_mod_sub_Final_control_all_lipids_BLUPs.part13_SAP_bialleles_MAF_0.05_2.assoc.txt","TG_18_0_18_0_20_1_mod_sub_Final_control_all_lipids_BLUPs_part13_SAP_bialleles_MAF_0_05_2_assoc_txt",6106358,9.688685e-09,0.836625295601766,9,163
"TG(18:2_20:2_22:2)_mod_sub_Final_control_all_lipids_BLUPs.part3_SAP_bialleles_MAF_0.05_2.assoc.txt","TG_18_2_20_2_22_2_mod_sub_Final_control_all_lipids_BLUPs_part3_SAP_bialleles_MAF_0_05_2_assoc_txt",6106358,1.108256e-08,0.851759016248533,2,107
"TG(14:0_16:0_18:1)_mod_sub_Final_control_all_lipids_BLUPs.part14_SAP_bialleles_MAF_0.05_2.assoc.txt","TG_14_0_16_0_18_1_mod_sub_Final_control_all_lipids_BLUPs_part14_SAP_bialleles_MAF_0_05_2_assoc_txt",6106358,1.118116e-08,0.928848612519662,2,37
"TG(14:0_18:3_18:3)_mod_sub_Final_control_all_lipids_BLUPs.part18_SAP_bialleles_MAF_0.05_2.assoc.txt","TG_14_0_18_3_18_3_mod_sub_Final_control_all_lipids_BLUPs_part18_SAP_bialleles_MAF_0_05_2_assoc_txt",6106358,1.135285e-08,0.820812719314112,2,33
"TG(18:2_18:2_22:1)_mod_sub_Final_control_all_lipids_BLUPs.part1_SAP_bialleles_MAF_0.05_2.assoc.txt","TG_18_2_18_2_22_1_mod_sub_Final_control_all_lipids_BLUPs_part1_SAP_bialleles_MAF_0_05_2_assoc_txt",6106358,1.188338e-08,0.834268052050929,5,273
"TG(14:0_16:0_16:0)_mod_sub_Final_control_all_lipids_BLUPs.part13_SAP_bialleles_MAF_0.05_2.assoc.txt","TG_14_0_16_0_16_0_mod_sub_Final_control_all_lipids_BLUPs_part13_SAP_bialleles_MAF_0_05_2_assoc_txt",6106358,1.303336e-08,0.857225850307668,3,48
"TG(18:0_18:2_22:0)_mod_sub_Final_control_all_lipids_BLUPs.part16_SAP_bialleles_MAF_0.05_2.assoc.txt","TG_18_0_18_2_22_0_mod_sub_Final_control_all_lipids_BLUPs_part16_SAP_bialleles_MAF_0_05_2_assoc_txt",6106358,1.307697e-08,0.867315776719929,1,54
"PC(16:0_16:0)_mod_sub_Final_control_all_lipids_BLUPs.part22_SAP_bialleles_MAF_0.05_2.assoc.txt","PC_16_0_16_0_mod_sub_Final_control_all_lipids_BLUPs_part22_SAP_bialleles_MAF_0_05_2_assoc_txt",6106358,1.328625e-08,1.08804801749682,1,125
"PC(18:1_20:1)_mod_sub_Final_control_all_lipids_BLUPs.part19_SAP_bialleles_MAF_0.05_2.assoc.txt","PC_18_1_20_1_mod_sub_Final_control_all_lipids_BLUPs_part19_SAP_bialleles_MAF_0_05_2_assoc_txt",6106358,1.508047e-08,0.774077200516884,2,25
"TG(16:0_18:2_18:3)_mod_sub_Final_control_all_lipids_BLUPs.part7_SAP_bialleles_MAF_0.05_2.assoc.txt","TG_16_0_18_2_18_3_mod_sub_Final_control_all_lipids_BLUPs_part7_SAP_bialleles_MAF_0_05_2_assoc_txt",6106358,1.608142e-08,0.963110804229441,3,371
"TG(16:1_16:1_22:5)_mod_sub_Final_control_all_lipids_BLUPs.part9_SAP_bialleles_MAF_0.05_2.assoc.txt","TG_16_1_16_1_22_5_mod_sub_Final_control_all_lipids_BLUPs_part9_SAP_bialleles_MAF_0_05_2_assoc_txt",6106358,1.658833e-08,1.11277530039048,5,235
"TG(18:1_18:2_18:3)_mod_sub_Final_control_all_lipids_BLUPs.part19_SAP_bialleles_MAF_0.05_2.assoc.txt","TG_18_1_18_2_18_3_mod_sub_Final_control_all_lipids_BLUPs_part19_SAP_bialleles_MAF_0_05_2_assoc_txt",6106358,1.702953e-08,0.889155056548635,3,115
"TG(10:0_16:0_16:0)_mod_sub_Final_control_all_lipids_BLUPs.part17_SAP_bialleles_MAF_0.05_2.assoc.txt","TG_10_0_16_0_16_0_mod_sub_Final_control_all_lipids_BLUPs_part17_SAP_bialleles_MAF_0_05_2_assoc_txt",6106358,1.885861e-08,0.898423558798606,2,65
"DGDG(16:0_18:1)_mod_sub_Final_control_all_lipids_BLUPs.part6_SAP_bialleles_MAF_0.05_2.assoc.txt","DGDG_16_0_18_1_mod_sub_Final_control_all_lipids_BLUPs_part6_SAP_bialleles_MAF_0_05_2_assoc_txt",6106358,1.929258e-08,0.875882844563965,4,83
"PE(12:0_12:0)_mod_sub_Final_control_all_lipids_BLUPs.part4_SAP_bialleles_MAF_0.05_2.assoc.txt","PE_12_0_12_0_mod_sub_Final_control_all_lipids_BLUPs_part4_SAP_bialleles_MAF_0_05_2_assoc_txt",6106358,2.120466e-08,1.11794996847013,1,59
"PC(16:0_22:5)_mod_sub_Final_control_all_lipids_BLUPs.part5_SAP_bialleles_MAF_0.05_2.assoc.txt","PC_16_0_22_5_mod_sub_Final_control_all_lipids_BLUPs_part5_SAP_bialleles_MAF_0_05_2_assoc_txt",6106358,2.449537e-08,0.785674646574587,1,28
"PE(18:0_18:1)_mod_sub_Final_control_all_lipids_BLUPs.part13_SAP_bialleles_MAF_0.05_2.assoc.txt","PE_18_0_18_1_mod_sub_Final_control_all_lipids_BLUPs_part13_SAP_bialleles_MAF_0_05_2_assoc_txt",6106358,2.511841e-08,1.07622284378804,3,81
"PC(22:0_0:0)_mod_sub_Final_control_all_lipids_BLUPs.part2_SAP_bialleles_MAF_0.05_2.assoc.txt","PC_22_0_0_0_mod_sub_Final_control_all_lipids_BLUPs_part2_SAP_bialleles_MAF_0_05_2_assoc_txt",6106358,2.575334e-08,1.14217912388891,1,111
"Antheraxanthin_mod_sub_Final_control_all_lipids_BLUPs.part20_SAP_bialleles_MAF_0.05_2.assoc.txt","Antheraxanthin_mod_sub_Final_control_all_lipids_BLUPs_part20_SAP_bialleles_MAF_0_05_2_assoc_txt",6106358,2.578213e-08,0.753125018664556,1,17
"PC(14:0_18:0)_mod_sub_Final_control_all_lipids_BLUPs.part16_SAP_bialleles_MAF_0.05_2.assoc.txt","PC_14_0_18_0_mod_sub_Final_control_all_lipids_BLUPs_part16_SAP_bialleles_MAF_0_05_2_assoc_txt",6106358,2.623102e-08,0.971497012175991,2,92
"TG(12:0_12:0_12:0)_mod_sub_Final_control_all_lipids_BLUPs.part19_SAP_bialleles_MAF_0.05_2.assoc.txt","TG_12_0_12_0_12_0_mod_sub_Final_control_all_lipids_BLUPs_part19_SAP_bialleles_MAF_0_05_2_assoc_txt",6106358,2.683467e-08,0.875992791541418,2,69
"TG(18:1_18:1_20:3)_mod_sub_Final_control_all_lipids_BLUPs.part17_SAP_bialleles_MAF_0.05_2.assoc.txt","TG_18_1_18_1_20_3_mod_sub_Final_control_all_lipids_BLUPs_part17_SAP_bialleles_MAF_0_05_2_assoc_txt",6106358,2.704934e-08,0.882748354138173,2,36
"TG(12:0_14:0_16:0)_mod_sub_Final_control_all_lipids_BLUPs.part24_SAP_bialleles_MAF_0.05_2.assoc.txt","TG_12_0_14_0_16_0_mod_sub_Final_control_all_lipids_BLUPs_part24_SAP_bialleles_MAF_0_05_2_assoc_txt",6106358,2.875596e-08,0.925073941213516,2,68
"TG(10:0_14:0_16:0)_mod_sub_Final_control_all_lipids_BLUPs.part16_SAP_bialleles_MAF_0.05_2.assoc.txt","TG_10_0_14_0_16_0_mod_sub_Final_control_all_lipids_BLUPs_part16_SAP_bialleles_MAF_0_05_2_assoc_txt",6106358,3.123281e-08,0.933192759863275,3,64
"PC(18:2_20:0)_mod_sub_Final_control_all_lipids_BLUPs.part25_SAP_bialleles_MAF_0.05_2.assoc.txt","PC_18_2_20_0_mod_sub_Final_control_all_lipids_BLUPs_part25_SAP_bialleles_MAF_0_05_2_assoc_txt",6106358,3.298824e-08,0.824420735751405,2,22
"DG(12:0_12:0)_mod_sub_Final_control_all_lipids_BLUPs.part15_SAP_bialleles_MAF_0.05_2.assoc.txt","DG_12_0_12_0_mod_sub_Final_control_all_lipids_BLUPs_part15_SAP_bialleles_MAF_0_05_2_assoc_txt",6106358,3.637174e-08,1.14360869794414,3,126
"SQDG(16:0_14:0)_mod_sub_Final_control_all_lipids_BLUPs.part2_SAP_bialleles_MAF_0.05_2.assoc.txt","SQDG_16_0_14_0_mod_sub_Final_control_all_lipids_BLUPs_part2_SAP_bialleles_MAF_0_05_2_assoc_txt",6106358,3.750208e-08,0.89767188392849,3,60
"TG(16:1_20:1_22:1)_mod_sub_Final_control_all_lipids_BLUPs.part12_SAP_bialleles_MAF_0.05_2.assoc.txt","TG_16_1_20_1_22_1_mod_sub_Final_control_all_lipids_BLUPs_part12_SAP_bialleles_MAF_0_05_2_assoc_txt",6106358,3.770437e-08,0.820075183565569,4,100
"MGDG(16:0_18:1)_mod_sub_Final_control_all_lipids_BLUPs.part21_SAP_bialleles_MAF_0.05_2.assoc.txt","MGDG_16_0_18_1_mod_sub_Final_control_all_lipids_BLUPs_part21_SAP_bialleles_MAF_0_05_2_assoc_txt",6106358,3.776006e-08,1.16315742334316,4,107
"DG(18:1_2:0)_mod_sub_Final_control_all_lipids_BLUPs.part2_SAP_bialleles_MAF_0.05_2.assoc.txt","DG_18_1_2_0_mod_sub_Final_control_all_lipids_BLUPs_part2_SAP_bialleles_MAF_0_05_2_assoc_txt",6106358,4.377688e-08,1.13447481282103,2,62
"TG(16:1_20:1_20:2)_mod_sub_Final_control_all_lipids_BLUPs.part11_SAP_bialleles_MAF_0.05_2.assoc.txt","TG_16_1_20_1_20_2_mod_sub_Final_control_all_lipids_BLUPs_part11_SAP_bialleles_MAF_0_05_2_assoc_txt",6106358,4.424825e-08,0.87380860981706,1,75
"MG(18:1)_mod_sub_Final_control_all_lipids_BLUPs.part17_SAP_bialleles_MAF_0.05_2.assoc.txt","MG_18_1_mod_sub_Final_control_all_lipids_BLUPs_part17_SAP_bialleles_MAF_0_05_2_assoc_txt",6106358,4.478654e-08,1.10627554374352,2,95
"DG(18:1_18:1)_mod_sub_Final_control_all_lipids_BLUPs.part24_SAP_bialleles_MAF_0.05_2.assoc.txt","DG_18_1_18_1_mod_sub_Final_control_all_lipids_BLUPs_part24_SAP_bialleles_MAF_0_05_2_assoc_txt",6106358,4.478693e-08,1.10627428692369,2,95
"MGDG(18:3_18:3)_mod_sub_Final_control_all_lipids_BLUPs.part25_SAP_bialleles_MAF_0.05_2.assoc.txt","MGDG_18_3_18_3_mod_sub_Final_control_all_lipids_BLUPs_part25_SAP_bialleles_MAF_0_05_2_assoc_txt",6106358,4.715687e-08,1.05568132672142,1,66
"PC(16:0_18:3)_mod_sub_Final_control_all_lipids_BLUPs.part1_SAP_bialleles_MAF_0.05_2.assoc.txt","PC_16_0_18_3_mod_sub_Final_control_all_lipids_BLUPs_part1_SAP_bialleles_MAF_0_05_2_assoc_txt",6106358,5.502161e-08,0.839237229401528,1,12
"PE(16:0_18:0)_mod_sub_Final_control_all_lipids_BLUPs.part7_SAP_bialleles_MAF_0.05_2.assoc.txt","PE_16_0_18_0_mod_sub_Final_control_all_lipids_BLUPs_part7_SAP_bialleles_MAF_0_05_2_assoc_txt",6106358,6.052901e-08,0.865003434552242,2,30
"PC(18:0_18:3)_mod_sub_Final_control_all_lipids_BLUPs.part11_SAP_bialleles_MAF_0.05_2.assoc.txt","PC_18_0_18_3_mod_sub_Final_control_all_lipids_BLUPs_part11_SAP_bialleles_MAF_0_05_2_assoc_txt",6106358,6.616296e-08,0.708622814608466,1,16
"TG(16:0_18:1_22:0)_mod_sub_Final_control_all_lipids_BLUPs.part5_SAP_bialleles_MAF_0.05_2.assoc.txt","TG_16_0_18_1_22_0_mod_sub_Final_control_all_lipids_BLUPs_part5_SAP_bialleles_MAF_0_05_2_assoc_txt",6106358,6.727352e-08,0.915961535702349,1,29
"Caryophyllene oxide_mod_sub_Final_control_all_lipids_BLUPs.part18_SAP_bialleles_MAF_0.05_2.assoc.txt","Caryophyllene_oxide_mod_sub_Final_control_all_lipids_BLUPs_part18_SAP_bialleles_MAF_0_05_2_assoc_txt",6106358,7.23117e-08,0.910745738857257,1,59
"SQDG(18:2_18:3)_mod_sub_Final_control_all_lipids_BLUPs.part11_SAP_bialleles_MAF_0.05_2.assoc.txt","SQDG_18_2_18_3_mod_sub_Final_control_all_lipids_BLUPs_part11_SAP_bialleles_MAF_0_05_2_assoc_txt",6106358,7.303223e-08,0.760037968091834,1,163
"TG(12:0_16:0_18:3)_mod_sub_Final_control_all_lipids_BLUPs.part5_SAP_bialleles_MAF_0.05_2.assoc.txt","TG_12_0_16_0_18_3_mod_sub_Final_control_all_lipids_BLUPs_part5_SAP_bialleles_MAF_0_05_2_assoc_txt",6106358,7.343339e-08,0.887988756880757,1,40
"TG(16:0_18:1_18:3)_mod_sub_Final_control_all_lipids_BLUPs.part1_SAP_bialleles_MAF_0.05_2.assoc.txt","TG_16_0_18_1_18_3_mod_sub_Final_control_all_lipids_BLUPs_part1_SAP_bialleles_MAF_0_05_2_assoc_txt",6106358,7.775049e-08,0.962203934103948,1,250
"TG(14:0_14:0_18:0)_mod_sub_Final_control_all_lipids_BLUPs.part12_SAP_bialleles_MAF_0.05_2.assoc.txt","TG_14_0_14_0_18_0_mod_sub_Final_control_all_lipids_BLUPs_part12_SAP_bialleles_MAF_0_05_2_assoc_txt",6106358,8.136141e-08,0.974740917050875,1,37
"DG(18:1_18:2)_mod_sub_Final_control_all_lipids_BLUPs.part25_SAP_bialleles_MAF_0.05_2.assoc.txt","DG_18_1_18_2_mod_sub_Final_control_all_lipids_BLUPs_part25_SAP_bialleles_MAF_0_05_2_assoc_txt",6106358,8.672983e-08,0.939878302164496,1,47
"DG(16:0_18:1)_mod_sub_Final_control_all_lipids_BLUPs.part18_SAP_bialleles_MAF_0.05_2.assoc.txt","DG_16_0_18_1_mod_sub_Final_control_all_lipids_BLUPs_part18_SAP_bialleles_MAF_0_05_2_assoc_txt",6106358,8.797354e-08,0.793506110406394,1,28
"PC(16:0_20:4)_mod_sub_Final_control_all_lipids_BLUPs.part3_SAP_bialleles_MAF_0.05_2.assoc.txt","PC_16_0_20_4_mod_sub_Final_control_all_lipids_BLUPs_part3_SAP_bialleles_MAF_0_05_2_assoc_txt",6106358,9.339132e-08,0.812342165891903,1,53
"LPE(16:0)_mod_sub_Final_control_all_lipids_BLUPs.part13_SAP_bialleles_MAF_0.05_2.assoc.txt","LPE_16_0_mod_sub_Final_control_all_lipids_BLUPs_part13_SAP_bialleles_MAF_0_05_2_assoc_txt",6106358,9.41903e-08,0.871783292121248,1,17
"PE(16:0_0:0)_mod_sub_Final_control_all_lipids_BLUPs.part6_SAP_bialleles_MAF_0.05_2.assoc.txt","PE_16_0_0_0_mod_sub_Final_control_all_lipids_BLUPs_part6_SAP_bialleles_MAF_0_05_2_assoc_txt",6106358,9.419052e-08,0.871783715219096,1,17
"PC(18:0_20:4)_mod_sub_Final_control_all_lipids_BLUPs.part14_SAP_bialleles_MAF_0.05_2.assoc.txt","PC_18_0_20_4_mod_sub_Final_control_all_lipids_BLUPs_part14_SAP_bialleles_MAF_0_05_2_assoc_txt",6106358,1.057362e-07,0.688934063445176,0,16
"DG(18:1_18:3)_mod_sub_Final_control_all_lipids_BLUPs.part1_SAP_bialleles_MAF_0.05_2.assoc.txt","DG_18_1_18_3_mod_sub_Final_control_all_lipids_BLUPs_part1_SAP_bialleles_MAF_0_05_2_assoc_txt",6106358,1.175641e-07,0.774987052094924,0,18
"CL(18:1)_mod_sub_Final_control_all_lipids_BLUPs.part9_SAP_bialleles_MAF_0.05_2.assoc.txt","CL_18_1_mod_sub_Final_control_all_lipids_BLUPs_part9_SAP_bialleles_MAF_0_05_2_assoc_txt",6106358,1.222392e-07,0.78830729900909,0,13
"DG(18:2_18:3)_mod_sub_Final_control_all_lipids_BLUPs.part4_SAP_bialleles_MAF_0.05_2.assoc.txt","DG_18_2_18_3_mod_sub_Final_control_all_lipids_BLUPs_part4_SAP_bialleles_MAF_0_05_2_assoc_txt",6106358,1.236899e-07,0.771845911311593,0,6
"MG(12:0)_mod_sub_Final_control_all_lipids_BLUPs.part13_SAP_bialleles_MAF_0.05_2.assoc.txt","MG_12_0_mod_sub_Final_control_all_lipids_BLUPs_part13_SAP_bialleles_MAF_0_05_2_assoc_txt",6106358,1.28796e-07,1.00313204685127,0,38
"AEG(o-18:4_18:2)_mod_sub_Final_control_all_lipids_BLUPs.part7_SAP_bialleles_MAF_0.05_2.assoc.txt","AEG_o-18_4_18_2_mod_sub_Final_control_all_lipids_BLUPs_part7_SAP_bialleles_MAF_0_05_2_assoc_txt",6106358,1.320981e-07,0.838797637685521,0,14
"alpha-Tocopherol_mod_sub_Final_control_all_lipids_BLUPs.part24_SAP_bialleles_MAF_0.05_2.assoc.txt","alpha-Tocopherol_mod_sub_Final_control_all_lipids_BLUPs_part24_SAP_bialleles_MAF_0_05_2_assoc_txt",6106358,1.378966e-07,0.750216041072453,0,18
"PC(18:1_24:1)_mod_sub_Final_control_all_lipids_BLUPs.part23_SAP_bialleles_MAF_0.05_2.assoc.txt","PC_18_1_24_1_mod_sub_Final_control_all_lipids_BLUPs_part23_SAP_bialleles_MAF_0_05_2_assoc_txt",6106358,1.440218e-07,0.797961513034563,0,41
"SQDG(18:1_18:3)_mod_sub_Final_control_all_lipids_BLUPs.part10_SAP_bialleles_MAF_0.05_2.assoc.txt","SQDG_18_1_18_3_mod_sub_Final_control_all_lipids_BLUPs_part10_SAP_bialleles_MAF_0_05_2_assoc_txt",6106358,1.447754e-07,0.818619907474698,0,56
"SM(d18:1_17:0)_mod_sub_Final_control_all_lipids_BLUPs.part9_SAP_bialleles_MAF_0.05_2.assoc.txt","SM_d18_1_17_0_mod_sub_Final_control_all_lipids_BLUPs_part9_SAP_bialleles_MAF_0_05_2_assoc_txt",6106358,1.463047e-07,0.989481605644442,0,32
"DGDG(18:2_18:3)_mod_sub_Final_control_all_lipids_BLUPs.part11_SAP_bialleles_MAF_0.05_2.assoc.txt","DGDG_18_2_18_3_mod_sub_Final_control_all_lipids_BLUPs_part11_SAP_bialleles_MAF_0_05_2_assoc_txt",6106358,1.593418e-07,0.762930190199216,0,93
"MG(18:0)_mod_sub_Final_control_all_lipids_BLUPs.part16_SAP_bialleles_MAF_0.05_2.assoc.txt","MG_18_0_mod_sub_Final_control_all_lipids_BLUPs_part16_SAP_bialleles_MAF_0_05_2_assoc_txt",6106358,1.832108e-07,0.993646485757929,0,42
"PC(16:0_18:1)_mod_sub_Final_control_all_lipids_BLUPs.part24_SAP_bialleles_MAF_0.05_2.assoc.txt","PC_16_0_18_1_mod_sub_Final_control_all_lipids_BLUPs_part24_SAP_bialleles_MAF_0_05_2_assoc_txt",6106358,2.025682e-07,0.949390462636227,0,8
"PC(18:1_24:0)_mod_sub_Final_control_all_lipids_BLUPs.part22_SAP_bialleles_MAF_0.05_2.assoc.txt","PC_18_1_24_0_mod_sub_Final_control_all_lipids_BLUPs_part22_SAP_bialleles_MAF_0_05_2_assoc_txt",6106358,2.131288e-07,0.836322707137328,0,69
"Cer(d18:2_20:1)_mod_sub_Final_control_all_lipids_BLUPs.part4_SAP_bialleles_MAF_0.05_2.assoc.txt","Cer_d18_2_20_1_mod_sub_Final_control_all_lipids_BLUPs_part4_SAP_bialleles_MAF_0_05_2_assoc_txt",6106358,2.488522e-07,0.907217650213771,0,22
"DG(16:0_2:0)_mod_sub_Final_control_all_lipids_BLUPs.part21_SAP_bialleles_MAF_0.05_2.assoc.txt","DG_16_0_2_0_mod_sub_Final_control_all_lipids_BLUPs_part21_SAP_bialleles_MAF_0_05_2_assoc_txt",6106358,2.642571e-07,0.875329647853297,0,39
"DG(18:0_18:0)_mod_sub_Final_control_all_lipids_BLUPs.part23_SAP_bialleles_MAF_0.05_2.assoc.txt","DG_18_0_18_0_mod_sub_Final_control_all_lipids_BLUPs_part23_SAP_bialleles_MAF_0_05_2_assoc_txt",6106358,2.909574e-07,0.99482772912405,0,21
"Apocarotenal_mod_sub_Final_control_all_lipids_BLUPs.part21_SAP_bialleles_MAF_0.05_2.assoc.txt","Apocarotenal_mod_sub_Final_control_all_lipids_BLUPs_part21_SAP_bialleles_MAF_0_05_2_assoc_txt",6106358,3.528308e-07,0.698250518241266,0,21
"PS(18:0_20:4)_mod_sub_Final_control_all_lipids_BLUPs.part23_SAP_bialleles_MAF_0.05_2.assoc.txt","PS_18_0_20_4_mod_sub_Final_control_all_lipids_BLUPs_part23_SAP_bialleles_MAF_0_05_2_assoc_txt",6106358,3.646876e-07,0.74246281132083,0,13
"SQDG(16:0_18:1)_mod_sub_Final_control_all_lipids_BLUPs.part5_SAP_bialleles_MAF_0.05_2.assoc.txt","SQDG_16_0_18_1_mod_sub_Final_control_all_lipids_BLUPs_part5_SAP_bialleles_MAF_0_05_2_assoc_txt",6106358,3.702292e-07,0.939957053325156,0,44
"SQDG(18:3_18:3)_mod_sub_Final_control_all_lipids_BLUPs.part12_SAP_bialleles_MAF_0.05_2.assoc.txt","SQDG_18_3_18_3_mod_sub_Final_control_all_lipids_BLUPs_part12_SAP_bialleles_MAF_0_05_2_assoc_txt",6106358,3.94278e-07,0.805001357635803,0,7
"LPC(18:3)_mod_sub_Final_control_all_lipids_BLUPs.part12_SAP_bialleles_MAF_0.05_2.assoc.txt","LPC_18_3_mod_sub_Final_control_all_lipids_BLUPs_part12_SAP_bialleles_MAF_0_05_2_assoc_txt",6106358,3.978665e-07,1.10431696236071,0,69
"PC(18:3_0:0)_mod_sub_Final_control_all_lipids_BLUPs.part1_SAP_bialleles_MAF_0.05_2.assoc.txt","PC_18_3_0_0_mod_sub_Final_control_all_lipids_BLUPs_part1_SAP_bialleles_MAF_0_05_2_assoc_txt",6106358,3.978672e-07,1.10431646030169,0,69
"PC(16:0_20:3)_mod_sub_Final_control_all_lipids_BLUPs.part2_SAP_bialleles_MAF_0.05_2.assoc.txt","PC_16_0_20_3_mod_sub_Final_control_all_lipids_BLUPs_part2_SAP_bialleles_MAF_0_05_2_assoc_txt",6106358,3.980295e-07,0.833064194524127,0,31
"PC(16:0_18:2)_mod_sub_Final_control_all_lipids_BLUPs.part25_SAP_bialleles_MAF_0.05_2.assoc.txt","PC_16_0_18_2_mod_sub_Final_control_all_lipids_BLUPs_part25_SAP_bialleles_MAF_0_05_2_assoc_txt",6106358,4.03412e-07,0.803178164395884,0,8
"DG(18:3_18:3)_mod_sub_Final_control_all_lipids_BLUPs.part5_SAP_bialleles_MAF_0.05_2.assoc.txt","DG_18_3_18_3_mod_sub_Final_control_all_lipids_BLUPs_part5_SAP_bialleles_MAF_0_05_2_assoc_txt",6106358,4.140478e-07,0.821519850193282,0,2
"DGDG(18:0_18:2)_mod_sub_Final_control_all_lipids_BLUPs.part9_SAP_bialleles_MAF_0.05_2.assoc.txt","DGDG_18_0_18_2_mod_sub_Final_control_all_lipids_BLUPs_part9_SAP_bialleles_MAF_0_05_2_assoc_txt",6106358,4.238941e-07,0.83074313418734,0,26
"SQDG(16:0_18:0)_mod_sub_Final_control_all_lipids_BLUPs.part4_SAP_bialleles_MAF_0.05_2.assoc.txt","SQDG_16_0_18_0_mod_sub_Final_control_all_lipids_BLUPs_part4_SAP_bialleles_MAF_0_05_2_assoc_txt",6106358,4.24352e-07,0.89640087754906,0,8
"DG(16:0_18:3)_mod_sub_Final_control_all_lipids_BLUPs.part20_SAP_bialleles_MAF_0.05_2.assoc.txt","DG_16_0_18_3_mod_sub_Final_control_all_lipids_BLUPs_part20_SAP_bialleles_MAF_0_05_2_assoc_txt",6106358,4.259366e-07,0.801972723895894,0,10
"PC(14:0_20:4)_mod_sub_Final_control_all_lipids_BLUPs.part19_SAP_bialleles_MAF_0.05_2.assoc.txt","PC_14_0_20_4_mod_sub_Final_control_all_lipids_BLUPs_part19_SAP_bialleles_MAF_0_05_2_assoc_txt",6106358,4.274976e-07,0.784391346919499,0,21
"MG(18:2)_mod_sub_Final_control_all_lipids_BLUPs.part18_SAP_bialleles_MAF_0.05_2.assoc.txt","MG_18_2_mod_sub_Final_control_all_lipids_BLUPs_part18_SAP_bialleles_MAF_0_05_2_assoc_txt",6106358,4.641889e-07,1.10523476192564,0,46
"TG(18:2_18:2_20:2)_mod_sub_Final_control_all_lipids_BLUPs.part25_SAP_bialleles_MAF_0.05_2.assoc.txt","TG_18_2_18_2_20_2_mod_sub_Final_control_all_lipids_BLUPs_part25_SAP_bialleles_MAF_0_05_2_assoc_txt",6106358,4.644937e-07,0.960267206449648,0,56
"PE(16:0_18:1)_mod_sub_Final_control_all_lipids_BLUPs.part8_SAP_bialleles_MAF_0.05_2.assoc.txt","PE_16_0_18_1_mod_sub_Final_control_all_lipids_BLUPs_part8_SAP_bialleles_MAF_0_05_2_assoc_txt",6106358,4.820955e-07,0.708866349353099,0,19
"Cer(24:1)_mod_sub_Final_control_all_lipids_BLUPs.part3_SAP_bialleles_MAF_0.05_2.assoc.txt","Cer_24_1_mod_sub_Final_control_all_lipids_BLUPs_part3_SAP_bialleles_MAF_0_05_2_assoc_txt",6106358,5.119296e-07,0.873202109931436,0,31
"PE(14:0_22:6)_mod_sub_Final_control_all_lipids_BLUPs.part5_SAP_bialleles_MAF_0.05_2.assoc.txt","PE_14_0_22_6_mod_sub_Final_control_all_lipids_BLUPs_part5_SAP_bialleles_MAF_0_05_2_assoc_txt",6106358,5.138352e-07,0.65343795429405,0,12
"AEG(o-16:3_16:0)_mod_sub_Final_control_all_lipids_BLUPs.part4_SAP_bialleles_MAF_0.05_2.assoc.txt","AEG_o-16_3_16_0_mod_sub_Final_control_all_lipids_BLUPs_part4_SAP_bialleles_MAF_0_05_2_assoc_txt",6106358,5.266658e-07,0.872742188198478,0,8
"DG(16:0_16:0)_mod_sub_Final_control_all_lipids_BLUPs.part16_SAP_bialleles_MAF_0.05_2.assoc.txt","DG_16_0_16_0_mod_sub_Final_control_all_lipids_BLUPs_part16_SAP_bialleles_MAF_0_05_2_assoc_txt",6106358,5.298355e-07,1.12070374716694,0,24
"Lutein_mod_sub_Final_control_all_lipids_BLUPs.part25_SAP_bialleles_MAF_0.05_2.assoc.txt","Lutein_mod_sub_Final_control_all_lipids_BLUPs_part25_SAP_bialleles_MAF_0_05_2_assoc_txt",6106358,6.62593e-07,1.00004362357691,0,11
"Zeaxanthin_mod_sub_Final_control_all_lipids_BLUPs.part1_SAP_bialleles_MAF_0.05_2.assoc.txt","Zeaxanthin_mod_sub_Final_control_all_lipids_BLUPs_part1_SAP_bialleles_MAF_0_05_2_assoc_txt",6106358,6.625957e-07,1.00004315700711,0,11
"Ubidecarenone_mod_sub_Final_control_all_lipids_BLUPs.part25_SAP_bialleles_MAF_0.05_2.assoc.txt","Ubidecarenone_mod_sub_Final_control_all_lipids_BLUPs_part25_SAP_bialleles_MAF_0_05_2_assoc_txt",6106358,6.710358e-07,0.934971133861219,0,24
"DG(18:2_18:2)_mod_sub_Final_control_all_lipids_BLUPs.part3_SAP_bialleles_MAF_0.05_2.assoc.txt","DG_18_2_18_2_mod_sub_Final_control_all_lipids_BLUPs_part3_SAP_bialleles_MAF_0_05_2_assoc_txt",6106358,6.801633e-07,0.759875259521343,0,20
"PC(16:0_18:0)_mod_sub_Final_control_all_lipids_BLUPs.part23_SAP_bialleles_MAF_0.05_2.assoc.txt","PC_16_0_18_0_mod_sub_Final_control_all_lipids_BLUPs_part23_SAP_bialleles_MAF_0_05_2_assoc_txt",6106358,6.921138e-07,0.802151274089386,0,8
"TG(12:0_18:2_18:3)_mod_sub_Final_control_all_lipids_BLUPs.part9_SAP_bialleles_MAF_0.05_2.assoc.txt","TG_12_0_18_2_18_3_mod_sub_Final_control_all_lipids_BLUPs_part9_SAP_bialleles_MAF_0_05_2_assoc_txt",6106358,7.192887e-07,0.669966837291376,0,52
"MG(18:3)_mod_sub_Final_control_all_lipids_BLUPs.part19_SAP_bialleles_MAF_0.05_2.assoc.txt","MG_18_3_mod_sub_Final_control_all_lipids_BLUPs_part19_SAP_bialleles_MAF_0_05_2_assoc_txt",6106358,7.375144e-07,0.944924972434945,0,5
"PC(18:0_20:2)_mod_sub_Final_control_all_lipids_BLUPs.part12_SAP_bialleles_MAF_0.05_2.assoc.txt","PC_18_0_20_2_mod_sub_Final_control_all_lipids_BLUPs_part12_SAP_bialleles_MAF_0_05_2_assoc_txt",6106358,7.690936e-07,0.72045516954902,0,15
"PC(16:0_22:6)_mod_sub_Final_control_all_lipids_BLUPs.part6_SAP_bialleles_MAF_0.05_2.assoc.txt","PC_16_0_22_6_mod_sub_Final_control_all_lipids_BLUPs_part6_SAP_bialleles_MAF_0_05_2_assoc_txt",6106358,7.995976e-07,0.696638324215089,0,5
"PC(18:1_16:0)_mod_sub_Final_control_all_lipids_BLUPs.part16_SAP_bialleles_MAF_0.05_2.assoc.txt","PC_18_1_16_0_mod_sub_Final_control_all_lipids_BLUPs_part16_SAP_bialleles_MAF_0_05_2_assoc_txt",6106358,8.213234e-07,0.949739686387654,0,6
"TG(14:0_18:1_18:2)_mod_sub_Final_control_all_lipids_BLUPs.part15_SAP_bialleles_MAF_0.05_2.assoc.txt","TG_14_0_18_1_18_2_mod_sub_Final_control_all_lipids_BLUPs_part15_SAP_bialleles_MAF_0_05_2_assoc_txt",6106358,8.957754e-07,0.824565649070528,0,20
"PC(18:0_18:1)_mod_sub_Final_control_all_lipids_BLUPs.part9_SAP_bialleles_MAF_0.05_2.assoc.txt","PC_18_0_18_1_mod_sub_Final_control_all_lipids_BLUPs_part9_SAP_bialleles_MAF_0_05_2_assoc_txt",6106358,9.486763e-07,0.859101483213104,0,12
"PE(16:0_18:2)_mod_sub_Final_control_all_lipids_BLUPs.part9_SAP_bialleles_MAF_0.05_2.assoc.txt","PE_16_0_18_2_mod_sub_Final_control_all_lipids_BLUPs_part9_SAP_bialleles_MAF_0_05_2_assoc_txt",6106358,9.5998e-07,0.740353960758971,0,7
"PC(18:1_14:0)_mod_sub_Final_control_all_lipids_BLUPs.part15_SAP_bialleles_MAF_0.05_2.assoc.txt","PC_18_1_14_0_mod_sub_Final_control_all_lipids_BLUPs_part15_SAP_bialleles_MAF_0_05_2_assoc_txt",6106358,1.00742e-06,0.960495351065683,0,16
"DG(16:0_18:2)_mod_sub_Final_control_all_lipids_BLUPs.part19_SAP_bialleles_MAF_0.05_2.assoc.txt","DG_16_0_18_2_mod_sub_Final_control_all_lipids_BLUPs_part19_SAP_bialleles_MAF_0_05_2_assoc_txt",6106358,1.064352e-06,0.900914808938511,0,14
"MGDG(18:2_18:2)_mod_sub_Final_control_all_lipids_BLUPs.part23_SAP_bialleles_MAF_0.05_2.assoc.txt","MGDG_18_2_18_2_mod_sub_Final_control_all_lipids_BLUPs_part23_SAP_bialleles_MAF_0_05_2_assoc_txt",6106358,1.099767e-06,0.736157888326566,0,38
"PC(18:0_20:3)_mod_sub_Final_control_all_lipids_BLUPs.part13_SAP_bialleles_MAF_0.05_2.assoc.txt","PC_18_0_20_3_mod_sub_Final_control_all_lipids_BLUPs_part13_SAP_bialleles_MAF_0_05_2_assoc_txt",6106358,1.140977e-06,0.798890924194582,0,15
"PG(16:0_18:1)_mod_sub_Final_control_all_lipids_BLUPs.part20_SAP_bialleles_MAF_0.05_2.assoc.txt","PG_16_0_18_1_mod_sub_Final_control_all_lipids_BLUPs_part20_SAP_bialleles_MAF_0_05_2_assoc_txt",6106358,1.143015e-06,0.763268677418439,0,7
"DG(16:1_18:3)_mod_sub_Final_control_all_lipids_BLUPs.part22_SAP_bialleles_MAF_0.05_2.assoc.txt","DG_16_1_18_3_mod_sub_Final_control_all_lipids_BLUPs_part22_SAP_bialleles_MAF_0_05_2_assoc_txt",6106358,1.15094e-06,0.870201697579085,0,25
"PE(18:2_18:3)_mod_sub_Final_control_all_lipids_BLUPs.part17_SAP_bialleles_MAF_0.05_2.assoc.txt","PE_18_2_18_3_mod_sub_Final_control_all_lipids_BLUPs_part17_SAP_bialleles_MAF_0_05_2_assoc_txt",6106358,1.188381e-06,0.6207994218548,0,2
"PE(16:0_20:5)_mod_sub_Final_control_all_lipids_BLUPs.part12_SAP_bialleles_MAF_0.05_2.assoc.txt","PE_16_0_20_5_mod_sub_Final_control_all_lipids_BLUPs_part12_SAP_bialleles_MAF_0_05_2_assoc_txt",6106358,1.221812e-06,0.614253726299981,0,2
"GalCer(d18:2_20:1)_mod_sub_Final_control_all_lipids_BLUPs.part6_SAP_bialleles_MAF_0.05_2.assoc.txt","GalCer_d18_2_20_1_mod_sub_Final_control_all_lipids_BLUPs_part6_SAP_bialleles_MAF_0_05_2_assoc_txt",6106358,1.29579e-06,0.796440965295629,0,4
"8(9)-Epoxy-5Z,11Z,14Z-eicosatrienoic acid, methyl ester_mod_sub_Final_control_all_lipids_BLUPs.part10_SAP_bialleles_MAF_0.05_2.assoc.txt","8_9_-Epoxy-5Z_11Z_14Z-eicosatrienoic_acid_methyl_ester_mod_sub_Final_control_all_lipids_BLUPs_part10_SAP_bialleles_MAF_0_05_2_assoc_txt",6106358,1.30595e-06,0.883562977599292,0,4
"MGDG(18:2_18:3)_mod_sub_Final_control_all_lipids_BLUPs.part24_SAP_bialleles_MAF_0.05_2.assoc.txt","MGDG_18_2_18_3_mod_sub_Final_control_all_lipids_BLUPs_part24_SAP_bialleles_MAF_0_05_2_assoc_txt",6106358,1.340446e-06,0.739937211060216,0,8
"SQDG(16:0_16:0)_mod_sub_Final_control_all_lipids_BLUPs.part3_SAP_bialleles_MAF_0.05_2.assoc.txt","SQDG_16_0_16_0_mod_sub_Final_control_all_lipids_BLUPs_part3_SAP_bialleles_MAF_0_05_2_assoc_txt",6106358,1.34048e-06,0.804702867384241,0,8
"PE(18:2_18:2)_mod_sub_Final_control_all_lipids_BLUPs.part16_SAP_bialleles_MAF_0.05_2.assoc.txt","PE_18_2_18_2_mod_sub_Final_control_all_lipids_BLUPs_part16_SAP_bialleles_MAF_0_05_2_assoc_txt",6106358,1.370535e-06,0.731124975832888,0,18
"MG(16:0)_mod_sub_Final_control_all_lipids_BLUPs.part14_SAP_bialleles_MAF_0.05_2.assoc.txt","MG_16_0_mod_sub_Final_control_all_lipids_BLUPs_part14_SAP_bialleles_MAF_0_05_2_assoc_txt",6106358,1.442243e-06,0.945539829294256,0,10
"MGDG(16:0_18:3)_mod_sub_Final_control_all_lipids_BLUPs.part22_SAP_bialleles_MAF_0.05_2.assoc.txt","MGDG_16_0_18_3_mod_sub_Final_control_all_lipids_BLUPs_part22_SAP_bialleles_MAF_0_05_2_assoc_txt",6106358,1.46365e-06,0.78226955088558,0,6
"PE(16:0_20:4)_mod_sub_Final_control_all_lipids_BLUPs.part11_SAP_bialleles_MAF_0.05_2.assoc.txt","PE_16_0_20_4_mod_sub_Final_control_all_lipids_BLUPs_part11_SAP_bialleles_MAF_0_05_2_assoc_txt",6106358,1.507544e-06,0.682765523311884,0,7
"14(15)-Epoxy-5Z,8Z,11Z-eicosatrienoic acid, methyl ester_mod_sub_Final_control_all_lipids_BLUPs.part9_SAP_bialleles_MAF_0.05_2.assoc.txt","14_15_-Epoxy-5Z_8Z_11Z-eicosatrienoic_acid_methyl_ester_mod_sub_Final_control_all_lipids_BLUPs_part9_SAP_bialleles_MAF_0_05_2_assoc_txt",6106358,1.541413e-06,0.928256994060995,0,4
"Ubiquinone 9_mod_sub_Final_control_all_lipids_BLUPs.part1_SAP_bialleles_MAF_0.05_2.assoc.txt","Ubiquinone_9_mod_sub_Final_control_all_lipids_BLUPs_part1_SAP_bialleles_MAF_0_05_2_assoc_txt",6106358,1.65953e-06,0.897114677849749,0,8
"AEG(o-16:2_16:0)_mod_sub_Final_control_all_lipids_BLUPs.part2_SAP_bialleles_MAF_0.05_2.assoc.txt","AEG_o-16_2_16_0_mod_sub_Final_control_all_lipids_BLUPs_part2_SAP_bialleles_MAF_0_05_2_assoc_txt",6106358,1.679722e-06,0.842523542879767,0,6
"PE(16:0_18:3)_mod_sub_Final_control_all_lipids_BLUPs.part10_SAP_bialleles_MAF_0.05_2.assoc.txt","PE_16_0_18_3_mod_sub_Final_control_all_lipids_BLUPs_part10_SAP_bialleles_MAF_0_05_2_assoc_txt",6106358,1.719426e-06,0.630360888026614,0,4
"PG(16:0_16:0)_mod_sub_Final_control_all_lipids_BLUPs.part19_SAP_bialleles_MAF_0.05_2.assoc.txt","PG_16_0_16_0_mod_sub_Final_control_all_lipids_BLUPs_part19_SAP_bialleles_MAF_0_05_2_assoc_txt",6106358,1.804221e-06,0.791675766771406,0,7
"PS(18:0_18:2)_mod_sub_Final_control_all_lipids_BLUPs.part22_SAP_bialleles_MAF_0.05_2.assoc.txt","PS_18_0_18_2_mod_sub_Final_control_all_lipids_BLUPs_part22_SAP_bialleles_MAF_0_05_2_assoc_txt",6106358,1.91852e-06,0.708287103097601,0,6
"AEG(o-16:2_18:2)_mod_sub_Final_control_all_lipids_BLUPs.part3_SAP_bialleles_MAF_0.05_2.assoc.txt","AEG_o-16_2_18_2_mod_sub_Final_control_all_lipids_BLUPs_part3_SAP_bialleles_MAF_0_05_2_assoc_txt",6106358,2.129146e-06,0.781336064685904,0,9
"beta-Carotene_mod_sub_Final_control_all_lipids_BLUPs.part22_SAP_bialleles_MAF_0.05_2.assoc.txt","beta-Carotene_mod_sub_Final_control_all_lipids_BLUPs_part22_SAP_bialleles_MAF_0_05_2_assoc_txt",6106358,2.353007e-06,0.917359501801929,0,6
"alpha-Carotene_mod_sub_Final_control_all_lipids_BLUPs.part19_SAP_bialleles_MAF_0.05_2.assoc.txt","alpha-Carotene_mod_sub_Final_control_all_lipids_BLUPs_part19_SAP_bialleles_MAF_0_05_2_assoc_txt",6106358,2.37496e-06,0.919886417177732,0,7
"GalCer(d18:2_22:1)_mod_sub_Final_control_all_lipids_BLUPs.part7_SAP_bialleles_MAF_0.05_2.assoc.txt","GalCer_d18_2_22_1_mod_sub_Final_control_all_lipids_BLUPs_part7_SAP_bialleles_MAF_0_05_2_assoc_txt",6106358,2.409547e-06,0.870758124259828,0,9
"SQDG(16:0_18:3)_mod_sub_Final_control_all_lipids_BLUPs.part7_SAP_bialleles_MAF_0.05_2.assoc.txt","SQDG_16_0_18_3_mod_sub_Final_control_all_lipids_BLUPs_part7_SAP_bialleles_MAF_0_05_2_assoc_txt",6106358,2.489956e-06,0.768168435681417,0,3
"DGDG(18:2_18:4)_mod_sub_Final_control_all_lipids_BLUPs.part12_SAP_bialleles_MAF_0.05_2.assoc.txt","DGDG_18_2_18_4_mod_sub_Final_control_all_lipids_BLUPs_part12_SAP_bialleles_MAF_0_05_2_assoc_txt",6106358,2.572402e-06,0.733396545075369,0,4
"AEG(o-18:3_16:1)_mod_sub_Final_control_all_lipids_BLUPs.part5_SAP_bialleles_MAF_0.05_2.assoc.txt","AEG_o-18_3_16_1_mod_sub_Final_control_all_lipids_BLUPs_part5_SAP_bialleles_MAF_0_05_2_assoc_txt",6106358,2.834918e-06,0.8944453725887,0,9
"PC(14:0_22:6)_mod_sub_Final_control_all_lipids_BLUPs.part21_SAP_bialleles_MAF_0.05_2.assoc.txt","PC_14_0_22_6_mod_sub_Final_control_all_lipids_BLUPs_part21_SAP_bialleles_MAF_0_05_2_assoc_txt",6106358,3.031772e-06,0.621408132999549,0,6
"TG(16:0_16:0_16:0)_mod_sub_Final_control_all_lipids_BLUPs.part19_SAP_bialleles_MAF_0.05_2.assoc.txt","TG_16_0_16_0_16_0_mod_sub_Final_control_all_lipids_BLUPs_part19_SAP_bialleles_MAF_0_05_2_assoc_txt",6106358,3.071691e-06,0.799788979797128,0,1
"AEG(o-18:4_16:1)_mod_sub_Final_control_all_lipids_BLUPs.part6_SAP_bialleles_MAF_0.05_2.assoc.txt","AEG_o-18_4_16_1_mod_sub_Final_control_all_lipids_BLUPs_part6_SAP_bialleles_MAF_0_05_2_assoc_txt",6106358,3.263205e-06,0.843322477445315,0,4
"PE(18:3_18:3)_mod_sub_Final_control_all_lipids_BLUPs.part18_SAP_bialleles_MAF_0.05_2.assoc.txt","PE_18_3_18_3_mod_sub_Final_control_all_lipids_BLUPs_part18_SAP_bialleles_MAF_0_05_2_assoc_txt",6106358,3.512946e-06,0.846635388175263,0,2
"PC(16:1_18:2)_mod_sub_Final_control_all_lipids_BLUPs.part8_SAP_bialleles_MAF_0.05_2.assoc.txt","PC_16_1_18_2_mod_sub_Final_control_all_lipids_BLUPs_part8_SAP_bialleles_MAF_0_05_2_assoc_txt",6106358,4.168511e-06,0.804537739275029,0,9
"GalCer(d18:2_18:1)_mod_sub_Final_control_all_lipids_BLUPs.part5_SAP_bialleles_MAF_0.05_2.assoc.txt","GalCer_d18_2_18_1_mod_sub_Final_control_all_lipids_BLUPs_part5_SAP_bialleles_MAF_0_05_2_assoc_txt",6106358,4.45253e-06,0.82602308219884,0,3
"SQDG(18:0_18:3)_mod_sub_Final_control_all_lipids_BLUPs.part9_SAP_bialleles_MAF_0.05_2.assoc.txt","SQDG_18_0_18_3_mod_sub_Final_control_all_lipids_BLUPs_part9_SAP_bialleles_MAF_0_05_2_assoc_txt",6106358,5.731379e-06,0.741649477106057,0,5
"PC(16:0_20:5)_mod_sub_Final_control_all_lipids_BLUPs.part4_SAP_bialleles_MAF_0.05_2.assoc.txt","PC_16_0_20_5_mod_sub_Final_control_all_lipids_BLUPs_part4_SAP_bialleles_MAF_0_05_2_assoc_txt",6106358,5.977429e-06,0.807304935094858,0,2
"DGDG(18:0_18:3)_mod_sub_Final_control_all_lipids_BLUPs.part10_SAP_bialleles_MAF_0.05_2.assoc.txt","DGDG_18_0_18_3_mod_sub_Final_control_all_lipids_BLUPs_part10_SAP_bialleles_MAF_0_05_2_assoc_txt",6106358,6.692114e-06,0.697650273419541,0,2
"Vitamin K1_mod_sub_Final_control_all_lipids_BLUPs.part2_SAP_bialleles_MAF_0.05_2.assoc.txt","Vitamin_K1_mod_sub_Final_control_all_lipids_BLUPs_part2_SAP_bialleles_MAF_0_05_2_assoc_txt",6106358,8.033405e-06,0.876066024128785,0,3
"DGDG(16:0_18:3)_mod_sub_Final_control_all_lipids_BLUPs.part8_SAP_bialleles_MAF_0.05_2.assoc.txt","DGDG_16_0_18_3_mod_sub_Final_control_all_lipids_BLUPs_part8_SAP_bialleles_MAF_0_05_2_assoc_txt",6106358,9.213472e-06,0.762946214409677,0,1
